series,indicator_en,indicator_zh,kind,year,value,unit,scope,source_id,source_name,locator,link,evidence,note
capacity_biomass,Capacity: Biomass,裝置容量：生質能,history,2005,0.0895,GW,Taiwan (national),moeaea_capacity_annual,"Energy Administration, 發電裝置容量年資料 (annual capacity)",column 再生能源_生質能_全國(統計數值),https://data.gov.tw/dataset/16480,downloaded,
capacity_biomass,Capacity: Biomass,裝置容量：生質能,history,2006,0.0881,GW,Taiwan (national),moeaea_capacity_annual,"Energy Administration, 發電裝置容量年資料 (annual capacity)",column 再生能源_生質能_全國(統計數值),https://data.gov.tw/dataset/16480,downloaded,
capacity_biomass,Capacity: Biomass,裝置容量：生質能,history,2007,0.0868,GW,Taiwan (national),moeaea_capacity_annual,"Energy Administration, 發電裝置容量年資料 (annual capacity)",column 再生能源_生質能_全國(統計數值),https://data.gov.tw/dataset/16480,downloaded,
capacity_biomass,Capacity: Biomass,裝置容量：生質能,history,2008,0.0868,GW,Taiwan (national),moeaea_capacity_annual,"Energy Administration, 發電裝置容量年資料 (annual capacity)",column 再生能源_生質能_全國(統計數值),https://data.gov.tw/dataset/16480,downloaded,
capacity_biomass,Capacity: Biomass,裝置容量：生質能,history,2009,0.0868,GW,Taiwan (national),moeaea_capacity_annual,"Energy Administration, 發電裝置容量年資料 (annual capacity)",column 再生能源_生質能_全國(統計數值),https://data.gov.tw/dataset/16480,downloaded,
capacity_biomass,Capacity: Biomass,裝置容量：生質能,history,2010,0.0868,GW,Taiwan (national),moeaea_capacity_annual,"Energy Administration, 發電裝置容量年資料 (annual capacity)",column 再生能源_生質能_全國(統計數值),https://data.gov.tw/dataset/16480,downloaded,
capacity_biomass,Capacity: Biomass,裝置容量：生質能,history,2011,0.0813,GW,Taiwan (national),moeaea_capacity_annual,"Energy Administration, 發電裝置容量年資料 (annual capacity)",column 再生能源_生質能_全國(統計數值),https://data.gov.tw/dataset/16480,downloaded,
capacity_biomass,Capacity: Biomass,裝置容量：生質能,history,2012,0.0813,GW,Taiwan (national),moeaea_capacity_annual,"Energy Administration, 發電裝置容量年資料 (annual capacity)",column 再生能源_生質能_全國(統計數值),https://data.gov.tw/dataset/16480,downloaded,
capacity_biomass,Capacity: Biomass,裝置容量：生質能,history,2013,0.0813,GW,Taiwan (national),moeaea_capacity_annual,"Energy Administration, 發電裝置容量年資料 (annual capacity)",column 再生能源_生質能_全國(統計數值),https://data.gov.tw/dataset/16480,downloaded,
capacity_biomass,Capacity: Biomass,裝置容量：生質能,history,2014,0.0813,GW,Taiwan (national),moeaea_capacity_annual,"Energy Administration, 發電裝置容量年資料 (annual capacity)",column 再生能源_生質能_全國(統計數值),https://data.gov.tw/dataset/16480,downloaded,
capacity_biomass,Capacity: Biomass,裝置容量：生質能,history,2015,0.08,GW,Taiwan (national),moeaea_capacity_annual,"Energy Administration, 發電裝置容量年資料 (annual capacity)",column 再生能源_生質能_全國(統計數值),https://data.gov.tw/dataset/16480,downloaded,
capacity_biomass,Capacity: Biomass,裝置容量：生質能,history,2016,0.08,GW,Taiwan (national),moeaea_capacity_annual,"Energy Administration, 發電裝置容量年資料 (annual capacity)",column 再生能源_生質能_全國(統計數值),https://data.gov.tw/dataset/16480,downloaded,
capacity_biomass,Capacity: Biomass,裝置容量：生質能,history,2017,0.08,GW,Taiwan (national),moeaea_capacity_annual,"Energy Administration, 發電裝置容量年資料 (annual capacity)",column 再生能源_生質能_全國(統計數值),https://data.gov.tw/dataset/16480,downloaded,
capacity_biomass,Capacity: Biomass,裝置容量：生質能,history,2018,0.0806,GW,Taiwan (national),moeaea_capacity_annual,"Energy Administration, 發電裝置容量年資料 (annual capacity)",column 再生能源_生質能_全國(統計數值),https://data.gov.tw/dataset/16480,downloaded,
capacity_biomass,Capacity: Biomass,裝置容量：生質能,history,2019,0.079,GW,Taiwan (national),moeaea_capacity_annual,"Energy Administration, 發電裝置容量年資料 (annual capacity)",column 再生能源_生質能_全國(統計數值),https://data.gov.tw/dataset/16480,downloaded,
capacity_biomass,Capacity: Biomass,裝置容量：生質能,history,2020,0.0862,GW,Taiwan (national),moeaea_capacity_annual,"Energy Administration, 發電裝置容量年資料 (annual capacity)",column 再生能源_生質能_全國(統計數值),https://data.gov.tw/dataset/16480,downloaded,
capacity_biomass,Capacity: Biomass,裝置容量：生質能,history,2021,0.0852,GW,Taiwan (national),moeaea_capacity_annual,"Energy Administration, 發電裝置容量年資料 (annual capacity)",column 再生能源_生質能_全國(統計數值),https://data.gov.tw/dataset/16480,downloaded,
capacity_biomass,Capacity: Biomass,裝置容量：生質能,history,2022,0.0917,GW,Taiwan (national),moeaea_capacity_annual,"Energy Administration, 發電裝置容量年資料 (annual capacity)",column 再生能源_生質能_全國(統計數值),https://data.gov.tw/dataset/16480,downloaded,
capacity_biomass,Capacity: Biomass,裝置容量：生質能,history,2023,0.0828,GW,Taiwan (national),moeaea_capacity_annual,"Energy Administration, 發電裝置容量年資料 (annual capacity)",column 再生能源_生質能_全國(統計數值),https://data.gov.tw/dataset/16480,downloaded,
capacity_biomass,Capacity: Biomass,裝置容量：生質能,history,2024,0.0838,GW,Taiwan (national),moeaea_capacity_annual,"Energy Administration, 發電裝置容量年資料 (annual capacity)",column 再生能源_生質能_全國(統計數值),https://data.gov.tw/dataset/16480,downloaded,
capacity_biomass,Capacity: Biomass,裝置容量：生質能,history,2025,0.0844,GW,Taiwan (national),moeaea_capacity_annual,"Energy Administration, 發電裝置容量年資料 (annual capacity)",column 再生能源_生質能_全國(統計數值),https://data.gov.tw/dataset/16480,downloaded,
capacity_biomass_waste,Biomass and waste capacity,生質能及廢棄物裝置容量,target,2030,0.81,GW,Taiwan (national),moea_psd_fy2024,"MOEA, supply-demand report 113年度 (FY2024)","Table 3-1, p. 19 (PDF p. 23)",https://data.gov.tw/dataset/16437,downloaded,2024 actual 0.751 GW
capacity_biomass_waste,Biomass and waste capacity,生質能及廢棄物裝置容量,target,2032,0.84,GW,Taiwan (national),moea_psd_fy2024,"MOEA, supply-demand report 113年度 (FY2024)","Table 3-1, p. 19 (PDF p. 23)",https://data.gov.tw/dataset/16437,downloaded,
capacity_coal,Capacity: Coal,裝置容量：燃煤,history,2005,17.0281,GW,Taiwan (national),moeaea_capacity_annual,"Energy Administration, 發電裝置容量年資料 (annual capacity)",column 火力_燃煤_全國(統計數值),https://data.gov.tw/dataset/16480,downloaded,
capacity_coal,Capacity: Coal,裝置容量：燃煤,history,2006,18.232,GW,Taiwan (national),moeaea_capacity_annual,"Energy Administration, 發電裝置容量年資料 (annual capacity)",column 火力_燃煤_全國(統計數值),https://data.gov.tw/dataset/16480,downloaded,
capacity_coal,Capacity: Coal,裝置容量：燃煤,history,2007,17.9035,GW,Taiwan (national),moeaea_capacity_annual,"Energy Administration, 發電裝置容量年資料 (annual capacity)",column 火力_燃煤_全國(統計數值),https://data.gov.tw/dataset/16480,downloaded,
capacity_coal,Capacity: Coal,裝置容量：燃煤,history,2008,17.8461,GW,Taiwan (national),moeaea_capacity_annual,"Energy Administration, 發電裝置容量年資料 (annual capacity)",column 火力_燃煤_全國(統計數值),https://data.gov.tw/dataset/16480,downloaded,
capacity_coal,Capacity: Coal,裝置容量：燃煤,history,2009,17.8981,GW,Taiwan (national),moeaea_capacity_annual,"Energy Administration, 發電裝置容量年資料 (annual capacity)",column 火力_燃煤_全國(統計數值),https://data.gov.tw/dataset/16480,downloaded,
capacity_coal,Capacity: Coal,裝置容量：燃煤,history,2010,17.9886,GW,Taiwan (national),moeaea_capacity_annual,"Energy Administration, 發電裝置容量年資料 (annual capacity)",column 火力_燃煤_全國(統計數值),https://data.gov.tw/dataset/16480,downloaded,
capacity_coal,Capacity: Coal,裝置容量：燃煤,history,2011,17.9886,GW,Taiwan (national),moeaea_capacity_annual,"Energy Administration, 發電裝置容量年資料 (annual capacity)",column 火力_燃煤_全國(統計數值),https://data.gov.tw/dataset/16480,downloaded,
capacity_coal,Capacity: Coal,裝置容量：燃煤,history,2012,17.4176,GW,Taiwan (national),moeaea_capacity_annual,"Energy Administration, 發電裝置容量年資料 (annual capacity)",column 火力_燃煤_全國(統計數值),https://data.gov.tw/dataset/16480,downloaded,
capacity_coal,Capacity: Coal,裝置容量：燃煤,history,2013,17.4362,GW,Taiwan (national),moeaea_capacity_annual,"Energy Administration, 發電裝置容量年資料 (annual capacity)",column 火力_燃煤_全國(統計數值),https://data.gov.tw/dataset/16480,downloaded,
capacity_coal,Capacity: Coal,裝置容量：燃煤,history,2014,16.8015,GW,Taiwan (national),moeaea_capacity_annual,"Energy Administration, 發電裝置容量年資料 (annual capacity)",column 火力_燃煤_全國(統計數值),https://data.gov.tw/dataset/16480,downloaded,
capacity_coal,Capacity: Coal,裝置容量：燃煤,history,2015,16.7896,GW,Taiwan (national),moeaea_capacity_annual,"Energy Administration, 發電裝置容量年資料 (annual capacity)",column 火力_燃煤_全國(統計數值),https://data.gov.tw/dataset/16480,downloaded,
capacity_coal,Capacity: Coal,裝置容量：燃煤,history,2016,17.6096,GW,Taiwan (national),moeaea_capacity_annual,"Energy Administration, 發電裝置容量年資料 (annual capacity)",column 火力_燃煤_全國(統計數值),https://data.gov.tw/dataset/16480,downloaded,
capacity_coal,Capacity: Coal,裝置容量：燃煤,history,2017,18.3509,GW,Taiwan (national),moeaea_capacity_annual,"Energy Administration, 發電裝置容量年資料 (annual capacity)",column 火力_燃煤_全國(統計數值),https://data.gov.tw/dataset/16480,downloaded,
capacity_coal,Capacity: Coal,裝置容量：燃煤,history,2018,19.3251,GW,Taiwan (national),moeaea_capacity_annual,"Energy Administration, 發電裝置容量年資料 (annual capacity)",column 火力_燃煤_全國(統計數值),https://data.gov.tw/dataset/16480,downloaded,
capacity_coal,Capacity: Coal,裝置容量：燃煤,history,2019,21.0082,GW,Taiwan (national),moeaea_capacity_annual,"Energy Administration, 發電裝置容量年資料 (annual capacity)",column 火力_燃煤_全國(統計數值),https://data.gov.tw/dataset/16480,downloaded,
capacity_coal,Capacity: Coal,裝置容量：燃煤,history,2020,21.0082,GW,Taiwan (national),moeaea_capacity_annual,"Energy Administration, 發電裝置容量年資料 (annual capacity)",column 火力_燃煤_全國(統計數值),https://data.gov.tw/dataset/16480,downloaded,
capacity_coal,Capacity: Coal,裝置容量：燃煤,history,2021,20.9945,GW,Taiwan (national),moeaea_capacity_annual,"Energy Administration, 發電裝置容量年資料 (annual capacity)",column 火力_燃煤_全國(統計數值),https://data.gov.tw/dataset/16480,downloaded,
capacity_coal,Capacity: Coal,裝置容量：燃煤,history,2022,20.9945,GW,Taiwan (national),moeaea_capacity_annual,"Energy Administration, 發電裝置容量年資料 (annual capacity)",column 火力_燃煤_全國(統計數值),https://data.gov.tw/dataset/16480,downloaded,
capacity_coal,Capacity: Coal,裝置容量：燃煤,history,2023,20.5044,GW,Taiwan (national),moeaea_capacity_annual,"Energy Administration, 發電裝置容量年資料 (annual capacity)",column 火力_燃煤_全國(統計數值),https://data.gov.tw/dataset/16480,downloaded,
capacity_coal,Capacity: Coal,裝置容量：燃煤,history,2024,19.8853,GW,Taiwan (national),moeaea_capacity_annual,"Energy Administration, 發電裝置容量年資料 (annual capacity)",column 火力_燃煤_全國(統計數值),https://data.gov.tw/dataset/16480,downloaded,
capacity_coal,Capacity: Coal,裝置容量：燃煤,history,2025,19.309,GW,Taiwan (national),moeaea_capacity_annual,"Energy Administration, 發電裝置容量年資料 (annual capacity)",column 火力_燃煤_全國(統計數值),https://data.gov.tw/dataset/16480,downloaded,
capacity_gas,Capacity: Gas,裝置容量：燃氣,history,2005,11.1496,GW,Taiwan (national),moeaea_capacity_annual,"Energy Administration, 發電裝置容量年資料 (annual capacity)",column 火力_燃氣_全國(統計數值),https://data.gov.tw/dataset/16480,downloaded,
capacity_gas,Capacity: Gas,裝置容量：燃氣,history,2006,11.7835,GW,Taiwan (national),moeaea_capacity_annual,"Energy Administration, 發電裝置容量年資料 (annual capacity)",column 火力_燃氣_全國(統計數值),https://data.gov.tw/dataset/16480,downloaded,
capacity_gas,Capacity: Gas,裝置容量：燃氣,history,2007,12.8045,GW,Taiwan (national),moeaea_capacity_annual,"Energy Administration, 發電裝置容量年資料 (annual capacity)",column 火力_燃氣_全國(統計數值),https://data.gov.tw/dataset/16480,downloaded,
capacity_gas,Capacity: Gas,裝置容量：燃氣,history,2008,13.2755,GW,Taiwan (national),moeaea_capacity_annual,"Energy Administration, 發電裝置容量年資料 (annual capacity)",column 火力_燃氣_全國(統計數值),https://data.gov.tw/dataset/16480,downloaded,
capacity_gas,Capacity: Gas,裝置容量：燃氣,history,2009,14.7655,GW,Taiwan (national),moeaea_capacity_annual,"Energy Administration, 發電裝置容量年資料 (annual capacity)",column 火力_燃氣_全國(統計數值),https://data.gov.tw/dataset/16480,downloaded,
capacity_gas,Capacity: Gas,裝置容量：燃氣,history,2010,15.7266,GW,Taiwan (national),moeaea_capacity_annual,"Energy Administration, 發電裝置容量年資料 (annual capacity)",column 火力_燃氣_全國(統計數值),https://data.gov.tw/dataset/16480,downloaded,
capacity_gas,Capacity: Gas,裝置容量：燃氣,history,2011,15.7354,GW,Taiwan (national),moeaea_capacity_annual,"Energy Administration, 發電裝置容量年資料 (annual capacity)",column 火力_燃氣_全國(統計數值),https://data.gov.tw/dataset/16480,downloaded,
capacity_gas,Capacity: Gas,裝置容量：燃氣,history,2012,15.7354,GW,Taiwan (national),moeaea_capacity_annual,"Energy Administration, 發電裝置容量年資料 (annual capacity)",column 火力_燃氣_全國(統計數值),https://data.gov.tw/dataset/16480,downloaded,
capacity_gas,Capacity: Gas,裝置容量：燃氣,history,2013,15.9258,GW,Taiwan (national),moeaea_capacity_annual,"Energy Administration, 發電裝置容量年資料 (annual capacity)",column 火力_燃氣_全國(統計數值),https://data.gov.tw/dataset/16480,downloaded,
capacity_gas,Capacity: Gas,裝置容量：燃氣,history,2014,15.9684,GW,Taiwan (national),moeaea_capacity_annual,"Energy Administration, 發電裝置容量年資料 (annual capacity)",column 火力_燃氣_全國(統計數值),https://data.gov.tw/dataset/16480,downloaded,
capacity_gas,Capacity: Gas,裝置容量：燃氣,history,2015,15.9684,GW,Taiwan (national),moeaea_capacity_annual,"Energy Administration, 發電裝置容量年資料 (annual capacity)",column 火力_燃氣_全國(統計數值),https://data.gov.tw/dataset/16480,downloaded,
capacity_gas,Capacity: Gas,裝置容量：燃氣,history,2016,15.6684,GW,Taiwan (national),moeaea_capacity_annual,"Energy Administration, 發電裝置容量年資料 (annual capacity)",column 火力_燃氣_全國(統計數值),https://data.gov.tw/dataset/16480,downloaded,
capacity_gas,Capacity: Gas,裝置容量：燃氣,history,2017,14.9045,GW,Taiwan (national),moeaea_capacity_annual,"Energy Administration, 發電裝置容量年資料 (annual capacity)",column 火力_燃氣_全國(統計數值),https://data.gov.tw/dataset/16480,downloaded,
capacity_gas,Capacity: Gas,裝置容量：燃氣,history,2018,16.8936,GW,Taiwan (national),moeaea_capacity_annual,"Energy Administration, 發電裝置容量年資料 (annual capacity)",column 火力_燃氣_全國(統計數值),https://data.gov.tw/dataset/16480,downloaded,
capacity_gas,Capacity: Gas,裝置容量：燃氣,history,2019,17.7862,GW,Taiwan (national),moeaea_capacity_annual,"Energy Administration, 發電裝置容量年資料 (annual capacity)",column 火力_燃氣_全國(統計數值),https://data.gov.tw/dataset/16480,downloaded,
capacity_gas,Capacity: Gas,裝置容量：燃氣,history,2020,18.6787,GW,Taiwan (national),moeaea_capacity_annual,"Energy Administration, 發電裝置容量年資料 (annual capacity)",column 火力_燃氣_全國(統計數值),https://data.gov.tw/dataset/16480,downloaded,
capacity_gas,Capacity: Gas,裝置容量：燃氣,history,2021,19.2157,GW,Taiwan (national),moeaea_capacity_annual,"Energy Administration, 發電裝置容量年資料 (annual capacity)",column 火力_燃氣_全國(統計數值),https://data.gov.tw/dataset/16480,downloaded,
capacity_gas,Capacity: Gas,裝置容量：燃氣,history,2022,19.2217,GW,Taiwan (national),moeaea_capacity_annual,"Energy Administration, 發電裝置容量年資料 (annual capacity)",column 火力_燃氣_全國(統計數值),https://data.gov.tw/dataset/16480,downloaded,
capacity_gas,Capacity: Gas,裝置容量：燃氣,history,2023,18.9728,GW,Taiwan (national),moeaea_capacity_annual,"Energy Administration, 發電裝置容量年資料 (annual capacity)",column 火力_燃氣_全國(統計數值),https://data.gov.tw/dataset/16480,downloaded,
capacity_gas,Capacity: Gas,裝置容量：燃氣,history,2024,20.0964,GW,Taiwan (national),moeaea_capacity_annual,"Energy Administration, 發電裝置容量年資料 (annual capacity)",column 火力_燃氣_全國(統計數值),https://data.gov.tw/dataset/16480,downloaded,
capacity_gas,Capacity: Gas,裝置容量：燃氣,history,2025,22.847,GW,Taiwan (national),moeaea_capacity_annual,"Energy Administration, 發電裝置容量年資料 (annual capacity)",column 火力_燃氣_全國(統計數值),https://data.gov.tw/dataset/16480,downloaded,
capacity_geothermal,Capacity: Geothermal,裝置容量：地熱,history,2005,0.0,GW,Taiwan (national),moeaea_capacity_annual,"Energy Administration, 發電裝置容量年資料 (annual capacity)",column 再生能源_地熱_全國(統計數值),https://data.gov.tw/dataset/16480,downloaded,
capacity_geothermal,Capacity: Geothermal,裝置容量：地熱,history,2006,0.0,GW,Taiwan (national),moeaea_capacity_annual,"Energy Administration, 發電裝置容量年資料 (annual capacity)",column 再生能源_地熱_全國(統計數值),https://data.gov.tw/dataset/16480,downloaded,
capacity_geothermal,Capacity: Geothermal,裝置容量：地熱,history,2007,0.0,GW,Taiwan (national),moeaea_capacity_annual,"Energy Administration, 發電裝置容量年資料 (annual capacity)",column 再生能源_地熱_全國(統計數值),https://data.gov.tw/dataset/16480,downloaded,
capacity_geothermal,Capacity: Geothermal,裝置容量：地熱,history,2008,0.0,GW,Taiwan (national),moeaea_capacity_annual,"Energy Administration, 發電裝置容量年資料 (annual capacity)",column 再生能源_地熱_全國(統計數值),https://data.gov.tw/dataset/16480,downloaded,
capacity_geothermal,Capacity: Geothermal,裝置容量：地熱,history,2009,0.0,GW,Taiwan (national),moeaea_capacity_annual,"Energy Administration, 發電裝置容量年資料 (annual capacity)",column 再生能源_地熱_全國(統計數值),https://data.gov.tw/dataset/16480,downloaded,
capacity_geothermal,Capacity: Geothermal,裝置容量：地熱,history,2010,0.0,GW,Taiwan (national),moeaea_capacity_annual,"Energy Administration, 發電裝置容量年資料 (annual capacity)",column 再生能源_地熱_全國(統計數值),https://data.gov.tw/dataset/16480,downloaded,
capacity_geothermal,Capacity: Geothermal,裝置容量：地熱,history,2011,0.0,GW,Taiwan (national),moeaea_capacity_annual,"Energy Administration, 發電裝置容量年資料 (annual capacity)",column 再生能源_地熱_全國(統計數值),https://data.gov.tw/dataset/16480,downloaded,
capacity_geothermal,Capacity: Geothermal,裝置容量：地熱,history,2012,0.0,GW,Taiwan (national),moeaea_capacity_annual,"Energy Administration, 發電裝置容量年資料 (annual capacity)",column 再生能源_地熱_全國(統計數值),https://data.gov.tw/dataset/16480,downloaded,
capacity_geothermal,Capacity: Geothermal,裝置容量：地熱,history,2013,0.0,GW,Taiwan (national),moeaea_capacity_annual,"Energy Administration, 發電裝置容量年資料 (annual capacity)",column 再生能源_地熱_全國(統計數值),https://data.gov.tw/dataset/16480,downloaded,
capacity_geothermal,Capacity: Geothermal,裝置容量：地熱,history,2014,0.0,GW,Taiwan (national),moeaea_capacity_annual,"Energy Administration, 發電裝置容量年資料 (annual capacity)",column 再生能源_地熱_全國(統計數值),https://data.gov.tw/dataset/16480,downloaded,
capacity_geothermal,Capacity: Geothermal,裝置容量：地熱,history,2015,0.0,GW,Taiwan (national),moeaea_capacity_annual,"Energy Administration, 發電裝置容量年資料 (annual capacity)",column 再生能源_地熱_全國(統計數值),https://data.gov.tw/dataset/16480,downloaded,
capacity_geothermal,Capacity: Geothermal,裝置容量：地熱,history,2016,0.0,GW,Taiwan (national),moeaea_capacity_annual,"Energy Administration, 發電裝置容量年資料 (annual capacity)",column 再生能源_地熱_全國(統計數值),https://data.gov.tw/dataset/16480,downloaded,
capacity_geothermal,Capacity: Geothermal,裝置容量：地熱,history,2017,0.0,GW,Taiwan (national),moeaea_capacity_annual,"Energy Administration, 發電裝置容量年資料 (annual capacity)",column 再生能源_地熱_全國(統計數值),https://data.gov.tw/dataset/16480,downloaded,
capacity_geothermal,Capacity: Geothermal,裝置容量：地熱,history,2018,0.0,GW,Taiwan (national),moeaea_capacity_annual,"Energy Administration, 發電裝置容量年資料 (annual capacity)",column 再生能源_地熱_全國(統計數值),https://data.gov.tw/dataset/16480,downloaded,
capacity_geothermal,Capacity: Geothermal,裝置容量：地熱,history,2019,0.0003,GW,Taiwan (national),moeaea_capacity_annual,"Energy Administration, 發電裝置容量年資料 (annual capacity)",column 再生能源_地熱_全國(統計數值),https://data.gov.tw/dataset/16480,downloaded,
capacity_geothermal,Capacity: Geothermal,裝置容量：地熱,history,2020,0.0003,GW,Taiwan (national),moeaea_capacity_annual,"Energy Administration, 發電裝置容量年資料 (annual capacity)",column 再生能源_地熱_全國(統計數值),https://data.gov.tw/dataset/16480,downloaded,
capacity_geothermal,Capacity: Geothermal,裝置容量：地熱,history,2021,0.0045,GW,Taiwan (national),moeaea_capacity_annual,"Energy Administration, 發電裝置容量年資料 (annual capacity)",column 再生能源_地熱_全國(統計數值),https://data.gov.tw/dataset/16480,downloaded,
capacity_geothermal,Capacity: Geothermal,裝置容量：地熱,history,2022,0.005,GW,Taiwan (national),moeaea_capacity_annual,"Energy Administration, 發電裝置容量年資料 (annual capacity)",column 再生能源_地熱_全國(統計數值),https://data.gov.tw/dataset/16480,downloaded,
capacity_geothermal,Capacity: Geothermal,裝置容量：地熱,history,2023,0.0073,GW,Taiwan (national),moeaea_capacity_annual,"Energy Administration, 發電裝置容量年資料 (annual capacity)",column 再生能源_地熱_全國(統計數值),https://data.gov.tw/dataset/16480,downloaded,
capacity_geothermal,Capacity: Geothermal,裝置容量：地熱,history,2024,0.0075,GW,Taiwan (national),moeaea_capacity_annual,"Energy Administration, 發電裝置容量年資料 (annual capacity)",column 再生能源_地熱_全國(統計數值),https://data.gov.tw/dataset/16480,downloaded,
capacity_geothermal,Capacity: Geothermal,裝置容量：地熱,history,2025,0.0075,GW,Taiwan (national),moeaea_capacity_annual,"Energy Administration, 發電裝置容量年資料 (annual capacity)",column 再生能源_地熱_全國(統計數值),https://data.gov.tw/dataset/16480,downloaded,
capacity_geothermal,Geothermal capacity,地熱裝置容量,target,2030,1.2,GW,Taiwan (national),moea_psd_fy2024,"MOEA, supply-demand report 113年度 (FY2024)","Table 3-1, p. 19 (PDF p. 23)",https://data.gov.tw/dataset/16437,downloaded,2024 actual 0.007 GW
capacity_geothermal,Geothermal capacity,地熱裝置容量,target,2032,1.4,GW,Taiwan (national),moea_psd_fy2024,"MOEA, supply-demand report 113年度 (FY2024)","Table 3-1, p. 19 (PDF p. 23)",https://data.gov.tw/dataset/16437,downloaded,
capacity_hydro,Capacity: Conventional hydro,裝置容量：慣常水力,history,2005,1.9097,GW,Taiwan (national),moeaea_capacity_annual,"Energy Administration, 發電裝置容量年資料 (annual capacity)",column 再生能源_慣常水力_全國(統計數值),https://data.gov.tw/dataset/16480,downloaded,
capacity_hydro,Capacity: Conventional hydro,裝置容量：慣常水力,history,2006,1.9097,GW,Taiwan (national),moeaea_capacity_annual,"Energy Administration, 發電裝置容量年資料 (annual capacity)",column 再生能源_慣常水力_全國(統計數值),https://data.gov.tw/dataset/16480,downloaded,
capacity_hydro,Capacity: Conventional hydro,裝置容量：慣常水力,history,2007,1.9212,GW,Taiwan (national),moeaea_capacity_annual,"Energy Administration, 發電裝置容量年資料 (annual capacity)",column 再生能源_慣常水力_全國(統計數值),https://data.gov.tw/dataset/16480,downloaded,
capacity_hydro,Capacity: Conventional hydro,裝置容量：慣常水力,history,2008,1.938,GW,Taiwan (national),moeaea_capacity_annual,"Energy Administration, 發電裝置容量年資料 (annual capacity)",column 再生能源_慣常水力_全國(統計數值),https://data.gov.tw/dataset/16480,downloaded,
capacity_hydro,Capacity: Conventional hydro,裝置容量：慣常水力,history,2009,1.937,GW,Taiwan (national),moeaea_capacity_annual,"Energy Administration, 發電裝置容量年資料 (annual capacity)",column 再生能源_慣常水力_全國(統計數值),https://data.gov.tw/dataset/16480,downloaded,
capacity_hydro,Capacity: Conventional hydro,裝置容量：慣常水力,history,2010,1.9775,GW,Taiwan (national),moeaea_capacity_annual,"Energy Administration, 發電裝置容量年資料 (annual capacity)",column 再生能源_慣常水力_全國(統計數值),https://data.gov.tw/dataset/16480,downloaded,
capacity_hydro,Capacity: Conventional hydro,裝置容量：慣常水力,history,2011,2.0408,GW,Taiwan (national),moeaea_capacity_annual,"Energy Administration, 發電裝置容量年資料 (annual capacity)",column 再生能源_慣常水力_全國(統計數值),https://data.gov.tw/dataset/16480,downloaded,
capacity_hydro,Capacity: Conventional hydro,裝置容量：慣常水力,history,2012,2.0813,GW,Taiwan (national),moeaea_capacity_annual,"Energy Administration, 發電裝置容量年資料 (annual capacity)",column 再生能源_慣常水力_全國(統計數值),https://data.gov.tw/dataset/16480,downloaded,
capacity_hydro,Capacity: Conventional hydro,裝置容量：慣常水力,history,2013,2.0813,GW,Taiwan (national),moeaea_capacity_annual,"Energy Administration, 發電裝置容量年資料 (annual capacity)",column 再生能源_慣常水力_全國(統計數值),https://data.gov.tw/dataset/16480,downloaded,
capacity_hydro,Capacity: Conventional hydro,裝置容量：慣常水力,history,2014,2.0813,GW,Taiwan (national),moeaea_capacity_annual,"Energy Administration, 發電裝置容量年資料 (annual capacity)",column 再生能源_慣常水力_全國(統計數值),https://data.gov.tw/dataset/16480,downloaded,
capacity_hydro,Capacity: Conventional hydro,裝置容量：慣常水力,history,2015,2.0893,GW,Taiwan (national),moeaea_capacity_annual,"Energy Administration, 發電裝置容量年資料 (annual capacity)",column 再生能源_慣常水力_全國(統計數值),https://data.gov.tw/dataset/16480,downloaded,
capacity_hydro,Capacity: Conventional hydro,裝置容量：慣常水力,history,2016,2.0893,GW,Taiwan (national),moeaea_capacity_annual,"Energy Administration, 發電裝置容量年資料 (annual capacity)",column 再生能源_慣常水力_全國(統計數值),https://data.gov.tw/dataset/16480,downloaded,
capacity_hydro,Capacity: Conventional hydro,裝置容量：慣常水力,history,2017,2.0893,GW,Taiwan (national),moeaea_capacity_annual,"Energy Administration, 發電裝置容量年資料 (annual capacity)",column 再生能源_慣常水力_全國(統計數值),https://data.gov.tw/dataset/16480,downloaded,
capacity_hydro,Capacity: Conventional hydro,裝置容量：慣常水力,history,2018,2.0915,GW,Taiwan (national),moeaea_capacity_annual,"Energy Administration, 發電裝置容量年資料 (annual capacity)",column 再生能源_慣常水力_全國(統計數值),https://data.gov.tw/dataset/16480,downloaded,
capacity_hydro,Capacity: Conventional hydro,裝置容量：慣常水力,history,2019,2.0925,GW,Taiwan (national),moeaea_capacity_annual,"Energy Administration, 發電裝置容量年資料 (annual capacity)",column 再生能源_慣常水力_全國(統計數值),https://data.gov.tw/dataset/16480,downloaded,
capacity_hydro,Capacity: Conventional hydro,裝置容量：慣常水力,history,2020,2.0932,GW,Taiwan (national),moeaea_capacity_annual,"Energy Administration, 發電裝置容量年資料 (annual capacity)",column 再生能源_慣常水力_全國(統計數值),https://data.gov.tw/dataset/16480,downloaded,
capacity_hydro,Capacity: Conventional hydro,裝置容量：慣常水力,history,2021,2.0939,GW,Taiwan (national),moeaea_capacity_annual,"Energy Administration, 發電裝置容量年資料 (annual capacity)",column 再生能源_慣常水力_全國(統計數值),https://data.gov.tw/dataset/16480,downloaded,
capacity_hydro,Capacity: Conventional hydro,裝置容量：慣常水力,history,2022,2.098,GW,Taiwan (national),moeaea_capacity_annual,"Energy Administration, 發電裝置容量年資料 (annual capacity)",column 再生能源_慣常水力_全國(統計數值),https://data.gov.tw/dataset/16480,downloaded,
capacity_hydro,Capacity: Conventional hydro,裝置容量：慣常水力,history,2023,2.1037,GW,Taiwan (national),moeaea_capacity_annual,"Energy Administration, 發電裝置容量年資料 (annual capacity)",column 再生能源_慣常水力_全國(統計數值),https://data.gov.tw/dataset/16480,downloaded,
capacity_hydro,Capacity: Conventional hydro,裝置容量：慣常水力,history,2024,2.1226,GW,Taiwan (national),moeaea_capacity_annual,"Energy Administration, 發電裝置容量年資料 (annual capacity)",column 再生能源_慣常水力_全國(統計數值),https://data.gov.tw/dataset/16480,downloaded,
capacity_hydro,Capacity: Conventional hydro,裝置容量：慣常水力,history,2025,2.1244,GW,Taiwan (national),moeaea_capacity_annual,"Energy Administration, 發電裝置容量年資料 (annual capacity)",column 再生能源_慣常水力_全國(統計數值),https://data.gov.tw/dataset/16480,downloaded,
capacity_hydro,Hydro capacity,水力裝置容量,target,2030,2.14,GW,Taiwan (national),moea_psd_fy2024,"MOEA, supply-demand report 113年度 (FY2024)","Table 3-1, p. 19 (PDF p. 23)",https://data.gov.tw/dataset/16437,downloaded,2024 actual 2.123 GW
capacity_hydro,Hydro capacity,水力裝置容量,target,2032,2.18,GW,Taiwan (national),moea_psd_fy2024,"MOEA, supply-demand report 113年度 (FY2024)","Table 3-1, p. 19 (PDF p. 23)",https://data.gov.tw/dataset/16437,downloaded,
capacity_nuclear,Capacity: Nuclear,裝置容量：核能,history,2005,5.144,GW,Taiwan (national),moeaea_capacity_annual,"Energy Administration, 發電裝置容量年資料 (annual capacity)",column 核能_全國(統計數值),https://data.gov.tw/dataset/16480,downloaded,
capacity_nuclear,Capacity: Nuclear,裝置容量：核能,history,2006,5.144,GW,Taiwan (national),moeaea_capacity_annual,"Energy Administration, 發電裝置容量年資料 (annual capacity)",column 核能_全國(統計數值),https://data.gov.tw/dataset/16480,downloaded,
capacity_nuclear,Capacity: Nuclear,裝置容量：核能,history,2007,5.144,GW,Taiwan (national),moeaea_capacity_annual,"Energy Administration, 發電裝置容量年資料 (annual capacity)",column 核能_全國(統計數值),https://data.gov.tw/dataset/16480,downloaded,
capacity_nuclear,Capacity: Nuclear,裝置容量：核能,history,2008,5.144,GW,Taiwan (national),moeaea_capacity_annual,"Energy Administration, 發電裝置容量年資料 (annual capacity)",column 核能_全國(統計數值),https://data.gov.tw/dataset/16480,downloaded,
capacity_nuclear,Capacity: Nuclear,裝置容量：核能,history,2009,5.144,GW,Taiwan (national),moeaea_capacity_annual,"Energy Administration, 發電裝置容量年資料 (annual capacity)",column 核能_全國(統計數值),https://data.gov.tw/dataset/16480,downloaded,
capacity_nuclear,Capacity: Nuclear,裝置容量：核能,history,2010,5.144,GW,Taiwan (national),moeaea_capacity_annual,"Energy Administration, 發電裝置容量年資料 (annual capacity)",column 核能_全國(統計數值),https://data.gov.tw/dataset/16480,downloaded,
capacity_nuclear,Capacity: Nuclear,裝置容量：核能,history,2011,5.144,GW,Taiwan (national),moeaea_capacity_annual,"Energy Administration, 發電裝置容量年資料 (annual capacity)",column 核能_全國(統計數值),https://data.gov.tw/dataset/16480,downloaded,
capacity_nuclear,Capacity: Nuclear,裝置容量：核能,history,2012,5.144,GW,Taiwan (national),moeaea_capacity_annual,"Energy Administration, 發電裝置容量年資料 (annual capacity)",column 核能_全國(統計數值),https://data.gov.tw/dataset/16480,downloaded,
capacity_nuclear,Capacity: Nuclear,裝置容量：核能,history,2013,5.144,GW,Taiwan (national),moeaea_capacity_annual,"Energy Administration, 發電裝置容量年資料 (annual capacity)",column 核能_全國(統計數值),https://data.gov.tw/dataset/16480,downloaded,
capacity_nuclear,Capacity: Nuclear,裝置容量：核能,history,2014,5.144,GW,Taiwan (national),moeaea_capacity_annual,"Energy Administration, 發電裝置容量年資料 (annual capacity)",column 核能_全國(統計數值),https://data.gov.tw/dataset/16480,downloaded,
capacity_nuclear,Capacity: Nuclear,裝置容量：核能,history,2015,5.144,GW,Taiwan (national),moeaea_capacity_annual,"Energy Administration, 發電裝置容量年資料 (annual capacity)",column 核能_全國(統計數值),https://data.gov.tw/dataset/16480,downloaded,
capacity_nuclear,Capacity: Nuclear,裝置容量：核能,history,2016,5.144,GW,Taiwan (national),moeaea_capacity_annual,"Energy Administration, 發電裝置容量年資料 (annual capacity)",column 核能_全國(統計數值),https://data.gov.tw/dataset/16480,downloaded,
capacity_nuclear,Capacity: Nuclear,裝置容量：核能,history,2017,5.144,GW,Taiwan (national),moeaea_capacity_annual,"Energy Administration, 發電裝置容量年資料 (annual capacity)",column 核能_全國(統計數值),https://data.gov.tw/dataset/16480,downloaded,
capacity_nuclear,Capacity: Nuclear,裝置容量：核能,history,2018,4.508,GW,Taiwan (national),moeaea_capacity_annual,"Energy Administration, 發電裝置容量年資料 (annual capacity)",column 核能_全國(統計數值),https://data.gov.tw/dataset/16480,downloaded,
capacity_nuclear,Capacity: Nuclear,裝置容量：核能,history,2019,3.872,GW,Taiwan (national),moeaea_capacity_annual,"Energy Administration, 發電裝置容量年資料 (annual capacity)",column 核能_全國(統計數值),https://data.gov.tw/dataset/16480,downloaded,
capacity_nuclear,Capacity: Nuclear,裝置容量：核能,history,2020,3.872,GW,Taiwan (national),moeaea_capacity_annual,"Energy Administration, 發電裝置容量年資料 (annual capacity)",column 核能_全國(統計數值),https://data.gov.tw/dataset/16480,downloaded,
capacity_nuclear,Capacity: Nuclear,裝置容量：核能,history,2021,2.887,GW,Taiwan (national),moeaea_capacity_annual,"Energy Administration, 發電裝置容量年資料 (annual capacity)",column 核能_全國(統計數值),https://data.gov.tw/dataset/16480,downloaded,
capacity_nuclear,Capacity: Nuclear,裝置容量：核能,history,2022,2.887,GW,Taiwan (national),moeaea_capacity_annual,"Energy Administration, 發電裝置容量年資料 (annual capacity)",column 核能_全國(統計數值),https://data.gov.tw/dataset/16480,downloaded,
capacity_nuclear,Capacity: Nuclear,裝置容量：核能,history,2023,1.902,GW,Taiwan (national),moeaea_capacity_annual,"Energy Administration, 發電裝置容量年資料 (annual capacity)",column 核能_全國(統計數值),https://data.gov.tw/dataset/16480,downloaded,
capacity_nuclear,Capacity: Nuclear,裝置容量：核能,history,2024,0.951,GW,Taiwan (national),moeaea_capacity_annual,"Energy Administration, 發電裝置容量年資料 (annual capacity)",column 核能_全國(統計數值),https://data.gov.tw/dataset/16480,downloaded,
capacity_nuclear,Capacity: Nuclear,裝置容量：核能,history,2025,0.0,GW,Taiwan (national),moeaea_capacity_annual,"Energy Administration, 發電裝置容量年資料 (annual capacity)",column 核能_全國(統計數值),https://data.gov.tw/dataset/16480,downloaded,
capacity_offshore_wind,Offshore wind capacity,離岸風電裝置容量,target,2030,10.9,GW,Taiwan (national),moea_psd_fy2024,"MOEA, supply-demand report 113年度 (FY2024)","Table 3-1, p. 19 (PDF p. 23)",https://data.gov.tw/dataset/16437,downloaded,Subject to Round 3.3 tender; 2024 actual 3.0 GW
capacity_offshore_wind,Offshore wind capacity,離岸風電裝置容量,target,2032,13.9,GW,Taiwan (national),moea_psd_fy2024,"MOEA, supply-demand report 113年度 (FY2024)","Table 3-1, p. 19 (PDF p. 23)",https://data.gov.tw/dataset/16437,downloaded,
capacity_oil,Capacity: Oil,裝置容量：燃油,history,2005,4.6057,GW,Taiwan (national),moeaea_capacity_annual,"Energy Administration, 發電裝置容量年資料 (annual capacity)",column 火力_燃油_全國(統計數值),https://data.gov.tw/dataset/16480,downloaded,
capacity_oil,Capacity: Oil,裝置容量：燃油,history,2006,4.5483,GW,Taiwan (national),moeaea_capacity_annual,"Energy Administration, 發電裝置容量年資料 (annual capacity)",column 火力_燃油_全國(統計數值),https://data.gov.tw/dataset/16480,downloaded,
capacity_oil,Capacity: Oil,裝置容量：燃油,history,2007,4.5757,GW,Taiwan (national),moeaea_capacity_annual,"Energy Administration, 發電裝置容量年資料 (annual capacity)",column 火力_燃油_全國(統計數值),https://data.gov.tw/dataset/16480,downloaded,
capacity_oil,Capacity: Oil,裝置容量：燃油,history,2008,4.5539,GW,Taiwan (national),moeaea_capacity_annual,"Energy Administration, 發電裝置容量年資料 (annual capacity)",column 火力_燃油_全國(統計數值),https://data.gov.tw/dataset/16480,downloaded,
capacity_oil,Capacity: Oil,裝置容量：燃油,history,2009,4.4814,GW,Taiwan (national),moeaea_capacity_annual,"Energy Administration, 發電裝置容量年資料 (annual capacity)",column 火力_燃油_全國(統計數值),https://data.gov.tw/dataset/16480,downloaded,
capacity_oil,Capacity: Oil,裝置容量：燃油,history,2010,4.1851,GW,Taiwan (national),moeaea_capacity_annual,"Energy Administration, 發電裝置容量年資料 (annual capacity)",column 火力_燃油_全國(統計數值),https://data.gov.tw/dataset/16480,downloaded,
capacity_oil,Capacity: Oil,裝置容量：燃油,history,2011,3.8841,GW,Taiwan (national),moeaea_capacity_annual,"Energy Administration, 發電裝置容量年資料 (annual capacity)",column 火力_燃油_全國(統計數值),https://data.gov.tw/dataset/16480,downloaded,
capacity_oil,Capacity: Oil,裝置容量：燃油,history,2012,3.8861,GW,Taiwan (national),moeaea_capacity_annual,"Energy Administration, 發電裝置容量年資料 (annual capacity)",column 火力_燃油_全國(統計數值),https://data.gov.tw/dataset/16480,downloaded,
capacity_oil,Capacity: Oil,裝置容量：燃油,history,2013,3.875,GW,Taiwan (national),moeaea_capacity_annual,"Energy Administration, 發電裝置容量年資料 (annual capacity)",column 火力_燃油_全國(統計數值),https://data.gov.tw/dataset/16480,downloaded,
capacity_oil,Capacity: Oil,裝置容量：燃油,history,2014,3.8321,GW,Taiwan (national),moeaea_capacity_annual,"Energy Administration, 發電裝置容量年資料 (annual capacity)",column 火力_燃油_全國(統計數值),https://data.gov.tw/dataset/16480,downloaded,
capacity_oil,Capacity: Oil,裝置容量：燃油,history,2015,3.8321,GW,Taiwan (national),moeaea_capacity_annual,"Energy Administration, 發電裝置容量年資料 (annual capacity)",column 火力_燃油_全國(統計數值),https://data.gov.tw/dataset/16480,downloaded,
capacity_oil,Capacity: Oil,裝置容量：燃油,history,2016,3.8298,GW,Taiwan (national),moeaea_capacity_annual,"Energy Administration, 發電裝置容量年資料 (annual capacity)",column 火力_燃油_全國(統計數值),https://data.gov.tw/dataset/16480,downloaded,
capacity_oil,Capacity: Oil,裝置容量：燃油,history,2017,3.026,GW,Taiwan (national),moeaea_capacity_annual,"Energy Administration, 發電裝置容量年資料 (annual capacity)",column 火力_燃油_全國(統計數值),https://data.gov.tw/dataset/16480,downloaded,
capacity_oil,Capacity: Oil,裝置容量：燃油,history,2018,3.0817,GW,Taiwan (national),moeaea_capacity_annual,"Energy Administration, 發電裝置容量年資料 (annual capacity)",column 火力_燃油_全國(統計數值),https://data.gov.tw/dataset/16480,downloaded,
capacity_oil,Capacity: Oil,裝置容量：燃油,history,2019,3.0717,GW,Taiwan (national),moeaea_capacity_annual,"Energy Administration, 發電裝置容量年資料 (annual capacity)",column 火力_燃油_全國(統計數值),https://data.gov.tw/dataset/16480,downloaded,
capacity_oil,Capacity: Oil,裝置容量：燃油,history,2020,2.0951,GW,Taiwan (national),moeaea_capacity_annual,"Energy Administration, 發電裝置容量年資料 (annual capacity)",column 火力_燃油_全國(統計數值),https://data.gov.tw/dataset/16480,downloaded,
capacity_oil,Capacity: Oil,裝置容量：燃油,history,2021,2.0916,GW,Taiwan (national),moeaea_capacity_annual,"Energy Administration, 發電裝置容量年資料 (annual capacity)",column 火力_燃油_全國(統計數值),https://data.gov.tw/dataset/16480,downloaded,
capacity_oil,Capacity: Oil,裝置容量：燃油,history,2022,2.106,GW,Taiwan (national),moeaea_capacity_annual,"Energy Administration, 發電裝置容量年資料 (annual capacity)",column 火力_燃油_全國(統計數值),https://data.gov.tw/dataset/16480,downloaded,
capacity_oil,Capacity: Oil,裝置容量：燃油,history,2023,2.1075,GW,Taiwan (national),moeaea_capacity_annual,"Energy Administration, 發電裝置容量年資料 (annual capacity)",column 火力_燃油_全國(統計數值),https://data.gov.tw/dataset/16480,downloaded,
capacity_oil,Capacity: Oil,裝置容量：燃油,history,2024,2.1873,GW,Taiwan (national),moeaea_capacity_annual,"Energy Administration, 發電裝置容量年資料 (annual capacity)",column 火力_燃油_全國(統計數值),https://data.gov.tw/dataset/16480,downloaded,
capacity_oil,Capacity: Oil,裝置容量：燃油,history,2025,2.2285,GW,Taiwan (national),moeaea_capacity_annual,"Energy Administration, 發電裝置容量年資料 (annual capacity)",column 火力_燃油_全國(統計數值),https://data.gov.tw/dataset/16480,downloaded,
capacity_onshore_wind,Onshore wind capacity,陸域風電裝置容量,target,2030,0.979,GW,Taiwan (national),moea_psd_fy2024,"MOEA, supply-demand report 113年度 (FY2024)","Table 3-1, p. 19 (PDF p. 23)",https://data.gov.tw/dataset/16437,downloaded,2024 actual 0.918 GW
capacity_onshore_wind,Onshore wind capacity,陸域風電裝置容量,target,2032,0.979,GW,Taiwan (national),moea_psd_fy2024,"MOEA, supply-demand report 113年度 (FY2024)","Table 3-1, p. 19 (PDF p. 23)",https://data.gov.tw/dataset/16437,downloaded,
capacity_pumped_storage,Capacity: Pumped storage,裝置容量：抽蓄水力,history,2005,2.602,GW,Taiwan (national),moeaea_capacity_annual,"Energy Administration, 發電裝置容量年資料 (annual capacity)",column 抽蓄水力_全國(統計數值),https://data.gov.tw/dataset/16480,downloaded,
capacity_pumped_storage,Capacity: Pumped storage,裝置容量：抽蓄水力,history,2006,2.602,GW,Taiwan (national),moeaea_capacity_annual,"Energy Administration, 發電裝置容量年資料 (annual capacity)",column 抽蓄水力_全國(統計數值),https://data.gov.tw/dataset/16480,downloaded,
capacity_pumped_storage,Capacity: Pumped storage,裝置容量：抽蓄水力,history,2007,2.602,GW,Taiwan (national),moeaea_capacity_annual,"Energy Administration, 發電裝置容量年資料 (annual capacity)",column 抽蓄水力_全國(統計數值),https://data.gov.tw/dataset/16480,downloaded,
capacity_pumped_storage,Capacity: Pumped storage,裝置容量：抽蓄水力,history,2008,2.602,GW,Taiwan (national),moeaea_capacity_annual,"Energy Administration, 發電裝置容量年資料 (annual capacity)",column 抽蓄水力_全國(統計數值),https://data.gov.tw/dataset/16480,downloaded,
capacity_pumped_storage,Capacity: Pumped storage,裝置容量：抽蓄水力,history,2009,2.602,GW,Taiwan (national),moeaea_capacity_annual,"Energy Administration, 發電裝置容量年資料 (annual capacity)",column 抽蓄水力_全國(統計數值),https://data.gov.tw/dataset/16480,downloaded,
capacity_pumped_storage,Capacity: Pumped storage,裝置容量：抽蓄水力,history,2010,2.602,GW,Taiwan (national),moeaea_capacity_annual,"Energy Administration, 發電裝置容量年資料 (annual capacity)",column 抽蓄水力_全國(統計數值),https://data.gov.tw/dataset/16480,downloaded,
capacity_pumped_storage,Capacity: Pumped storage,裝置容量：抽蓄水力,history,2011,2.602,GW,Taiwan (national),moeaea_capacity_annual,"Energy Administration, 發電裝置容量年資料 (annual capacity)",column 抽蓄水力_全國(統計數值),https://data.gov.tw/dataset/16480,downloaded,
capacity_pumped_storage,Capacity: Pumped storage,裝置容量：抽蓄水力,history,2012,2.602,GW,Taiwan (national),moeaea_capacity_annual,"Energy Administration, 發電裝置容量年資料 (annual capacity)",column 抽蓄水力_全國(統計數值),https://data.gov.tw/dataset/16480,downloaded,
capacity_pumped_storage,Capacity: Pumped storage,裝置容量：抽蓄水力,history,2013,2.602,GW,Taiwan (national),moeaea_capacity_annual,"Energy Administration, 發電裝置容量年資料 (annual capacity)",column 抽蓄水力_全國(統計數值),https://data.gov.tw/dataset/16480,downloaded,
capacity_pumped_storage,Capacity: Pumped storage,裝置容量：抽蓄水力,history,2014,2.602,GW,Taiwan (national),moeaea_capacity_annual,"Energy Administration, 發電裝置容量年資料 (annual capacity)",column 抽蓄水力_全國(統計數值),https://data.gov.tw/dataset/16480,downloaded,
capacity_pumped_storage,Capacity: Pumped storage,裝置容量：抽蓄水力,history,2015,2.602,GW,Taiwan (national),moeaea_capacity_annual,"Energy Administration, 發電裝置容量年資料 (annual capacity)",column 抽蓄水力_全國(統計數值),https://data.gov.tw/dataset/16480,downloaded,
capacity_pumped_storage,Capacity: Pumped storage,裝置容量：抽蓄水力,history,2016,2.602,GW,Taiwan (national),moeaea_capacity_annual,"Energy Administration, 發電裝置容量年資料 (annual capacity)",column 抽蓄水力_全國(統計數值),https://data.gov.tw/dataset/16480,downloaded,
capacity_pumped_storage,Capacity: Pumped storage,裝置容量：抽蓄水力,history,2017,2.602,GW,Taiwan (national),moeaea_capacity_annual,"Energy Administration, 發電裝置容量年資料 (annual capacity)",column 抽蓄水力_全國(統計數值),https://data.gov.tw/dataset/16480,downloaded,
capacity_pumped_storage,Capacity: Pumped storage,裝置容量：抽蓄水力,history,2018,2.602,GW,Taiwan (national),moeaea_capacity_annual,"Energy Administration, 發電裝置容量年資料 (annual capacity)",column 抽蓄水力_全國(統計數值),https://data.gov.tw/dataset/16480,downloaded,
capacity_pumped_storage,Capacity: Pumped storage,裝置容量：抽蓄水力,history,2019,2.602,GW,Taiwan (national),moeaea_capacity_annual,"Energy Administration, 發電裝置容量年資料 (annual capacity)",column 抽蓄水力_全國(統計數值),https://data.gov.tw/dataset/16480,downloaded,
capacity_pumped_storage,Capacity: Pumped storage,裝置容量：抽蓄水力,history,2020,2.602,GW,Taiwan (national),moeaea_capacity_annual,"Energy Administration, 發電裝置容量年資料 (annual capacity)",column 抽蓄水力_全國(統計數值),https://data.gov.tw/dataset/16480,downloaded,
capacity_pumped_storage,Capacity: Pumped storage,裝置容量：抽蓄水力,history,2021,2.602,GW,Taiwan (national),moeaea_capacity_annual,"Energy Administration, 發電裝置容量年資料 (annual capacity)",column 抽蓄水力_全國(統計數值),https://data.gov.tw/dataset/16480,downloaded,
capacity_pumped_storage,Capacity: Pumped storage,裝置容量：抽蓄水力,history,2022,2.602,GW,Taiwan (national),moeaea_capacity_annual,"Energy Administration, 發電裝置容量年資料 (annual capacity)",column 抽蓄水力_全國(統計數值),https://data.gov.tw/dataset/16480,downloaded,
capacity_pumped_storage,Capacity: Pumped storage,裝置容量：抽蓄水力,history,2023,2.602,GW,Taiwan (national),moeaea_capacity_annual,"Energy Administration, 發電裝置容量年資料 (annual capacity)",column 抽蓄水力_全國(統計數值),https://data.gov.tw/dataset/16480,downloaded,
capacity_pumped_storage,Capacity: Pumped storage,裝置容量：抽蓄水力,history,2024,2.602,GW,Taiwan (national),moeaea_capacity_annual,"Energy Administration, 發電裝置容量年資料 (annual capacity)",column 抽蓄水力_全國(統計數值),https://data.gov.tw/dataset/16480,downloaded,
capacity_pumped_storage,Capacity: Pumped storage,裝置容量：抽蓄水力,history,2025,2.602,GW,Taiwan (national),moeaea_capacity_annual,"Energy Administration, 發電裝置容量年資料 (annual capacity)",column 抽蓄水力_全國(統計數值),https://data.gov.tw/dataset/16480,downloaded,
capacity_renewables,Renewable capacity (total),再生能源裝置容量合計,target,2030,47.229,GW,Taiwan (national),moea_psd_fy2024,"MOEA, supply-demand report 113年度 (FY2024)","Table 3-1, p. 19 (PDF p. 23)",https://data.gov.tw/dataset/16437,downloaded,2024 actual 21.099 GW
capacity_renewables,Renewable capacity (total),再生能源裝置容量合計,target,2032,51.999,GW,Taiwan (national),moea_psd_fy2024,"MOEA, supply-demand report 113年度 (FY2024)","Table 3-1, p. 19 (PDF p. 23)",https://data.gov.tw/dataset/16437,downloaded,
capacity_solar,Capacity: Solar PV,裝置容量：太陽光電,history,2005,0.001,GW,Taiwan (national),moeaea_capacity_annual,"Energy Administration, 發電裝置容量年資料 (annual capacity)",column 再生能源_太陽光電_全國(統計數值),https://data.gov.tw/dataset/16480,downloaded,
capacity_solar,Capacity: Solar PV,裝置容量：太陽光電,history,2006,0.0014,GW,Taiwan (national),moeaea_capacity_annual,"Energy Administration, 發電裝置容量年資料 (annual capacity)",column 再生能源_太陽光電_全國(統計數值),https://data.gov.tw/dataset/16480,downloaded,
capacity_solar,Capacity: Solar PV,裝置容量：太陽光電,history,2007,0.0024,GW,Taiwan (national),moeaea_capacity_annual,"Energy Administration, 發電裝置容量年資料 (annual capacity)",column 再生能源_太陽光電_全國(統計數值),https://data.gov.tw/dataset/16480,downloaded,
capacity_solar,Capacity: Solar PV,裝置容量：太陽光電,history,2008,0.0056,GW,Taiwan (national),moeaea_capacity_annual,"Energy Administration, 發電裝置容量年資料 (annual capacity)",column 再生能源_太陽光電_全國(統計數值),https://data.gov.tw/dataset/16480,downloaded,
capacity_solar,Capacity: Solar PV,裝置容量：太陽光電,history,2009,0.0095,GW,Taiwan (national),moeaea_capacity_annual,"Energy Administration, 發電裝置容量年資料 (annual capacity)",column 再生能源_太陽光電_全國(統計數值),https://data.gov.tw/dataset/16480,downloaded,
capacity_solar,Capacity: Solar PV,裝置容量：太陽光電,history,2010,0.0346,GW,Taiwan (national),moeaea_capacity_annual,"Energy Administration, 發電裝置容量年資料 (annual capacity)",column 再生能源_太陽光電_全國(統計數值),https://data.gov.tw/dataset/16480,downloaded,
capacity_solar,Capacity: Solar PV,裝置容量：太陽光電,history,2011,0.1299,GW,Taiwan (national),moeaea_capacity_annual,"Energy Administration, 發電裝置容量年資料 (annual capacity)",column 再生能源_太陽光電_全國(統計數值),https://data.gov.tw/dataset/16480,downloaded,
capacity_solar,Capacity: Solar PV,裝置容量：太陽光電,history,2012,0.2313,GW,Taiwan (national),moeaea_capacity_annual,"Energy Administration, 發電裝置容量年資料 (annual capacity)",column 再生能源_太陽光電_全國(統計數值),https://data.gov.tw/dataset/16480,downloaded,
capacity_solar,Capacity: Solar PV,裝置容量：太陽光電,history,2013,0.4099,GW,Taiwan (national),moeaea_capacity_annual,"Energy Administration, 發電裝置容量年資料 (annual capacity)",column 再生能源_太陽光電_全國(統計數值),https://data.gov.tw/dataset/16480,downloaded,
capacity_solar,Capacity: Solar PV,裝置容量：太陽光電,history,2014,0.636,GW,Taiwan (national),moeaea_capacity_annual,"Energy Administration, 發電裝置容量年資料 (annual capacity)",column 再生能源_太陽光電_全國(統計數值),https://data.gov.tw/dataset/16480,downloaded,
capacity_solar,Capacity: Solar PV,裝置容量：太陽光電,history,2015,0.8843,GW,Taiwan (national),moeaea_capacity_annual,"Energy Administration, 發電裝置容量年資料 (annual capacity)",column 再生能源_太陽光電_全國(統計數值),https://data.gov.tw/dataset/16480,downloaded,
capacity_solar,Capacity: Solar PV,裝置容量：太陽光電,history,2016,1.2451,GW,Taiwan (national),moeaea_capacity_annual,"Energy Administration, 發電裝置容量年資料 (annual capacity)",column 再生能源_太陽光電_全國(統計數值),https://data.gov.tw/dataset/16480,downloaded,
capacity_solar,Capacity: Solar PV,裝置容量：太陽光電,history,2017,1.7677,GW,Taiwan (national),moeaea_capacity_annual,"Energy Administration, 發電裝置容量年資料 (annual capacity)",column 再生能源_太陽光電_全國(統計數值),https://data.gov.tw/dataset/16480,downloaded,
capacity_solar,Capacity: Solar PV,裝置容量：太陽光電,history,2018,2.7381,GW,Taiwan (national),moeaea_capacity_annual,"Energy Administration, 發電裝置容量年資料 (annual capacity)",column 再生能源_太陽光電_全國(統計數值),https://data.gov.tw/dataset/16480,downloaded,
capacity_solar,Capacity: Solar PV,裝置容量：太陽光電,history,2019,4.1495,GW,Taiwan (national),moeaea_capacity_annual,"Energy Administration, 發電裝置容量年資料 (annual capacity)",column 再生能源_太陽光電_全國(統計數值),https://data.gov.tw/dataset/16480,downloaded,
capacity_solar,Capacity: Solar PV,裝置容量：太陽光電,history,2020,5.8172,GW,Taiwan (national),moeaea_capacity_annual,"Energy Administration, 發電裝置容量年資料 (annual capacity)",column 再生能源_太陽光電_全國(統計數值),https://data.gov.tw/dataset/16480,downloaded,
capacity_solar,Capacity: Solar PV,裝置容量：太陽光電,history,2021,7.7002,GW,Taiwan (national),moeaea_capacity_annual,"Energy Administration, 發電裝置容量年資料 (annual capacity)",column 再生能源_太陽光電_全國(統計數值),https://data.gov.tw/dataset/16480,downloaded,
capacity_solar,Capacity: Solar PV,裝置容量：太陽光電,history,2022,9.7237,GW,Taiwan (national),moeaea_capacity_annual,"Energy Administration, 發電裝置容量年資料 (annual capacity)",column 再生能源_太陽光電_全國(統計數值),https://data.gov.tw/dataset/16480,downloaded,
capacity_solar,Capacity: Solar PV,裝置容量：太陽光電,history,2023,12.4177,GW,Taiwan (national),moeaea_capacity_annual,"Energy Administration, 發電裝置容量年資料 (annual capacity)",column 再生能源_太陽光電_全國(統計數值),https://data.gov.tw/dataset/16480,downloaded,
capacity_solar,Capacity: Solar PV,裝置容量：太陽光電,history,2024,14.2811,GW,Taiwan (national),moeaea_capacity_annual,"Energy Administration, 發電裝置容量年資料 (annual capacity)",column 再生能源_太陽光電_全國(統計數值),https://data.gov.tw/dataset/16480,downloaded,
capacity_solar,Capacity: Solar PV,裝置容量：太陽光電,history,2025,15.474,GW,Taiwan (national),moeaea_capacity_annual,"Energy Administration, 發電裝置容量年資料 (annual capacity)",column 再生能源_太陽光電_全國(統計數值),https://data.gov.tw/dataset/16480,downloaded,
capacity_solar,Solar PV capacity,太陽光電裝置容量,target,2030,31.2,GW,Taiwan (national),moea_psd_fy2024,"MOEA, supply-demand report 113年度 (FY2024)","Table 3-1, p. 19 (PDF p. 23)",https://data.gov.tw/dataset/16437,downloaded,2024 actual 14.3 GW
capacity_solar,Solar PV capacity,太陽光電裝置容量,target,2032,32.7,GW,Taiwan (national),moea_psd_fy2024,"MOEA, supply-demand report 113年度 (FY2024)","Table 3-1, p. 19 (PDF p. 23)",https://data.gov.tw/dataset/16437,downloaded,
capacity_total,Installed capacity,裝置容量,history,2005,43.1374,GW,Taiwan (national),moeaea_capacity_annual,"Energy Administration, 發電裝置容量年資料 (annual capacity)",column 總發電裝置容量_全國(統計數值),https://data.gov.tw/dataset/16480,downloaded,Includes self-generation
capacity_total,Installed capacity,裝置容量,history,2006,45.0205,GW,Taiwan (national),moeaea_capacity_annual,"Energy Administration, 發電裝置容量年資料 (annual capacity)",column 總發電裝置容量_全國(統計數值),https://data.gov.tw/dataset/16480,downloaded,Includes self-generation
capacity_total,Installed capacity,裝置容量,history,2007,45.8486,GW,Taiwan (national),moeaea_capacity_annual,"Energy Administration, 發電裝置容量年資料 (annual capacity)",column 總發電裝置容量_全國(統計數值),https://data.gov.tw/dataset/16480,downloaded,Includes self-generation
capacity_total,Installed capacity,裝置容量,history,2008,46.3246,GW,Taiwan (national),moeaea_capacity_annual,"Energy Administration, 發電裝置容量年資料 (annual capacity)",column 總發電裝置容量_全國(統計數值),https://data.gov.tw/dataset/16480,downloaded,Includes self-generation
capacity_total,Installed capacity,裝置容量,history,2009,47.921,GW,Taiwan (national),moeaea_capacity_annual,"Energy Administration, 發電裝置容量年資料 (annual capacity)",column 總發電裝置容量_全國(統計數值),https://data.gov.tw/dataset/16480,downloaded,Includes self-generation
capacity_total,Installed capacity,裝置容量,history,2010,48.8435,GW,Taiwan (national),moeaea_capacity_annual,"Energy Administration, 發電裝置容量年資料 (annual capacity)",column 總發電裝置容量_全國(統計數值),https://data.gov.tw/dataset/16480,downloaded,Includes self-generation
capacity_total,Installed capacity,裝置容量,history,2011,48.7532,GW,Taiwan (national),moeaea_capacity_annual,"Energy Administration, 發電裝置容量年資料 (annual capacity)",column 總發電裝置容量_全國(統計數值),https://data.gov.tw/dataset/16480,downloaded,Includes self-generation
capacity_total,Installed capacity,裝置容量,history,2012,48.3791,GW,Taiwan (national),moeaea_capacity_annual,"Energy Administration, 發電裝置容量年資料 (annual capacity)",column 總發電裝置容量_全國(統計數值),https://data.gov.tw/dataset/16480,downloaded,Includes self-generation
capacity_total,Installed capacity,裝置容量,history,2013,48.7988,GW,Taiwan (national),moeaea_capacity_annual,"Energy Administration, 發電裝置容量年資料 (annual capacity)",column 總發電裝置容量_全國(統計數值),https://data.gov.tw/dataset/16480,downloaded,Includes self-generation
capacity_total,Installed capacity,裝置容量,history,2014,48.4128,GW,Taiwan (national),moeaea_capacity_annual,"Energy Administration, 發電裝置容量年資料 (annual capacity)",column 總發電裝置容量_全國(統計數值),https://data.gov.tw/dataset/16480,downloaded,Includes self-generation
capacity_total,Installed capacity,裝置容量,history,2015,48.6655,GW,Taiwan (national),moeaea_capacity_annual,"Energy Administration, 發電裝置容量年資料 (annual capacity)",column 總發電裝置容量_全國(統計數值),https://data.gov.tw/dataset/16480,downloaded,Includes self-generation
capacity_total,Installed capacity,裝置容量,history,2016,49.5794,GW,Taiwan (national),moeaea_capacity_annual,"Energy Administration, 發電裝置容量年資料 (annual capacity)",column 總發電裝置容量_全國(統計數值),https://data.gov.tw/dataset/16480,downloaded,Includes self-generation
capacity_total,Installed capacity,裝置容量,history,2017,49.2859,GW,Taiwan (national),moeaea_capacity_annual,"Energy Administration, 發電裝置容量年資料 (annual capacity)",column 總發電裝置容量_全國(統計數值),https://data.gov.tw/dataset/16480,downloaded,Includes self-generation
capacity_total,Installed capacity,裝置容量,history,2018,52.6658,GW,Taiwan (national),moeaea_capacity_annual,"Energy Administration, 發電裝置容量年資料 (annual capacity)",column 總發電裝置容量_全國(統計數值),https://data.gov.tw/dataset/16480,downloaded,Includes self-generation
capacity_total,Installed capacity,裝置容量,history,2019,56.1385,GW,Taiwan (national),moeaea_capacity_annual,"Energy Administration, 發電裝置容量年資料 (annual capacity)",column 總發電裝置容量_全國(統計數值),https://data.gov.tw/dataset/16480,downloaded,Includes self-generation
capacity_total,Installed capacity,裝置容量,history,2020,57.8219,GW,Taiwan (national),moeaea_capacity_annual,"Energy Administration, 發電裝置容量年資料 (annual capacity)",column 總發電裝置容量_全國(統計數值),https://data.gov.tw/dataset/16480,downloaded,Includes self-generation
capacity_total,Installed capacity,裝置容量,history,2021,59.4007,GW,Taiwan (national),moeaea_capacity_annual,"Energy Administration, 發電裝置容量年資料 (annual capacity)",column 總發電裝置容量_全國(統計數值),https://data.gov.tw/dataset/16480,downloaded,Includes self-generation
capacity_total,Installed capacity,裝置容量,history,2022,61.9426,GW,Taiwan (national),moeaea_capacity_annual,"Energy Administration, 發電裝置容量年資料 (annual capacity)",column 總發電裝置容量_全國(統計數值),https://data.gov.tw/dataset/16480,downloaded,Includes self-generation
capacity_total,Installed capacity,裝置容量,history,2023,64.044,GW,Taiwan (national),moeaea_capacity_annual,"Energy Administration, 發電裝置容量年資料 (annual capacity)",column 總發電裝置容量_全國(統計數值),https://data.gov.tw/dataset/16480,downloaded,Includes self-generation
capacity_total,Installed capacity,裝置容量,history,2024,66.7886,GW,Taiwan (national),moeaea_capacity_annual,"Energy Administration, 發電裝置容量年資料 (annual capacity)",column 總發電裝置容量_全國(統計數值),https://data.gov.tw/dataset/16480,downloaded,Includes self-generation
capacity_total,Installed capacity,裝置容量,history,2025,69.8585,GW,Taiwan (national),moeaea_capacity_annual,"Energy Administration, 發電裝置容量年資料 (annual capacity)",column 總發電裝置容量_全國(統計數值),https://data.gov.tw/dataset/16480,downloaded,Includes self-generation
capacity_waste,Capacity: Waste,裝置容量：廢棄物,history,2005,0.5838,GW,Taiwan (national),moeaea_capacity_annual,"Energy Administration, 發電裝置容量年資料 (annual capacity)",column 再生能源_廢棄物_全國(統計數值),https://data.gov.tw/dataset/16480,downloaded,
capacity_waste,Capacity: Waste,裝置容量：廢棄物,history,2006,0.6095,GW,Taiwan (national),moeaea_capacity_annual,"Energy Administration, 發電裝置容量年資料 (annual capacity)",column 再生能源_廢棄物_全國(統計數值),https://data.gov.tw/dataset/16480,downloaded,
capacity_waste,Capacity: Waste,裝置容量：廢棄物,history,2007,0.6225,GW,Taiwan (national),moeaea_capacity_annual,"Energy Administration, 發電裝置容量年資料 (annual capacity)",column 再生能源_廢棄物_全國(統計數值),https://data.gov.tw/dataset/16480,downloaded,
capacity_waste,Capacity: Waste,裝置容量：廢棄物,history,2008,0.6225,GW,Taiwan (national),moeaea_capacity_annual,"Energy Administration, 發電裝置容量年資料 (annual capacity)",column 再生能源_廢棄物_全國(統計數值),https://data.gov.tw/dataset/16480,downloaded,
capacity_waste,Capacity: Waste,裝置容量：廢棄物,history,2009,0.6225,GW,Taiwan (national),moeaea_capacity_annual,"Energy Administration, 發電裝置容量年資料 (annual capacity)",column 再生能源_廢棄物_全國(統計數值),https://data.gov.tw/dataset/16480,downloaded,
capacity_waste,Capacity: Waste,裝置容量：廢棄物,history,2010,0.6225,GW,Taiwan (national),moeaea_capacity_annual,"Energy Administration, 發電裝置容量年資料 (annual capacity)",column 再生能源_廢棄物_全國(統計數值),https://data.gov.tw/dataset/16480,downloaded,
capacity_waste,Capacity: Waste,裝置容量：廢棄物,history,2011,0.6244,GW,Taiwan (national),moeaea_capacity_annual,"Energy Administration, 發電裝置容量年資料 (annual capacity)",column 再生能源_廢棄物_全國(統計數值),https://data.gov.tw/dataset/16480,downloaded,
capacity_waste,Capacity: Waste,裝置容量：廢棄物,history,2012,0.6291,GW,Taiwan (national),moeaea_capacity_annual,"Energy Administration, 發電裝置容量年資料 (annual capacity)",column 再生能源_廢棄物_全國(統計數值),https://data.gov.tw/dataset/16480,downloaded,
capacity_waste,Capacity: Waste,裝置容量：廢棄物,history,2013,0.6291,GW,Taiwan (national),moeaea_capacity_annual,"Energy Administration, 發電裝置容量年資料 (annual capacity)",column 再生能源_廢棄物_全國(統計數值),https://data.gov.tw/dataset/16480,downloaded,
capacity_waste,Capacity: Waste,裝置容量：廢棄物,history,2014,0.6291,GW,Taiwan (national),moeaea_capacity_annual,"Energy Administration, 發電裝置容量年資料 (annual capacity)",column 再生能源_廢棄物_全國(統計數值),https://data.gov.tw/dataset/16480,downloaded,
capacity_waste,Capacity: Waste,裝置容量：廢棄物,history,2015,0.6291,GW,Taiwan (national),moeaea_capacity_annual,"Energy Administration, 發電裝置容量年資料 (annual capacity)",column 再生能源_廢棄物_全國(統計數值),https://data.gov.tw/dataset/16480,downloaded,
capacity_waste,Capacity: Waste,裝置容量：廢棄物,history,2016,0.6291,GW,Taiwan (national),moeaea_capacity_annual,"Energy Administration, 發電裝置容量年資料 (annual capacity)",column 再生能源_廢棄物_全國(統計數值),https://data.gov.tw/dataset/16480,downloaded,
capacity_waste,Capacity: Waste,裝置容量：廢棄物,history,2017,0.6291,GW,Taiwan (national),moeaea_capacity_annual,"Energy Administration, 發電裝置容量年資料 (annual capacity)",column 再生能源_廢棄物_全國(統計數值),https://data.gov.tw/dataset/16480,downloaded,
capacity_waste,Capacity: Waste,裝置容量：廢棄物,history,2018,0.6319,GW,Taiwan (national),moeaea_capacity_annual,"Energy Administration, 發電裝置容量年資料 (annual capacity)",column 再生能源_廢棄物_全國(統計數值),https://data.gov.tw/dataset/16480,downloaded,
capacity_waste,Capacity: Waste,裝置容量：廢棄物,history,2019,0.6319,GW,Taiwan (national),moeaea_capacity_annual,"Energy Administration, 發電裝置容量年資料 (annual capacity)",column 再生能源_廢棄物_全國(統計數值),https://data.gov.tw/dataset/16480,downloaded,
capacity_waste,Capacity: Waste,裝置容量：廢棄物,history,2020,0.6319,GW,Taiwan (national),moeaea_capacity_annual,"Energy Administration, 發電裝置容量年資料 (annual capacity)",column 再生能源_廢棄物_全國(統計數值),https://data.gov.tw/dataset/16480,downloaded,
capacity_waste,Capacity: Waste,裝置容量：廢棄物,history,2021,0.6319,GW,Taiwan (national),moeaea_capacity_annual,"Energy Administration, 發電裝置容量年資料 (annual capacity)",column 再生能源_廢棄物_全國(統計數值),https://data.gov.tw/dataset/16480,downloaded,
capacity_waste,Capacity: Waste,裝置容量：廢棄物,history,2022,0.6319,GW,Taiwan (national),moeaea_capacity_annual,"Energy Administration, 發電裝置容量年資料 (annual capacity)",column 再生能源_廢棄物_全國(統計數值),https://data.gov.tw/dataset/16480,downloaded,
capacity_waste,Capacity: Waste,裝置容量：廢棄物,history,2023,0.6665,GW,Taiwan (national),moeaea_capacity_annual,"Energy Administration, 發電裝置容量年資料 (annual capacity)",column 再生能源_廢棄物_全國(統計數值),https://data.gov.tw/dataset/16480,downloaded,
capacity_waste,Capacity: Waste,裝置容量：廢棄物,history,2024,0.6665,GW,Taiwan (national),moeaea_capacity_annual,"Energy Administration, 發電裝置容量年資料 (annual capacity)",column 再生能源_廢棄物_全國(統計數值),https://data.gov.tw/dataset/16480,downloaded,
capacity_waste,Capacity: Waste,裝置容量：廢棄物,history,2025,0.6645,GW,Taiwan (national),moeaea_capacity_annual,"Energy Administration, 發電裝置容量年資料 (annual capacity)",column 再生能源_廢棄物_全國(統計數值),https://data.gov.tw/dataset/16480,downloaded,
capacity_wind,Capacity: Wind,裝置容量：風力,history,2005,0.0239,GW,Taiwan (national),moeaea_capacity_annual,"Energy Administration, 發電裝置容量年資料 (annual capacity)",column 再生能源_風力_全國(統計數值),https://data.gov.tw/dataset/16480,downloaded,
capacity_wind,Capacity: Wind,裝置容量：風力,history,2006,0.102,GW,Taiwan (national),moeaea_capacity_annual,"Energy Administration, 發電裝置容量年資料 (annual capacity)",column 再生能源_風力_全國(統計數值),https://data.gov.tw/dataset/16480,downloaded,
capacity_wind,Capacity: Wind,裝置容量：風力,history,2007,0.186,GW,Taiwan (national),moeaea_capacity_annual,"Energy Administration, 發電裝置容量年資料 (annual capacity)",column 再生能源_風力_全國(統計數值),https://data.gov.tw/dataset/16480,downloaded,
capacity_wind,Capacity: Wind,裝置容量：風力,history,2008,0.2504,GW,Taiwan (national),moeaea_capacity_annual,"Energy Administration, 發電裝置容量年資料 (annual capacity)",column 再生能源_風力_全國(統計數值),https://data.gov.tw/dataset/16480,downloaded,
capacity_wind,Capacity: Wind,裝置容量：風力,history,2009,0.3743,GW,Taiwan (national),moeaea_capacity_annual,"Energy Administration, 發電裝置容量年資料 (annual capacity)",column 再生能源_風力_全國(統計數值),https://data.gov.tw/dataset/16480,downloaded,
capacity_wind,Capacity: Wind,裝置容量：風力,history,2010,0.4759,GW,Taiwan (national),moeaea_capacity_annual,"Energy Administration, 發電裝置容量年資料 (annual capacity)",column 再生能源_風力_全國(統計數值),https://data.gov.tw/dataset/16480,downloaded,
capacity_wind,Capacity: Wind,裝置容量：風力,history,2011,0.5227,GW,Taiwan (national),moeaea_capacity_annual,"Energy Administration, 發電裝置容量年資料 (annual capacity)",column 再生能源_風力_全國(統計數值),https://data.gov.tw/dataset/16480,downloaded,
capacity_wind,Capacity: Wind,裝置容量：風力,history,2012,0.571,GW,Taiwan (national),moeaea_capacity_annual,"Energy Administration, 發電裝置容量年資料 (annual capacity)",column 再生能源_風力_全國(統計數值),https://data.gov.tw/dataset/16480,downloaded,
capacity_wind,Capacity: Wind,裝置容量：風力,history,2013,0.6142,GW,Taiwan (national),moeaea_capacity_annual,"Energy Administration, 發電裝置容量年資料 (annual capacity)",column 再生能源_風力_全國(統計數值),https://data.gov.tw/dataset/16480,downloaded,
capacity_wind,Capacity: Wind,裝置容量：風力,history,2014,0.6372,GW,Taiwan (national),moeaea_capacity_annual,"Energy Administration, 發電裝置容量年資料 (annual capacity)",column 再生能源_風力_全國(統計數值),https://data.gov.tw/dataset/16480,downloaded,
capacity_wind,Capacity: Wind,裝置容量：風力,history,2015,0.6467,GW,Taiwan (national),moeaea_capacity_annual,"Energy Administration, 發電裝置容量年資料 (annual capacity)",column 再生能源_風力_全國(統計數值),https://data.gov.tw/dataset/16480,downloaded,
capacity_wind,Capacity: Wind,裝置容量：風力,history,2016,0.6821,GW,Taiwan (national),moeaea_capacity_annual,"Energy Administration, 發電裝置容量年資料 (annual capacity)",column 再生能源_風力_全國(統計數值),https://data.gov.tw/dataset/16480,downloaded,
capacity_wind,Capacity: Wind,裝置容量：風力,history,2017,0.6924,GW,Taiwan (national),moeaea_capacity_annual,"Energy Administration, 發電裝置容量年資料 (annual capacity)",column 再生能源_風力_全國(統計數值),https://data.gov.tw/dataset/16480,downloaded,
capacity_wind,Capacity: Wind,裝置容量：風力,history,2018,0.7132,GW,Taiwan (national),moeaea_capacity_annual,"Energy Administration, 發電裝置容量年資料 (annual capacity)",column 再生能源_風力_全國(統計數值),https://data.gov.tw/dataset/16480,downloaded,
capacity_wind,Capacity: Wind,裝置容量：風力,history,2019,0.8452,GW,Taiwan (national),moeaea_capacity_annual,"Energy Administration, 發電裝置容量年資料 (annual capacity)",column 再生能源_風力_全國(統計數值),https://data.gov.tw/dataset/16480,downloaded,
capacity_wind,Capacity: Wind,裝置容量：風力,history,2020,0.9371,GW,Taiwan (national),moeaea_capacity_annual,"Energy Administration, 發電裝置容量年資料 (annual capacity)",column 再生能源_風力_全國(統計數值),https://data.gov.tw/dataset/16480,downloaded,
capacity_wind,Capacity: Wind,裝置容量：風力,history,2021,1.0942,GW,Taiwan (national),moeaea_capacity_annual,"Energy Administration, 發電裝置容量年資料 (annual capacity)",column 再生能源_風力_全國(統計數值),https://data.gov.tw/dataset/16480,downloaded,
capacity_wind,Capacity: Wind,裝置容量：風力,history,2022,1.5811,GW,Taiwan (national),moeaea_capacity_annual,"Energy Administration, 發電裝置容量年資料 (annual capacity)",column 再生能源_風力_全國(統計數值),https://data.gov.tw/dataset/16480,downloaded,
capacity_wind,Capacity: Wind,裝置容量：風力,history,2023,2.6774,GW,Taiwan (national),moeaea_capacity_annual,"Energy Administration, 發電裝置容量年資料 (annual capacity)",column 再生能源_風力_全國(統計數值),https://data.gov.tw/dataset/16480,downloaded,
capacity_wind,Capacity: Wind,裝置容量：風力,history,2024,3.905,GW,Taiwan (national),moeaea_capacity_annual,"Energy Administration, 發電裝置容量年資料 (annual capacity)",column 再生能源_風力_全國(統計數值),https://data.gov.tw/dataset/16480,downloaded,
capacity_wind,Capacity: Wind,裝置容量：風力,history,2025,4.5172,GW,Taiwan (national),moeaea_capacity_annual,"Energy Administration, 發電裝置容量年資料 (annual capacity)",column 再生能源_風力_全國(統計數值),https://data.gov.tw/dataset/16480,downloaded,
co2_fuel_combustion,CO2 from fuel combustion (all sectors),燃料燃燒二氧化碳排放量,history,2005,247.9561,Mt,Taiwan (national),moeaea_indicators_annual,"Energy Administration, 能源指標年資料 (annual energy indicators)",column 燃料燃燒二氧化碳排放量(百萬公噸),https://data.gov.tw/dataset/8308,downloaded,
co2_fuel_combustion,CO2 from fuel combustion (all sectors),燃料燃燒二氧化碳排放量,history,2006,255.3301,Mt,Taiwan (national),moeaea_indicators_annual,"Energy Administration, 能源指標年資料 (annual energy indicators)",column 燃料燃燒二氧化碳排放量(百萬公噸),https://data.gov.tw/dataset/8308,downloaded,
co2_fuel_combustion,CO2 from fuel combustion (all sectors),燃料燃燒二氧化碳排放量,history,2007,259.2146,Mt,Taiwan (national),moeaea_indicators_annual,"Energy Administration, 能源指標年資料 (annual energy indicators)",column 燃料燃燒二氧化碳排放量(百萬公噸),https://data.gov.tw/dataset/8308,downloaded,
co2_fuel_combustion,CO2 from fuel combustion (all sectors),燃料燃燒二氧化碳排放量,history,2008,247.5365,Mt,Taiwan (national),moeaea_indicators_annual,"Energy Administration, 能源指標年資料 (annual energy indicators)",column 燃料燃燒二氧化碳排放量(百萬公噸),https://data.gov.tw/dataset/8308,downloaded,
co2_fuel_combustion,CO2 from fuel combustion (all sectors),燃料燃燒二氧化碳排放量,history,2009,235.8676,Mt,Taiwan (national),moeaea_indicators_annual,"Energy Administration, 能源指標年資料 (annual energy indicators)",column 燃料燃燒二氧化碳排放量(百萬公噸),https://data.gov.tw/dataset/8308,downloaded,
co2_fuel_combustion,CO2 from fuel combustion (all sectors),燃料燃燒二氧化碳排放量,history,2010,251.7081,Mt,Taiwan (national),moeaea_indicators_annual,"Energy Administration, 能源指標年資料 (annual energy indicators)",column 燃料燃燒二氧化碳排放量(百萬公噸),https://data.gov.tw/dataset/8308,downloaded,
co2_fuel_combustion,CO2 from fuel combustion (all sectors),燃料燃燒二氧化碳排放量,history,2011,257.0965,Mt,Taiwan (national),moeaea_indicators_annual,"Energy Administration, 能源指標年資料 (annual energy indicators)",column 燃料燃燒二氧化碳排放量(百萬公噸),https://data.gov.tw/dataset/8308,downloaded,
co2_fuel_combustion,CO2 from fuel combustion (all sectors),燃料燃燒二氧化碳排放量,history,2012,253.2014,Mt,Taiwan (national),moeaea_indicators_annual,"Energy Administration, 能源指標年資料 (annual energy indicators)",column 燃料燃燒二氧化碳排放量(百萬公噸),https://data.gov.tw/dataset/8308,downloaded,
co2_fuel_combustion,CO2 from fuel combustion (all sectors),燃料燃燒二氧化碳排放量,history,2013,254.1091,Mt,Taiwan (national),moeaea_indicators_annual,"Energy Administration, 能源指標年資料 (annual energy indicators)",column 燃料燃燒二氧化碳排放量(百萬公噸),https://data.gov.tw/dataset/8308,downloaded,
co2_fuel_combustion,CO2 from fuel combustion (all sectors),燃料燃燒二氧化碳排放量,history,2014,258.4801,Mt,Taiwan (national),moeaea_indicators_annual,"Energy Administration, 能源指標年資料 (annual energy indicators)",column 燃料燃燒二氧化碳排放量(百萬公噸),https://data.gov.tw/dataset/8308,downloaded,
co2_fuel_combustion,CO2 from fuel combustion (all sectors),燃料燃燒二氧化碳排放量,history,2015,258.4752,Mt,Taiwan (national),moeaea_indicators_annual,"Energy Administration, 能源指標年資料 (annual energy indicators)",column 燃料燃燒二氧化碳排放量(百萬公噸),https://data.gov.tw/dataset/8308,downloaded,
co2_fuel_combustion,CO2 from fuel combustion (all sectors),燃料燃燒二氧化碳排放量,history,2016,262.9816,Mt,Taiwan (national),moeaea_indicators_annual,"Energy Administration, 能源指標年資料 (annual energy indicators)",column 燃料燃燒二氧化碳排放量(百萬公噸),https://data.gov.tw/dataset/8308,downloaded,
co2_fuel_combustion,CO2 from fuel combustion (all sectors),燃料燃燒二氧化碳排放量,history,2017,269.461,Mt,Taiwan (national),moeaea_indicators_annual,"Energy Administration, 能源指標年資料 (annual energy indicators)",column 燃料燃燒二氧化碳排放量(百萬公噸),https://data.gov.tw/dataset/8308,downloaded,
co2_fuel_combustion,CO2 from fuel combustion (all sectors),燃料燃燒二氧化碳排放量,history,2018,267.1419,Mt,Taiwan (national),moeaea_indicators_annual,"Energy Administration, 能源指標年資料 (annual energy indicators)",column 燃料燃燒二氧化碳排放量(百萬公噸),https://data.gov.tw/dataset/8308,downloaded,
co2_fuel_combustion,CO2 from fuel combustion (all sectors),燃料燃燒二氧化碳排放量,history,2019,258.8108,Mt,Taiwan (national),moeaea_indicators_annual,"Energy Administration, 能源指標年資料 (annual energy indicators)",column 燃料燃燒二氧化碳排放量(百萬公噸),https://data.gov.tw/dataset/8308,downloaded,
co2_fuel_combustion,CO2 from fuel combustion (all sectors),燃料燃燒二氧化碳排放量,history,2020,257.3899,Mt,Taiwan (national),moeaea_indicators_annual,"Energy Administration, 能源指標年資料 (annual energy indicators)",column 燃料燃燒二氧化碳排放量(百萬公噸),https://data.gov.tw/dataset/8308,downloaded,
co2_fuel_combustion,CO2 from fuel combustion (all sectors),燃料燃燒二氧化碳排放量,history,2021,266.9218,Mt,Taiwan (national),moeaea_indicators_annual,"Energy Administration, 能源指標年資料 (annual energy indicators)",column 燃料燃燒二氧化碳排放量(百萬公噸),https://data.gov.tw/dataset/8308,downloaded,
co2_fuel_combustion,CO2 from fuel combustion (all sectors),燃料燃燒二氧化碳排放量,history,2022,258.1423,Mt,Taiwan (national),moeaea_indicators_annual,"Energy Administration, 能源指標年資料 (annual energy indicators)",column 燃料燃燒二氧化碳排放量(百萬公噸),https://data.gov.tw/dataset/8308,downloaded,
co2_fuel_combustion,CO2 from fuel combustion (all sectors),燃料燃燒二氧化碳排放量,history,2023,250.5795,Mt,Taiwan (national),moeaea_indicators_annual,"Energy Administration, 能源指標年資料 (annual energy indicators)",column 燃料燃燒二氧化碳排放量(百萬公噸),https://data.gov.tw/dataset/8308,downloaded,
co2_fuel_combustion,CO2 from fuel combustion (all sectors),燃料燃燒二氧化碳排放量,history,2024,245.3073,Mt,Taiwan (national),moeaea_indicators_annual,"Energy Administration, 能源指標年資料 (annual energy indicators)",column 燃料燃燒二氧化碳排放量(百萬公噸),https://data.gov.tw/dataset/8308,downloaded,
co2_fuel_combustion,CO2 from fuel combustion (all sectors),燃料燃燒二氧化碳排放量,history,2025,239.5421,Mt,Taiwan (national),moeaea_indicators_annual,"Energy Administration, 能源指標年資料 (annual energy indicators)",column 燃料燃燒二氧化碳排放量(百萬公噸),https://data.gov.tw/dataset/8308,downloaded,
co2_sector_direct_agriculture,CO2 by sector (direct): Agriculture,部門別 CO2（直接排放）：農業部門,history,1990,2.946,Mt,Taiwan (national),moeaea_co2_by_sector,"Energy Administration, CO2 from fuel combustion by sector 1990-2025","附表1.1, year 1990, column 農業部門; transcribed in official/moeaea_co2_by_sector_1990_2025.csv",https://ea01.moeaea.gov.tw/a0303/02/publication/co2/,downloaded,Direct emissions: power plants count in the energy sector
co2_sector_direct_agriculture,CO2 by sector (direct): Agriculture,部門別 CO2（直接排放）：農業部門,history,1991,2.7,Mt,Taiwan (national),moeaea_co2_by_sector,"Energy Administration, CO2 from fuel combustion by sector 1990-2025","附表1.1, year 1991, column 農業部門; transcribed in official/moeaea_co2_by_sector_1990_2025.csv",https://ea01.moeaea.gov.tw/a0303/02/publication/co2/,downloaded,Direct emissions: power plants count in the energy sector
co2_sector_direct_agriculture,CO2 by sector (direct): Agriculture,部門別 CO2（直接排放）：農業部門,history,1992,2.672,Mt,Taiwan (national),moeaea_co2_by_sector,"Energy Administration, CO2 from fuel combustion by sector 1990-2025","附表1.1, year 1992, column 農業部門; transcribed in official/moeaea_co2_by_sector_1990_2025.csv",https://ea01.moeaea.gov.tw/a0303/02/publication/co2/,downloaded,Direct emissions: power plants count in the energy sector
co2_sector_direct_agriculture,CO2 by sector (direct): Agriculture,部門別 CO2（直接排放）：農業部門,history,1993,2.675,Mt,Taiwan (national),moeaea_co2_by_sector,"Energy Administration, CO2 from fuel combustion by sector 1990-2025","附表1.1, year 1993, column 農業部門; transcribed in official/moeaea_co2_by_sector_1990_2025.csv",https://ea01.moeaea.gov.tw/a0303/02/publication/co2/,downloaded,Direct emissions: power plants count in the energy sector
co2_sector_direct_agriculture,CO2 by sector (direct): Agriculture,部門別 CO2（直接排放）：農業部門,history,1994,2.721,Mt,Taiwan (national),moeaea_co2_by_sector,"Energy Administration, CO2 from fuel combustion by sector 1990-2025","附表1.1, year 1994, column 農業部門; transcribed in official/moeaea_co2_by_sector_1990_2025.csv",https://ea01.moeaea.gov.tw/a0303/02/publication/co2/,downloaded,Direct emissions: power plants count in the energy sector
co2_sector_direct_agriculture,CO2 by sector (direct): Agriculture,部門別 CO2（直接排放）：農業部門,history,1995,2.777,Mt,Taiwan (national),moeaea_co2_by_sector,"Energy Administration, CO2 from fuel combustion by sector 1990-2025","附表1.1, year 1995, column 農業部門; transcribed in official/moeaea_co2_by_sector_1990_2025.csv",https://ea01.moeaea.gov.tw/a0303/02/publication/co2/,downloaded,Direct emissions: power plants count in the energy sector
co2_sector_direct_agriculture,CO2 by sector (direct): Agriculture,部門別 CO2（直接排放）：農業部門,history,1996,2.805,Mt,Taiwan (national),moeaea_co2_by_sector,"Energy Administration, CO2 from fuel combustion by sector 1990-2025","附表1.1, year 1996, column 農業部門; transcribed in official/moeaea_co2_by_sector_1990_2025.csv",https://ea01.moeaea.gov.tw/a0303/02/publication/co2/,downloaded,Direct emissions: power plants count in the energy sector
co2_sector_direct_agriculture,CO2 by sector (direct): Agriculture,部門別 CO2（直接排放）：農業部門,history,1997,2.475,Mt,Taiwan (national),moeaea_co2_by_sector,"Energy Administration, CO2 from fuel combustion by sector 1990-2025","附表1.1, year 1997, column 農業部門; transcribed in official/moeaea_co2_by_sector_1990_2025.csv",https://ea01.moeaea.gov.tw/a0303/02/publication/co2/,downloaded,Direct emissions: power plants count in the energy sector
co2_sector_direct_agriculture,CO2 by sector (direct): Agriculture,部門別 CO2（直接排放）：農業部門,history,1998,2.041,Mt,Taiwan (national),moeaea_co2_by_sector,"Energy Administration, CO2 from fuel combustion by sector 1990-2025","附表1.1, year 1998, column 農業部門; transcribed in official/moeaea_co2_by_sector_1990_2025.csv",https://ea01.moeaea.gov.tw/a0303/02/publication/co2/,downloaded,Direct emissions: power plants count in the energy sector
co2_sector_direct_agriculture,CO2 by sector (direct): Agriculture,部門別 CO2（直接排放）：農業部門,history,1999,2.04,Mt,Taiwan (national),moeaea_co2_by_sector,"Energy Administration, CO2 from fuel combustion by sector 1990-2025","附表1.1, year 1999, column 農業部門; transcribed in official/moeaea_co2_by_sector_1990_2025.csv",https://ea01.moeaea.gov.tw/a0303/02/publication/co2/,downloaded,Direct emissions: power plants count in the energy sector
co2_sector_direct_agriculture,CO2 by sector (direct): Agriculture,部門別 CO2（直接排放）：農業部門,history,2000,2.362,Mt,Taiwan (national),moeaea_co2_by_sector,"Energy Administration, CO2 from fuel combustion by sector 1990-2025","附表1.1, year 2000, column 農業部門; transcribed in official/moeaea_co2_by_sector_1990_2025.csv",https://ea01.moeaea.gov.tw/a0303/02/publication/co2/,downloaded,Direct emissions: power plants count in the energy sector
co2_sector_direct_agriculture,CO2 by sector (direct): Agriculture,部門別 CO2（直接排放）：農業部門,history,2001,2.455,Mt,Taiwan (national),moeaea_co2_by_sector,"Energy Administration, CO2 from fuel combustion by sector 1990-2025","附表1.1, year 2001, column 農業部門; transcribed in official/moeaea_co2_by_sector_1990_2025.csv",https://ea01.moeaea.gov.tw/a0303/02/publication/co2/,downloaded,Direct emissions: power plants count in the energy sector
co2_sector_direct_agriculture,CO2 by sector (direct): Agriculture,部門別 CO2（直接排放）：農業部門,history,2002,2.459,Mt,Taiwan (national),moeaea_co2_by_sector,"Energy Administration, CO2 from fuel combustion by sector 1990-2025","附表1.1, year 2002, column 農業部門; transcribed in official/moeaea_co2_by_sector_1990_2025.csv",https://ea01.moeaea.gov.tw/a0303/02/publication/co2/,downloaded,Direct emissions: power plants count in the energy sector
co2_sector_direct_agriculture,CO2 by sector (direct): Agriculture,部門別 CO2（直接排放）：農業部門,history,2003,2.811,Mt,Taiwan (national),moeaea_co2_by_sector,"Energy Administration, CO2 from fuel combustion by sector 1990-2025","附表1.1, year 2003, column 農業部門; transcribed in official/moeaea_co2_by_sector_1990_2025.csv",https://ea01.moeaea.gov.tw/a0303/02/publication/co2/,downloaded,Direct emissions: power plants count in the energy sector
co2_sector_direct_agriculture,CO2 by sector (direct): Agriculture,部門別 CO2（直接排放）：農業部門,history,2004,2.977,Mt,Taiwan (national),moeaea_co2_by_sector,"Energy Administration, CO2 from fuel combustion by sector 1990-2025","附表1.1, year 2004, column 農業部門; transcribed in official/moeaea_co2_by_sector_1990_2025.csv",https://ea01.moeaea.gov.tw/a0303/02/publication/co2/,downloaded,Direct emissions: power plants count in the energy sector
co2_sector_direct_agriculture,CO2 by sector (direct): Agriculture,部門別 CO2（直接排放）：農業部門,history,2005,2.627,Mt,Taiwan (national),moeaea_co2_by_sector,"Energy Administration, CO2 from fuel combustion by sector 1990-2025","附表1.1, year 2005, column 農業部門; transcribed in official/moeaea_co2_by_sector_1990_2025.csv",https://ea01.moeaea.gov.tw/a0303/02/publication/co2/,downloaded,Direct emissions: power plants count in the energy sector
co2_sector_direct_agriculture,CO2 by sector (direct): Agriculture,部門別 CO2（直接排放）：農業部門,history,2006,1.647,Mt,Taiwan (national),moeaea_co2_by_sector,"Energy Administration, CO2 from fuel combustion by sector 1990-2025","附表1.1, year 2006, column 農業部門; transcribed in official/moeaea_co2_by_sector_1990_2025.csv",https://ea01.moeaea.gov.tw/a0303/02/publication/co2/,downloaded,Direct emissions: power plants count in the energy sector
co2_sector_direct_agriculture,CO2 by sector (direct): Agriculture,部門別 CO2（直接排放）：農業部門,history,2007,1.091,Mt,Taiwan (national),moeaea_co2_by_sector,"Energy Administration, CO2 from fuel combustion by sector 1990-2025","附表1.1, year 2007, column 農業部門; transcribed in official/moeaea_co2_by_sector_1990_2025.csv",https://ea01.moeaea.gov.tw/a0303/02/publication/co2/,downloaded,Direct emissions: power plants count in the energy sector
co2_sector_direct_agriculture,CO2 by sector (direct): Agriculture,部門別 CO2（直接排放）：農業部門,history,2008,1.543,Mt,Taiwan (national),moeaea_co2_by_sector,"Energy Administration, CO2 from fuel combustion by sector 1990-2025","附表1.1, year 2008, column 農業部門; transcribed in official/moeaea_co2_by_sector_1990_2025.csv",https://ea01.moeaea.gov.tw/a0303/02/publication/co2/,downloaded,Direct emissions: power plants count in the energy sector
co2_sector_direct_agriculture,CO2 by sector (direct): Agriculture,部門別 CO2（直接排放）：農業部門,history,2009,1.169,Mt,Taiwan (national),moeaea_co2_by_sector,"Energy Administration, CO2 from fuel combustion by sector 1990-2025","附表1.1, year 2009, column 農業部門; transcribed in official/moeaea_co2_by_sector_1990_2025.csv",https://ea01.moeaea.gov.tw/a0303/02/publication/co2/,downloaded,Direct emissions: power plants count in the energy sector
co2_sector_direct_agriculture,CO2 by sector (direct): Agriculture,部門別 CO2（直接排放）：農業部門,history,2010,1.113,Mt,Taiwan (national),moeaea_co2_by_sector,"Energy Administration, CO2 from fuel combustion by sector 1990-2025","附表1.1, year 2010, column 農業部門; transcribed in official/moeaea_co2_by_sector_1990_2025.csv",https://ea01.moeaea.gov.tw/a0303/02/publication/co2/,downloaded,Direct emissions: power plants count in the energy sector
co2_sector_direct_agriculture,CO2 by sector (direct): Agriculture,部門別 CO2（直接排放）：農業部門,history,2011,1.123,Mt,Taiwan (national),moeaea_co2_by_sector,"Energy Administration, CO2 from fuel combustion by sector 1990-2025","附表1.1, year 2011, column 農業部門; transcribed in official/moeaea_co2_by_sector_1990_2025.csv",https://ea01.moeaea.gov.tw/a0303/02/publication/co2/,downloaded,Direct emissions: power plants count in the energy sector
co2_sector_direct_agriculture,CO2 by sector (direct): Agriculture,部門別 CO2（直接排放）：農業部門,history,2012,1.259,Mt,Taiwan (national),moeaea_co2_by_sector,"Energy Administration, CO2 from fuel combustion by sector 1990-2025","附表1.1, year 2012, column 農業部門; transcribed in official/moeaea_co2_by_sector_1990_2025.csv",https://ea01.moeaea.gov.tw/a0303/02/publication/co2/,downloaded,Direct emissions: power plants count in the energy sector
co2_sector_direct_agriculture,CO2 by sector (direct): Agriculture,部門別 CO2（直接排放）：農業部門,history,2013,1.274,Mt,Taiwan (national),moeaea_co2_by_sector,"Energy Administration, CO2 from fuel combustion by sector 1990-2025","附表1.1, year 2013, column 農業部門; transcribed in official/moeaea_co2_by_sector_1990_2025.csv",https://ea01.moeaea.gov.tw/a0303/02/publication/co2/,downloaded,Direct emissions: power plants count in the energy sector
co2_sector_direct_agriculture,CO2 by sector (direct): Agriculture,部門別 CO2（直接排放）：農業部門,history,2014,1.343,Mt,Taiwan (national),moeaea_co2_by_sector,"Energy Administration, CO2 from fuel combustion by sector 1990-2025","附表1.1, year 2014, column 農業部門; transcribed in official/moeaea_co2_by_sector_1990_2025.csv",https://ea01.moeaea.gov.tw/a0303/02/publication/co2/,downloaded,Direct emissions: power plants count in the energy sector
co2_sector_direct_agriculture,CO2 by sector (direct): Agriculture,部門別 CO2（直接排放）：農業部門,history,2015,1.287,Mt,Taiwan (national),moeaea_co2_by_sector,"Energy Administration, CO2 from fuel combustion by sector 1990-2025","附表1.1, year 2015, column 農業部門; transcribed in official/moeaea_co2_by_sector_1990_2025.csv",https://ea01.moeaea.gov.tw/a0303/02/publication/co2/,downloaded,Direct emissions: power plants count in the energy sector
co2_sector_direct_agriculture,CO2 by sector (direct): Agriculture,部門別 CO2（直接排放）：農業部門,history,2016,1.276,Mt,Taiwan (national),moeaea_co2_by_sector,"Energy Administration, CO2 from fuel combustion by sector 1990-2025","附表1.1, year 2016, column 農業部門; transcribed in official/moeaea_co2_by_sector_1990_2025.csv",https://ea01.moeaea.gov.tw/a0303/02/publication/co2/,downloaded,Direct emissions: power plants count in the energy sector
co2_sector_direct_agriculture,CO2 by sector (direct): Agriculture,部門別 CO2（直接排放）：農業部門,history,2017,1.203,Mt,Taiwan (national),moeaea_co2_by_sector,"Energy Administration, CO2 from fuel combustion by sector 1990-2025","附表1.1, year 2017, column 農業部門; transcribed in official/moeaea_co2_by_sector_1990_2025.csv",https://ea01.moeaea.gov.tw/a0303/02/publication/co2/,downloaded,Direct emissions: power plants count in the energy sector
co2_sector_direct_agriculture,CO2 by sector (direct): Agriculture,部門別 CO2（直接排放）：農業部門,history,2018,1.515,Mt,Taiwan (national),moeaea_co2_by_sector,"Energy Administration, CO2 from fuel combustion by sector 1990-2025","附表1.1, year 2018, column 農業部門; transcribed in official/moeaea_co2_by_sector_1990_2025.csv",https://ea01.moeaea.gov.tw/a0303/02/publication/co2/,downloaded,Direct emissions: power plants count in the energy sector
co2_sector_direct_agriculture,CO2 by sector (direct): Agriculture,部門別 CO2（直接排放）：農業部門,history,2019,1.518,Mt,Taiwan (national),moeaea_co2_by_sector,"Energy Administration, CO2 from fuel combustion by sector 1990-2025","附表1.1, year 2019, column 農業部門; transcribed in official/moeaea_co2_by_sector_1990_2025.csv",https://ea01.moeaea.gov.tw/a0303/02/publication/co2/,downloaded,Direct emissions: power plants count in the energy sector
co2_sector_direct_agriculture,CO2 by sector (direct): Agriculture,部門別 CO2（直接排放）：農業部門,history,2020,1.328,Mt,Taiwan (national),moeaea_co2_by_sector,"Energy Administration, CO2 from fuel combustion by sector 1990-2025","附表1.1, year 2020, column 農業部門; transcribed in official/moeaea_co2_by_sector_1990_2025.csv",https://ea01.moeaea.gov.tw/a0303/02/publication/co2/,downloaded,Direct emissions: power plants count in the energy sector
co2_sector_direct_agriculture,CO2 by sector (direct): Agriculture,部門別 CO2（直接排放）：農業部門,history,2021,1.318,Mt,Taiwan (national),moeaea_co2_by_sector,"Energy Administration, CO2 from fuel combustion by sector 1990-2025","附表1.1, year 2021, column 農業部門; transcribed in official/moeaea_co2_by_sector_1990_2025.csv",https://ea01.moeaea.gov.tw/a0303/02/publication/co2/,downloaded,Direct emissions: power plants count in the energy sector
co2_sector_direct_agriculture,CO2 by sector (direct): Agriculture,部門別 CO2（直接排放）：農業部門,history,2022,1.368,Mt,Taiwan (national),moeaea_co2_by_sector,"Energy Administration, CO2 from fuel combustion by sector 1990-2025","附表1.1, year 2022, column 農業部門; transcribed in official/moeaea_co2_by_sector_1990_2025.csv",https://ea01.moeaea.gov.tw/a0303/02/publication/co2/,downloaded,Direct emissions: power plants count in the energy sector
co2_sector_direct_agriculture,CO2 by sector (direct): Agriculture,部門別 CO2（直接排放）：農業部門,history,2023,1.532,Mt,Taiwan (national),moeaea_co2_by_sector,"Energy Administration, CO2 from fuel combustion by sector 1990-2025","附表1.1, year 2023, column 農業部門; transcribed in official/moeaea_co2_by_sector_1990_2025.csv",https://ea01.moeaea.gov.tw/a0303/02/publication/co2/,downloaded,Direct emissions: power plants count in the energy sector
co2_sector_direct_agriculture,CO2 by sector (direct): Agriculture,部門別 CO2（直接排放）：農業部門,history,2024,1.615,Mt,Taiwan (national),moeaea_co2_by_sector,"Energy Administration, CO2 from fuel combustion by sector 1990-2025","附表1.1, year 2024, column 農業部門; transcribed in official/moeaea_co2_by_sector_1990_2025.csv",https://ea01.moeaea.gov.tw/a0303/02/publication/co2/,downloaded,Direct emissions: power plants count in the energy sector
co2_sector_direct_agriculture,CO2 by sector (direct): Agriculture,部門別 CO2（直接排放）：農業部門,history,2025,1.585,Mt,Taiwan (national),moeaea_co2_by_sector,"Energy Administration, CO2 from fuel combustion by sector 1990-2025","附表1.1, year 2025, column 農業部門; transcribed in official/moeaea_co2_by_sector_1990_2025.csv",https://ea01.moeaea.gov.tw/a0303/02/publication/co2/,downloaded,Direct emissions: power plants count in the energy sector
co2_sector_direct_energy,CO2 by sector (direct): Energy sector,部門別 CO2（直接排放）：能源部門,history,1990,49.123,Mt,Taiwan (national),moeaea_co2_by_sector,"Energy Administration, CO2 from fuel combustion by sector 1990-2025","附表1.1, year 1990, column 能源部門; transcribed in official/moeaea_co2_by_sector_1990_2025.csv",https://ea01.moeaea.gov.tw/a0303/02/publication/co2/,downloaded,Direct emissions: power plants count in the energy sector
co2_sector_direct_energy,CO2 by sector (direct): Energy sector,部門別 CO2（直接排放）：能源部門,history,1991,55.126,Mt,Taiwan (national),moeaea_co2_by_sector,"Energy Administration, CO2 from fuel combustion by sector 1990-2025","附表1.1, year 1991, column 能源部門; transcribed in official/moeaea_co2_by_sector_1990_2025.csv",https://ea01.moeaea.gov.tw/a0303/02/publication/co2/,downloaded,Direct emissions: power plants count in the energy sector
co2_sector_direct_energy,CO2 by sector (direct): Energy sector,部門別 CO2（直接排放）：能源部門,history,1992,57.508,Mt,Taiwan (national),moeaea_co2_by_sector,"Energy Administration, CO2 from fuel combustion by sector 1990-2025","附表1.1, year 1992, column 能源部門; transcribed in official/moeaea_co2_by_sector_1990_2025.csv",https://ea01.moeaea.gov.tw/a0303/02/publication/co2/,downloaded,Direct emissions: power plants count in the energy sector
co2_sector_direct_energy,CO2 by sector (direct): Energy sector,部門別 CO2（直接排放）：能源部門,history,1993,64.745,Mt,Taiwan (national),moeaea_co2_by_sector,"Energy Administration, CO2 from fuel combustion by sector 1990-2025","附表1.1, year 1993, column 能源部門; transcribed in official/moeaea_co2_by_sector_1990_2025.csv",https://ea01.moeaea.gov.tw/a0303/02/publication/co2/,downloaded,Direct emissions: power plants count in the energy sector
co2_sector_direct_energy,CO2 by sector (direct): Energy sector,部門別 CO2（直接排放）：能源部門,history,1994,69.487,Mt,Taiwan (national),moeaea_co2_by_sector,"Energy Administration, CO2 from fuel combustion by sector 1990-2025","附表1.1, year 1994, column 能源部門; transcribed in official/moeaea_co2_by_sector_1990_2025.csv",https://ea01.moeaea.gov.tw/a0303/02/publication/co2/,downloaded,Direct emissions: power plants count in the energy sector
co2_sector_direct_energy,CO2 by sector (direct): Energy sector,部門別 CO2（直接排放）：能源部門,history,1995,75.214,Mt,Taiwan (national),moeaea_co2_by_sector,"Energy Administration, CO2 from fuel combustion by sector 1990-2025","附表1.1, year 1995, column 能源部門; transcribed in official/moeaea_co2_by_sector_1990_2025.csv",https://ea01.moeaea.gov.tw/a0303/02/publication/co2/,downloaded,Direct emissions: power plants count in the energy sector
co2_sector_direct_energy,CO2 by sector (direct): Energy sector,部門別 CO2（直接排放）：能源部門,history,1996,80.103,Mt,Taiwan (national),moeaea_co2_by_sector,"Energy Administration, CO2 from fuel combustion by sector 1990-2025","附表1.1, year 1996, column 能源部門; transcribed in official/moeaea_co2_by_sector_1990_2025.csv",https://ea01.moeaea.gov.tw/a0303/02/publication/co2/,downloaded,Direct emissions: power plants count in the energy sector
co2_sector_direct_energy,CO2 by sector (direct): Energy sector,部門別 CO2（直接排放）：能源部門,history,1997,90.168,Mt,Taiwan (national),moeaea_co2_by_sector,"Energy Administration, CO2 from fuel combustion by sector 1990-2025","附表1.1, year 1997, column 能源部門; transcribed in official/moeaea_co2_by_sector_1990_2025.csv",https://ea01.moeaea.gov.tw/a0303/02/publication/co2/,downloaded,Direct emissions: power plants count in the energy sector
co2_sector_direct_energy,CO2 by sector (direct): Energy sector,部門別 CO2（直接排放）：能源部門,history,1998,99.375,Mt,Taiwan (national),moeaea_co2_by_sector,"Energy Administration, CO2 from fuel combustion by sector 1990-2025","附表1.1, year 1998, column 能源部門; transcribed in official/moeaea_co2_by_sector_1990_2025.csv",https://ea01.moeaea.gov.tw/a0303/02/publication/co2/,downloaded,Direct emissions: power plants count in the energy sector
co2_sector_direct_energy,CO2 by sector (direct): Energy sector,部門別 CO2（直接排放）：能源部門,history,1999,104.827,Mt,Taiwan (national),moeaea_co2_by_sector,"Energy Administration, CO2 from fuel combustion by sector 1990-2025","附表1.1, year 1999, column 能源部門; transcribed in official/moeaea_co2_by_sector_1990_2025.csv",https://ea01.moeaea.gov.tw/a0303/02/publication/co2/,downloaded,Direct emissions: power plants count in the energy sector
co2_sector_direct_energy,CO2 by sector (direct): Energy sector,部門別 CO2（直接排放）：能源部門,history,2000,119.268,Mt,Taiwan (national),moeaea_co2_by_sector,"Energy Administration, CO2 from fuel combustion by sector 1990-2025","附表1.1, year 2000, column 能源部門; transcribed in official/moeaea_co2_by_sector_1990_2025.csv",https://ea01.moeaea.gov.tw/a0303/02/publication/co2/,downloaded,Direct emissions: power plants count in the energy sector
co2_sector_direct_energy,CO2 by sector (direct): Energy sector,部門別 CO2（直接排放）：能源部門,history,2001,123.88,Mt,Taiwan (national),moeaea_co2_by_sector,"Energy Administration, CO2 from fuel combustion by sector 1990-2025","附表1.1, year 2001, column 能源部門; transcribed in official/moeaea_co2_by_sector_1990_2025.csv",https://ea01.moeaea.gov.tw/a0303/02/publication/co2/,downloaded,Direct emissions: power plants count in the energy sector
co2_sector_direct_energy,CO2 by sector (direct): Energy sector,部門別 CO2（直接排放）：能源部門,history,2002,128.157,Mt,Taiwan (national),moeaea_co2_by_sector,"Energy Administration, CO2 from fuel combustion by sector 1990-2025","附表1.1, year 2002, column 能源部門; transcribed in official/moeaea_co2_by_sector_1990_2025.csv",https://ea01.moeaea.gov.tw/a0303/02/publication/co2/,downloaded,Direct emissions: power plants count in the energy sector
co2_sector_direct_energy,CO2 by sector (direct): Energy sector,部門別 CO2（直接排放）：能源部門,history,2003,139.316,Mt,Taiwan (national),moeaea_co2_by_sector,"Energy Administration, CO2 from fuel combustion by sector 1990-2025","附表1.1, year 2003, column 能源部門; transcribed in official/moeaea_co2_by_sector_1990_2025.csv",https://ea01.moeaea.gov.tw/a0303/02/publication/co2/,downloaded,Direct emissions: power plants count in the energy sector
co2_sector_direct_energy,CO2 by sector (direct): Energy sector,部門別 CO2（直接排放）：能源部門,history,2004,147.288,Mt,Taiwan (national),moeaea_co2_by_sector,"Energy Administration, CO2 from fuel combustion by sector 1990-2025","附表1.1, year 2004, column 能源部門; transcribed in official/moeaea_co2_by_sector_1990_2025.csv",https://ea01.moeaea.gov.tw/a0303/02/publication/co2/,downloaded,Direct emissions: power plants count in the energy sector
co2_sector_direct_energy,CO2 by sector (direct): Energy sector,部門別 CO2（直接排放）：能源部門,history,2005,155.014,Mt,Taiwan (national),moeaea_co2_by_sector,"Energy Administration, CO2 from fuel combustion by sector 1990-2025","附表1.1, year 2005, column 能源部門; transcribed in official/moeaea_co2_by_sector_1990_2025.csv",https://ea01.moeaea.gov.tw/a0303/02/publication/co2/,downloaded,Direct emissions: power plants count in the energy sector
co2_sector_direct_energy,CO2 by sector (direct): Energy sector,部門別 CO2（直接排放）：能源部門,history,2006,162.298,Mt,Taiwan (national),moeaea_co2_by_sector,"Energy Administration, CO2 from fuel combustion by sector 1990-2025","附表1.1, year 2006, column 能源部門; transcribed in official/moeaea_co2_by_sector_1990_2025.csv",https://ea01.moeaea.gov.tw/a0303/02/publication/co2/,downloaded,Direct emissions: power plants count in the energy sector
co2_sector_direct_energy,CO2 by sector (direct): Energy sector,部門別 CO2（直接排放）：能源部門,history,2007,168.58,Mt,Taiwan (national),moeaea_co2_by_sector,"Energy Administration, CO2 from fuel combustion by sector 1990-2025","附表1.1, year 2007, column 能源部門; transcribed in official/moeaea_co2_by_sector_1990_2025.csv",https://ea01.moeaea.gov.tw/a0303/02/publication/co2/,downloaded,Direct emissions: power plants count in the energy sector
co2_sector_direct_energy,CO2 by sector (direct): Energy sector,部門別 CO2（直接排放）：能源部門,history,2008,162.125,Mt,Taiwan (national),moeaea_co2_by_sector,"Energy Administration, CO2 from fuel combustion by sector 1990-2025","附表1.1, year 2008, column 能源部門; transcribed in official/moeaea_co2_by_sector_1990_2025.csv",https://ea01.moeaea.gov.tw/a0303/02/publication/co2/,downloaded,Direct emissions: power plants count in the energy sector
co2_sector_direct_energy,CO2 by sector (direct): Energy sector,部門別 CO2（直接排放）：能源部門,history,2009,153.989,Mt,Taiwan (national),moeaea_co2_by_sector,"Energy Administration, CO2 from fuel combustion by sector 1990-2025","附表1.1, year 2009, column 能源部門; transcribed in official/moeaea_co2_by_sector_1990_2025.csv",https://ea01.moeaea.gov.tw/a0303/02/publication/co2/,downloaded,Direct emissions: power plants count in the energy sector
co2_sector_direct_energy,CO2 by sector (direct): Energy sector,部門別 CO2（直接排放）：能源部門,history,2010,164.27,Mt,Taiwan (national),moeaea_co2_by_sector,"Energy Administration, CO2 from fuel combustion by sector 1990-2025","附表1.1, year 2010, column 能源部門; transcribed in official/moeaea_co2_by_sector_1990_2025.csv",https://ea01.moeaea.gov.tw/a0303/02/publication/co2/,downloaded,Direct emissions: power plants count in the energy sector
co2_sector_direct_energy,CO2 by sector (direct): Energy sector,部門別 CO2（直接排放）：能源部門,history,2011,168.491,Mt,Taiwan (national),moeaea_co2_by_sector,"Energy Administration, CO2 from fuel combustion by sector 1990-2025","附表1.1, year 2011, column 能源部門; transcribed in official/moeaea_co2_by_sector_1990_2025.csv",https://ea01.moeaea.gov.tw/a0303/02/publication/co2/,downloaded,Direct emissions: power plants count in the energy sector
co2_sector_direct_energy,CO2 by sector (direct): Energy sector,部門別 CO2（直接排放）：能源部門,history,2012,166.837,Mt,Taiwan (national),moeaea_co2_by_sector,"Energy Administration, CO2 from fuel combustion by sector 1990-2025","附表1.1, year 2012, column 能源部門; transcribed in official/moeaea_co2_by_sector_1990_2025.csv",https://ea01.moeaea.gov.tw/a0303/02/publication/co2/,downloaded,Direct emissions: power plants count in the energy sector
co2_sector_direct_energy,CO2 by sector (direct): Energy sector,部門別 CO2（直接排放）：能源部門,history,2013,167.023,Mt,Taiwan (national),moeaea_co2_by_sector,"Energy Administration, CO2 from fuel combustion by sector 1990-2025","附表1.1, year 2013, column 能源部門; transcribed in official/moeaea_co2_by_sector_1990_2025.csv",https://ea01.moeaea.gov.tw/a0303/02/publication/co2/,downloaded,Direct emissions: power plants count in the energy sector
co2_sector_direct_energy,CO2 by sector (direct): Energy sector,部門別 CO2（直接排放）：能源部門,history,2014,173.749,Mt,Taiwan (national),moeaea_co2_by_sector,"Energy Administration, CO2 from fuel combustion by sector 1990-2025","附表1.1, year 2014, column 能源部門; transcribed in official/moeaea_co2_by_sector_1990_2025.csv",https://ea01.moeaea.gov.tw/a0303/02/publication/co2/,downloaded,Direct emissions: power plants count in the energy sector
co2_sector_direct_energy,CO2 by sector (direct): Energy sector,部門別 CO2（直接排放）：能源部門,history,2015,173.697,Mt,Taiwan (national),moeaea_co2_by_sector,"Energy Administration, CO2 from fuel combustion by sector 1990-2025","附表1.1, year 2015, column 能源部門; transcribed in official/moeaea_co2_by_sector_1990_2025.csv",https://ea01.moeaea.gov.tw/a0303/02/publication/co2/,downloaded,Direct emissions: power plants count in the energy sector
co2_sector_direct_energy,CO2 by sector (direct): Energy sector,部門別 CO2（直接排放）：能源部門,history,2016,177.211,Mt,Taiwan (national),moeaea_co2_by_sector,"Energy Administration, CO2 from fuel combustion by sector 1990-2025","附表1.1, year 2016, column 能源部門; transcribed in official/moeaea_co2_by_sector_1990_2025.csv",https://ea01.moeaea.gov.tw/a0303/02/publication/co2/,downloaded,Direct emissions: power plants count in the energy sector
co2_sector_direct_energy,CO2 by sector (direct): Energy sector,部門別 CO2（直接排放）：能源部門,history,2017,185.763,Mt,Taiwan (national),moeaea_co2_by_sector,"Energy Administration, CO2 from fuel combustion by sector 1990-2025","附表1.1, year 2017, column 能源部門; transcribed in official/moeaea_co2_by_sector_1990_2025.csv",https://ea01.moeaea.gov.tw/a0303/02/publication/co2/,downloaded,Direct emissions: power plants count in the energy sector
co2_sector_direct_energy,CO2 by sector (direct): Energy sector,部門別 CO2（直接排放）：能源部門,history,2018,187.957,Mt,Taiwan (national),moeaea_co2_by_sector,"Energy Administration, CO2 from fuel combustion by sector 1990-2025","附表1.1, year 2018, column 能源部門; transcribed in official/moeaea_co2_by_sector_1990_2025.csv",https://ea01.moeaea.gov.tw/a0303/02/publication/co2/,downloaded,Direct emissions: power plants count in the energy sector
co2_sector_direct_energy,CO2 by sector (direct): Energy sector,部門別 CO2（直接排放）：能源部門,history,2019,180.289,Mt,Taiwan (national),moeaea_co2_by_sector,"Energy Administration, CO2 from fuel combustion by sector 1990-2025","附表1.1, year 2019, column 能源部門; transcribed in official/moeaea_co2_by_sector_1990_2025.csv",https://ea01.moeaea.gov.tw/a0303/02/publication/co2/,downloaded,Direct emissions: power plants count in the energy sector
co2_sector_direct_energy,CO2 by sector (direct): Energy sector,部門別 CO2（直接排放）：能源部門,history,2020,179.51,Mt,Taiwan (national),moeaea_co2_by_sector,"Energy Administration, CO2 from fuel combustion by sector 1990-2025","附表1.1, year 2020, column 能源部門; transcribed in official/moeaea_co2_by_sector_1990_2025.csv",https://ea01.moeaea.gov.tw/a0303/02/publication/co2/,downloaded,Direct emissions: power plants count in the energy sector
co2_sector_direct_energy,CO2 by sector (direct): Energy sector,部門別 CO2（直接排放）：能源部門,history,2021,188.46,Mt,Taiwan (national),moeaea_co2_by_sector,"Energy Administration, CO2 from fuel combustion by sector 1990-2025","附表1.1, year 2021, column 能源部門; transcribed in official/moeaea_co2_by_sector_1990_2025.csv",https://ea01.moeaea.gov.tw/a0303/02/publication/co2/,downloaded,Direct emissions: power plants count in the energy sector
co2_sector_direct_energy,CO2 by sector (direct): Energy sector,部門別 CO2（直接排放）：能源部門,history,2022,181.789,Mt,Taiwan (national),moeaea_co2_by_sector,"Energy Administration, CO2 from fuel combustion by sector 1990-2025","附表1.1, year 2022, column 能源部門; transcribed in official/moeaea_co2_by_sector_1990_2025.csv",https://ea01.moeaea.gov.tw/a0303/02/publication/co2/,downloaded,Direct emissions: power plants count in the energy sector
co2_sector_direct_energy,CO2 by sector (direct): Energy sector,部門別 CO2（直接排放）：能源部門,history,2023,176.886,Mt,Taiwan (national),moeaea_co2_by_sector,"Energy Administration, CO2 from fuel combustion by sector 1990-2025","附表1.1, year 2023, column 能源部門; transcribed in official/moeaea_co2_by_sector_1990_2025.csv",https://ea01.moeaea.gov.tw/a0303/02/publication/co2/,downloaded,Direct emissions: power plants count in the energy sector
co2_sector_direct_energy,CO2 by sector (direct): Energy sector,部門別 CO2（直接排放）：能源部門,history,2024,173.004,Mt,Taiwan (national),moeaea_co2_by_sector,"Energy Administration, CO2 from fuel combustion by sector 1990-2025","附表1.1, year 2024, column 能源部門; transcribed in official/moeaea_co2_by_sector_1990_2025.csv",https://ea01.moeaea.gov.tw/a0303/02/publication/co2/,downloaded,Direct emissions: power plants count in the energy sector
co2_sector_direct_energy,CO2 by sector (direct): Energy sector,部門別 CO2（直接排放）：能源部門,history,2025,168.338,Mt,Taiwan (national),moeaea_co2_by_sector,"Energy Administration, CO2 from fuel combustion by sector 1990-2025","附表1.1, year 2025, column 能源部門; transcribed in official/moeaea_co2_by_sector_1990_2025.csv",https://ea01.moeaea.gov.tw/a0303/02/publication/co2/,downloaded,Direct emissions: power plants count in the energy sector
co2_sector_direct_industry,CO2 by sector (direct): Industry,部門別 CO2（直接排放）：工業部門,history,1990,30.124,Mt,Taiwan (national),moeaea_co2_by_sector,"Energy Administration, CO2 from fuel combustion by sector 1990-2025","附表1.1, year 1990, column 工業部門; transcribed in official/moeaea_co2_by_sector_1990_2025.csv",https://ea01.moeaea.gov.tw/a0303/02/publication/co2/,downloaded,Direct emissions: power plants count in the energy sector
co2_sector_direct_industry,CO2 by sector (direct): Industry,部門別 CO2（直接排放）：工業部門,history,1991,31.963,Mt,Taiwan (national),moeaea_co2_by_sector,"Energy Administration, CO2 from fuel combustion by sector 1990-2025","附表1.1, year 1991, column 工業部門; transcribed in official/moeaea_co2_by_sector_1990_2025.csv",https://ea01.moeaea.gov.tw/a0303/02/publication/co2/,downloaded,Direct emissions: power plants count in the energy sector
co2_sector_direct_industry,CO2 by sector (direct): Industry,部門別 CO2（直接排放）：工業部門,history,1992,34.41,Mt,Taiwan (national),moeaea_co2_by_sector,"Energy Administration, CO2 from fuel combustion by sector 1990-2025","附表1.1, year 1992, column 工業部門; transcribed in official/moeaea_co2_by_sector_1990_2025.csv",https://ea01.moeaea.gov.tw/a0303/02/publication/co2/,downloaded,Direct emissions: power plants count in the energy sector
co2_sector_direct_industry,CO2 by sector (direct): Industry,部門別 CO2（直接排放）：工業部門,history,1993,34.835,Mt,Taiwan (national),moeaea_co2_by_sector,"Energy Administration, CO2 from fuel combustion by sector 1990-2025","附表1.1, year 1993, column 工業部門; transcribed in official/moeaea_co2_by_sector_1990_2025.csv",https://ea01.moeaea.gov.tw/a0303/02/publication/co2/,downloaded,Direct emissions: power plants count in the energy sector
co2_sector_direct_industry,CO2 by sector (direct): Industry,部門別 CO2（直接排放）：工業部門,history,1994,35.876,Mt,Taiwan (national),moeaea_co2_by_sector,"Energy Administration, CO2 from fuel combustion by sector 1990-2025","附表1.1, year 1994, column 工業部門; transcribed in official/moeaea_co2_by_sector_1990_2025.csv",https://ea01.moeaea.gov.tw/a0303/02/publication/co2/,downloaded,Direct emissions: power plants count in the energy sector
co2_sector_direct_industry,CO2 by sector (direct): Industry,部門別 CO2（直接排放）：工業部門,history,1995,36.956,Mt,Taiwan (national),moeaea_co2_by_sector,"Energy Administration, CO2 from fuel combustion by sector 1990-2025","附表1.1, year 1995, column 工業部門; transcribed in official/moeaea_co2_by_sector_1990_2025.csv",https://ea01.moeaea.gov.tw/a0303/02/publication/co2/,downloaded,Direct emissions: power plants count in the energy sector
co2_sector_direct_industry,CO2 by sector (direct): Industry,部門別 CO2（直接排放）：工業部門,history,1996,37.942,Mt,Taiwan (national),moeaea_co2_by_sector,"Energy Administration, CO2 from fuel combustion by sector 1990-2025","附表1.1, year 1996, column 工業部門; transcribed in official/moeaea_co2_by_sector_1990_2025.csv",https://ea01.moeaea.gov.tw/a0303/02/publication/co2/,downloaded,Direct emissions: power plants count in the energy sector
co2_sector_direct_industry,CO2 by sector (direct): Industry,部門別 CO2（直接排放）：工業部門,history,1997,40.323,Mt,Taiwan (national),moeaea_co2_by_sector,"Energy Administration, CO2 from fuel combustion by sector 1990-2025","附表1.1, year 1997, column 工業部門; transcribed in official/moeaea_co2_by_sector_1990_2025.csv",https://ea01.moeaea.gov.tw/a0303/02/publication/co2/,downloaded,Direct emissions: power plants count in the energy sector
co2_sector_direct_industry,CO2 by sector (direct): Industry,部門別 CO2（直接排放）：工業部門,history,1998,40.36,Mt,Taiwan (national),moeaea_co2_by_sector,"Energy Administration, CO2 from fuel combustion by sector 1990-2025","附表1.1, year 1998, column 工業部門; transcribed in official/moeaea_co2_by_sector_1990_2025.csv",https://ea01.moeaea.gov.tw/a0303/02/publication/co2/,downloaded,Direct emissions: power plants count in the energy sector
co2_sector_direct_industry,CO2 by sector (direct): Industry,部門別 CO2（直接排放）：工業部門,history,1999,42.269,Mt,Taiwan (national),moeaea_co2_by_sector,"Energy Administration, CO2 from fuel combustion by sector 1990-2025","附表1.1, year 1999, column 工業部門; transcribed in official/moeaea_co2_by_sector_1990_2025.csv",https://ea01.moeaea.gov.tw/a0303/02/publication/co2/,downloaded,Direct emissions: power plants count in the energy sector
co2_sector_direct_industry,CO2 by sector (direct): Industry,部門別 CO2（直接排放）：工業部門,history,2000,45.284,Mt,Taiwan (national),moeaea_co2_by_sector,"Energy Administration, CO2 from fuel combustion by sector 1990-2025","附表1.1, year 2000, column 工業部門; transcribed in official/moeaea_co2_by_sector_1990_2025.csv",https://ea01.moeaea.gov.tw/a0303/02/publication/co2/,downloaded,Direct emissions: power plants count in the energy sector
co2_sector_direct_industry,CO2 by sector (direct): Industry,部門別 CO2（直接排放）：工業部門,history,2001,44.234,Mt,Taiwan (national),moeaea_co2_by_sector,"Energy Administration, CO2 from fuel combustion by sector 1990-2025","附表1.1, year 2001, column 工業部門; transcribed in official/moeaea_co2_by_sector_1990_2025.csv",https://ea01.moeaea.gov.tw/a0303/02/publication/co2/,downloaded,Direct emissions: power plants count in the energy sector
co2_sector_direct_industry,CO2 by sector (direct): Industry,部門別 CO2（直接排放）：工業部門,history,2002,46.373,Mt,Taiwan (national),moeaea_co2_by_sector,"Energy Administration, CO2 from fuel combustion by sector 1990-2025","附表1.1, year 2002, column 工業部門; transcribed in official/moeaea_co2_by_sector_1990_2025.csv",https://ea01.moeaea.gov.tw/a0303/02/publication/co2/,downloaded,Direct emissions: power plants count in the energy sector
co2_sector_direct_industry,CO2 by sector (direct): Industry,部門別 CO2（直接排放）：工業部門,history,2003,44.211,Mt,Taiwan (national),moeaea_co2_by_sector,"Energy Administration, CO2 from fuel combustion by sector 1990-2025","附表1.1, year 2003, column 工業部門; transcribed in official/moeaea_co2_by_sector_1990_2025.csv",https://ea01.moeaea.gov.tw/a0303/02/publication/co2/,downloaded,Direct emissions: power plants count in the energy sector
co2_sector_direct_industry,CO2 by sector (direct): Industry,部門別 CO2（直接排放）：工業部門,history,2004,44.551,Mt,Taiwan (national),moeaea_co2_by_sector,"Energy Administration, CO2 from fuel combustion by sector 1990-2025","附表1.1, year 2004, column 工業部門; transcribed in official/moeaea_co2_by_sector_1990_2025.csv",https://ea01.moeaea.gov.tw/a0303/02/publication/co2/,downloaded,Direct emissions: power plants count in the energy sector
co2_sector_direct_industry,CO2 by sector (direct): Industry,部門別 CO2（直接排放）：工業部門,history,2005,44.008,Mt,Taiwan (national),moeaea_co2_by_sector,"Energy Administration, CO2 from fuel combustion by sector 1990-2025","附表1.1, year 2005, column 工業部門; transcribed in official/moeaea_co2_by_sector_1990_2025.csv",https://ea01.moeaea.gov.tw/a0303/02/publication/co2/,downloaded,Direct emissions: power plants count in the energy sector
co2_sector_direct_industry,CO2 by sector (direct): Industry,部門別 CO2（直接排放）：工業部門,history,2006,45.309,Mt,Taiwan (national),moeaea_co2_by_sector,"Energy Administration, CO2 from fuel combustion by sector 1990-2025","附表1.1, year 2006, column 工業部門; transcribed in official/moeaea_co2_by_sector_1990_2025.csv",https://ea01.moeaea.gov.tw/a0303/02/publication/co2/,downloaded,Direct emissions: power plants count in the energy sector
co2_sector_direct_industry,CO2 by sector (direct): Industry,部門別 CO2（直接排放）：工業部門,history,2007,44.845,Mt,Taiwan (national),moeaea_co2_by_sector,"Energy Administration, CO2 from fuel combustion by sector 1990-2025","附表1.1, year 2007, column 工業部門; transcribed in official/moeaea_co2_by_sector_1990_2025.csv",https://ea01.moeaea.gov.tw/a0303/02/publication/co2/,downloaded,Direct emissions: power plants count in the energy sector
co2_sector_direct_industry,CO2 by sector (direct): Industry,部門別 CO2（直接排放）：工業部門,history,2008,41.41,Mt,Taiwan (national),moeaea_co2_by_sector,"Energy Administration, CO2 from fuel combustion by sector 1990-2025","附表1.1, year 2008, column 工業部門; transcribed in official/moeaea_co2_by_sector_1990_2025.csv",https://ea01.moeaea.gov.tw/a0303/02/publication/co2/,downloaded,Direct emissions: power plants count in the energy sector
co2_sector_direct_industry,CO2 by sector (direct): Industry,部門別 CO2（直接排放）：工業部門,history,2009,37.874,Mt,Taiwan (national),moeaea_co2_by_sector,"Energy Administration, CO2 from fuel combustion by sector 1990-2025","附表1.1, year 2009, column 工業部門; transcribed in official/moeaea_co2_by_sector_1990_2025.csv",https://ea01.moeaea.gov.tw/a0303/02/publication/co2/,downloaded,Direct emissions: power plants count in the energy sector
co2_sector_direct_industry,CO2 by sector (direct): Industry,部門別 CO2（直接排放）：工業部門,history,2010,42.612,Mt,Taiwan (national),moeaea_co2_by_sector,"Energy Administration, CO2 from fuel combustion by sector 1990-2025","附表1.1, year 2010, column 工業部門; transcribed in official/moeaea_co2_by_sector_1990_2025.csv",https://ea01.moeaea.gov.tw/a0303/02/publication/co2/,downloaded,Direct emissions: power plants count in the energy sector
co2_sector_direct_industry,CO2 by sector (direct): Industry,部門別 CO2（直接排放）：工業部門,history,2011,43.691,Mt,Taiwan (national),moeaea_co2_by_sector,"Energy Administration, CO2 from fuel combustion by sector 1990-2025","附表1.1, year 2011, column 工業部門; transcribed in official/moeaea_co2_by_sector_1990_2025.csv",https://ea01.moeaea.gov.tw/a0303/02/publication/co2/,downloaded,Direct emissions: power plants count in the energy sector
co2_sector_direct_industry,CO2 by sector (direct): Industry,部門別 CO2（直接排放）：工業部門,history,2012,42.515,Mt,Taiwan (national),moeaea_co2_by_sector,"Energy Administration, CO2 from fuel combustion by sector 1990-2025","附表1.1, year 2012, column 工業部門; transcribed in official/moeaea_co2_by_sector_1990_2025.csv",https://ea01.moeaea.gov.tw/a0303/02/publication/co2/,downloaded,Direct emissions: power plants count in the energy sector
co2_sector_direct_industry,CO2 by sector (direct): Industry,部門別 CO2（直接排放）：工業部門,history,2013,43.307,Mt,Taiwan (national),moeaea_co2_by_sector,"Energy Administration, CO2 from fuel combustion by sector 1990-2025","附表1.1, year 2013, column 工業部門; transcribed in official/moeaea_co2_by_sector_1990_2025.csv",https://ea01.moeaea.gov.tw/a0303/02/publication/co2/,downloaded,Direct emissions: power plants count in the energy sector
co2_sector_direct_industry,CO2 by sector (direct): Industry,部門別 CO2（直接排放）：工業部門,history,2014,40.384,Mt,Taiwan (national),moeaea_co2_by_sector,"Energy Administration, CO2 from fuel combustion by sector 1990-2025","附表1.1, year 2014, column 工業部門; transcribed in official/moeaea_co2_by_sector_1990_2025.csv",https://ea01.moeaea.gov.tw/a0303/02/publication/co2/,downloaded,Direct emissions: power plants count in the energy sector
co2_sector_direct_industry,CO2 by sector (direct): Industry,部門別 CO2（直接排放）：工業部門,history,2015,39.575,Mt,Taiwan (national),moeaea_co2_by_sector,"Energy Administration, CO2 from fuel combustion by sector 1990-2025","附表1.1, year 2015, column 工業部門; transcribed in official/moeaea_co2_by_sector_1990_2025.csv",https://ea01.moeaea.gov.tw/a0303/02/publication/co2/,downloaded,Direct emissions: power plants count in the energy sector
co2_sector_direct_industry,CO2 by sector (direct): Industry,部門別 CO2（直接排放）：工業部門,history,2016,39.653,Mt,Taiwan (national),moeaea_co2_by_sector,"Energy Administration, CO2 from fuel combustion by sector 1990-2025","附表1.1, year 2016, column 工業部門; transcribed in official/moeaea_co2_by_sector_1990_2025.csv",https://ea01.moeaea.gov.tw/a0303/02/publication/co2/,downloaded,Direct emissions: power plants count in the energy sector
co2_sector_direct_industry,CO2 by sector (direct): Industry,部門別 CO2（直接排放）：工業部門,history,2017,38.112,Mt,Taiwan (national),moeaea_co2_by_sector,"Energy Administration, CO2 from fuel combustion by sector 1990-2025","附表1.1, year 2017, column 工業部門; transcribed in official/moeaea_co2_by_sector_1990_2025.csv",https://ea01.moeaea.gov.tw/a0303/02/publication/co2/,downloaded,Direct emissions: power plants count in the energy sector
co2_sector_direct_industry,CO2 by sector (direct): Industry,部門別 CO2（直接排放）：工業部門,history,2018,34.729,Mt,Taiwan (national),moeaea_co2_by_sector,"Energy Administration, CO2 from fuel combustion by sector 1990-2025","附表1.1, year 2018, column 工業部門; transcribed in official/moeaea_co2_by_sector_1990_2025.csv",https://ea01.moeaea.gov.tw/a0303/02/publication/co2/,downloaded,Direct emissions: power plants count in the energy sector
co2_sector_direct_industry,CO2 by sector (direct): Industry,部門別 CO2（直接排放）：工業部門,history,2019,33.809,Mt,Taiwan (national),moeaea_co2_by_sector,"Energy Administration, CO2 from fuel combustion by sector 1990-2025","附表1.1, year 2019, column 工業部門; transcribed in official/moeaea_co2_by_sector_1990_2025.csv",https://ea01.moeaea.gov.tw/a0303/02/publication/co2/,downloaded,Direct emissions: power plants count in the energy sector
co2_sector_direct_industry,CO2 by sector (direct): Industry,部門別 CO2（直接排放）：工業部門,history,2020,32.777,Mt,Taiwan (national),moeaea_co2_by_sector,"Energy Administration, CO2 from fuel combustion by sector 1990-2025","附表1.1, year 2020, column 工業部門; transcribed in official/moeaea_co2_by_sector_1990_2025.csv",https://ea01.moeaea.gov.tw/a0303/02/publication/co2/,downloaded,Direct emissions: power plants count in the energy sector
co2_sector_direct_industry,CO2 by sector (direct): Industry,部門別 CO2（直接排放）：工業部門,history,2021,35.331,Mt,Taiwan (national),moeaea_co2_by_sector,"Energy Administration, CO2 from fuel combustion by sector 1990-2025","附表1.1, year 2021, column 工業部門; transcribed in official/moeaea_co2_by_sector_1990_2025.csv",https://ea01.moeaea.gov.tw/a0303/02/publication/co2/,downloaded,Direct emissions: power plants count in the energy sector
co2_sector_direct_industry,CO2 by sector (direct): Industry,部門別 CO2（直接排放）：工業部門,history,2022,32.279,Mt,Taiwan (national),moeaea_co2_by_sector,"Energy Administration, CO2 from fuel combustion by sector 1990-2025","附表1.1, year 2022, column 工業部門; transcribed in official/moeaea_co2_by_sector_1990_2025.csv",https://ea01.moeaea.gov.tw/a0303/02/publication/co2/,downloaded,Direct emissions: power plants count in the energy sector
co2_sector_direct_industry,CO2 by sector (direct): Industry,部門別 CO2（直接排放）：工業部門,history,2023,29.516,Mt,Taiwan (national),moeaea_co2_by_sector,"Energy Administration, CO2 from fuel combustion by sector 1990-2025","附表1.1, year 2023, column 工業部門; transcribed in official/moeaea_co2_by_sector_1990_2025.csv",https://ea01.moeaea.gov.tw/a0303/02/publication/co2/,downloaded,Direct emissions: power plants count in the energy sector
co2_sector_direct_industry,CO2 by sector (direct): Industry,部門別 CO2（直接排放）：工業部門,history,2024,29.035,Mt,Taiwan (national),moeaea_co2_by_sector,"Energy Administration, CO2 from fuel combustion by sector 1990-2025","附表1.1, year 2024, column 工業部門; transcribed in official/moeaea_co2_by_sector_1990_2025.csv",https://ea01.moeaea.gov.tw/a0303/02/publication/co2/,downloaded,Direct emissions: power plants count in the energy sector
co2_sector_direct_industry,CO2 by sector (direct): Industry,部門別 CO2（直接排放）：工業部門,history,2025,28.224,Mt,Taiwan (national),moeaea_co2_by_sector,"Energy Administration, CO2 from fuel combustion by sector 1990-2025","附表1.1, year 2025, column 工業部門; transcribed in official/moeaea_co2_by_sector_1990_2025.csv",https://ea01.moeaea.gov.tw/a0303/02/publication/co2/,downloaded,Direct emissions: power plants count in the energy sector
co2_sector_direct_residential,CO2 by sector (direct): Residential,部門別 CO2（直接排放）：住宅部門,history,1990,4.005,Mt,Taiwan (national),moeaea_co2_by_sector,"Energy Administration, CO2 from fuel combustion by sector 1990-2025","附表1.1, year 1990, column 住宅部門; transcribed in official/moeaea_co2_by_sector_1990_2025.csv",https://ea01.moeaea.gov.tw/a0303/02/publication/co2/,downloaded,Direct emissions: power plants count in the energy sector
co2_sector_direct_residential,CO2 by sector (direct): Residential,部門別 CO2（直接排放）：住宅部門,history,1991,4.238,Mt,Taiwan (national),moeaea_co2_by_sector,"Energy Administration, CO2 from fuel combustion by sector 1990-2025","附表1.1, year 1991, column 住宅部門; transcribed in official/moeaea_co2_by_sector_1990_2025.csv",https://ea01.moeaea.gov.tw/a0303/02/publication/co2/,downloaded,Direct emissions: power plants count in the energy sector
co2_sector_direct_residential,CO2 by sector (direct): Residential,部門別 CO2（直接排放）：住宅部門,history,1992,4.446,Mt,Taiwan (national),moeaea_co2_by_sector,"Energy Administration, CO2 from fuel combustion by sector 1990-2025","附表1.1, year 1992, column 住宅部門; transcribed in official/moeaea_co2_by_sector_1990_2025.csv",https://ea01.moeaea.gov.tw/a0303/02/publication/co2/,downloaded,Direct emissions: power plants count in the energy sector
co2_sector_direct_residential,CO2 by sector (direct): Residential,部門別 CO2（直接排放）：住宅部門,history,1993,4.359,Mt,Taiwan (national),moeaea_co2_by_sector,"Energy Administration, CO2 from fuel combustion by sector 1990-2025","附表1.1, year 1993, column 住宅部門; transcribed in official/moeaea_co2_by_sector_1990_2025.csv",https://ea01.moeaea.gov.tw/a0303/02/publication/co2/,downloaded,Direct emissions: power plants count in the energy sector
co2_sector_direct_residential,CO2 by sector (direct): Residential,部門別 CO2（直接排放）：住宅部門,history,1994,4.461,Mt,Taiwan (national),moeaea_co2_by_sector,"Energy Administration, CO2 from fuel combustion by sector 1990-2025","附表1.1, year 1994, column 住宅部門; transcribed in official/moeaea_co2_by_sector_1990_2025.csv",https://ea01.moeaea.gov.tw/a0303/02/publication/co2/,downloaded,Direct emissions: power plants count in the energy sector
co2_sector_direct_residential,CO2 by sector (direct): Residential,部門別 CO2（直接排放）：住宅部門,history,1995,4.596,Mt,Taiwan (national),moeaea_co2_by_sector,"Energy Administration, CO2 from fuel combustion by sector 1990-2025","附表1.1, year 1995, column 住宅部門; transcribed in official/moeaea_co2_by_sector_1990_2025.csv",https://ea01.moeaea.gov.tw/a0303/02/publication/co2/,downloaded,Direct emissions: power plants count in the energy sector
co2_sector_direct_residential,CO2 by sector (direct): Residential,部門別 CO2（直接排放）：住宅部門,history,1996,4.754,Mt,Taiwan (national),moeaea_co2_by_sector,"Energy Administration, CO2 from fuel combustion by sector 1990-2025","附表1.1, year 1996, column 住宅部門; transcribed in official/moeaea_co2_by_sector_1990_2025.csv",https://ea01.moeaea.gov.tw/a0303/02/publication/co2/,downloaded,Direct emissions: power plants count in the energy sector
co2_sector_direct_residential,CO2 by sector (direct): Residential,部門別 CO2（直接排放）：住宅部門,history,1997,4.851,Mt,Taiwan (national),moeaea_co2_by_sector,"Energy Administration, CO2 from fuel combustion by sector 1990-2025","附表1.1, year 1997, column 住宅部門; transcribed in official/moeaea_co2_by_sector_1990_2025.csv",https://ea01.moeaea.gov.tw/a0303/02/publication/co2/,downloaded,Direct emissions: power plants count in the energy sector
co2_sector_direct_residential,CO2 by sector (direct): Residential,部門別 CO2（直接排放）：住宅部門,history,1998,4.95,Mt,Taiwan (national),moeaea_co2_by_sector,"Energy Administration, CO2 from fuel combustion by sector 1990-2025","附表1.1, year 1998, column 住宅部門; transcribed in official/moeaea_co2_by_sector_1990_2025.csv",https://ea01.moeaea.gov.tw/a0303/02/publication/co2/,downloaded,Direct emissions: power plants count in the energy sector
co2_sector_direct_residential,CO2 by sector (direct): Residential,部門別 CO2（直接排放）：住宅部門,history,1999,5.41,Mt,Taiwan (national),moeaea_co2_by_sector,"Energy Administration, CO2 from fuel combustion by sector 1990-2025","附表1.1, year 1999, column 住宅部門; transcribed in official/moeaea_co2_by_sector_1990_2025.csv",https://ea01.moeaea.gov.tw/a0303/02/publication/co2/,downloaded,Direct emissions: power plants count in the energy sector
co2_sector_direct_residential,CO2 by sector (direct): Residential,部門別 CO2（直接排放）：住宅部門,history,2000,5.398,Mt,Taiwan (national),moeaea_co2_by_sector,"Energy Administration, CO2 from fuel combustion by sector 1990-2025","附表1.1, year 2000, column 住宅部門; transcribed in official/moeaea_co2_by_sector_1990_2025.csv",https://ea01.moeaea.gov.tw/a0303/02/publication/co2/,downloaded,Direct emissions: power plants count in the energy sector
co2_sector_direct_residential,CO2 by sector (direct): Residential,部門別 CO2（直接排放）：住宅部門,history,2001,5.181,Mt,Taiwan (national),moeaea_co2_by_sector,"Energy Administration, CO2 from fuel combustion by sector 1990-2025","附表1.1, year 2001, column 住宅部門; transcribed in official/moeaea_co2_by_sector_1990_2025.csv",https://ea01.moeaea.gov.tw/a0303/02/publication/co2/,downloaded,Direct emissions: power plants count in the energy sector
co2_sector_direct_residential,CO2 by sector (direct): Residential,部門別 CO2（直接排放）：住宅部門,history,2002,5.107,Mt,Taiwan (national),moeaea_co2_by_sector,"Energy Administration, CO2 from fuel combustion by sector 1990-2025","附表1.1, year 2002, column 住宅部門; transcribed in official/moeaea_co2_by_sector_1990_2025.csv",https://ea01.moeaea.gov.tw/a0303/02/publication/co2/,downloaded,Direct emissions: power plants count in the energy sector
co2_sector_direct_residential,CO2 by sector (direct): Residential,部門別 CO2（直接排放）：住宅部門,history,2003,5.042,Mt,Taiwan (national),moeaea_co2_by_sector,"Energy Administration, CO2 from fuel combustion by sector 1990-2025","附表1.1, year 2003, column 住宅部門; transcribed in official/moeaea_co2_by_sector_1990_2025.csv",https://ea01.moeaea.gov.tw/a0303/02/publication/co2/,downloaded,Direct emissions: power plants count in the energy sector
co2_sector_direct_residential,CO2 by sector (direct): Residential,部門別 CO2（直接排放）：住宅部門,history,2004,5.133,Mt,Taiwan (national),moeaea_co2_by_sector,"Energy Administration, CO2 from fuel combustion by sector 1990-2025","附表1.1, year 2004, column 住宅部門; transcribed in official/moeaea_co2_by_sector_1990_2025.csv",https://ea01.moeaea.gov.tw/a0303/02/publication/co2/,downloaded,Direct emissions: power plants count in the energy sector
co2_sector_direct_residential,CO2 by sector (direct): Residential,部門別 CO2（直接排放）：住宅部門,history,2005,5.235,Mt,Taiwan (national),moeaea_co2_by_sector,"Energy Administration, CO2 from fuel combustion by sector 1990-2025","附表1.1, year 2005, column 住宅部門; transcribed in official/moeaea_co2_by_sector_1990_2025.csv",https://ea01.moeaea.gov.tw/a0303/02/publication/co2/,downloaded,Direct emissions: power plants count in the energy sector
co2_sector_direct_residential,CO2 by sector (direct): Residential,部門別 CO2（直接排放）：住宅部門,history,2006,5.033,Mt,Taiwan (national),moeaea_co2_by_sector,"Energy Administration, CO2 from fuel combustion by sector 1990-2025","附表1.1, year 2006, column 住宅部門; transcribed in official/moeaea_co2_by_sector_1990_2025.csv",https://ea01.moeaea.gov.tw/a0303/02/publication/co2/,downloaded,Direct emissions: power plants count in the energy sector
co2_sector_direct_residential,CO2 by sector (direct): Residential,部門別 CO2（直接排放）：住宅部門,history,2007,5.047,Mt,Taiwan (national),moeaea_co2_by_sector,"Energy Administration, CO2 from fuel combustion by sector 1990-2025","附表1.1, year 2007, column 住宅部門; transcribed in official/moeaea_co2_by_sector_1990_2025.csv",https://ea01.moeaea.gov.tw/a0303/02/publication/co2/,downloaded,Direct emissions: power plants count in the energy sector
co2_sector_direct_residential,CO2 by sector (direct): Residential,部門別 CO2（直接排放）：住宅部門,history,2008,5.017,Mt,Taiwan (national),moeaea_co2_by_sector,"Energy Administration, CO2 from fuel combustion by sector 1990-2025","附表1.1, year 2008, column 住宅部門; transcribed in official/moeaea_co2_by_sector_1990_2025.csv",https://ea01.moeaea.gov.tw/a0303/02/publication/co2/,downloaded,Direct emissions: power plants count in the energy sector
co2_sector_direct_residential,CO2 by sector (direct): Residential,部門別 CO2（直接排放）：住宅部門,history,2009,5.03,Mt,Taiwan (national),moeaea_co2_by_sector,"Energy Administration, CO2 from fuel combustion by sector 1990-2025","附表1.1, year 2009, column 住宅部門; transcribed in official/moeaea_co2_by_sector_1990_2025.csv",https://ea01.moeaea.gov.tw/a0303/02/publication/co2/,downloaded,Direct emissions: power plants count in the energy sector
co2_sector_direct_residential,CO2 by sector (direct): Residential,部門別 CO2（直接排放）：住宅部門,history,2010,4.857,Mt,Taiwan (national),moeaea_co2_by_sector,"Energy Administration, CO2 from fuel combustion by sector 1990-2025","附表1.1, year 2010, column 住宅部門; transcribed in official/moeaea_co2_by_sector_1990_2025.csv",https://ea01.moeaea.gov.tw/a0303/02/publication/co2/,downloaded,Direct emissions: power plants count in the energy sector
co2_sector_direct_residential,CO2 by sector (direct): Residential,部門別 CO2（直接排放）：住宅部門,history,2011,4.786,Mt,Taiwan (national),moeaea_co2_by_sector,"Energy Administration, CO2 from fuel combustion by sector 1990-2025","附表1.1, year 2011, column 住宅部門; transcribed in official/moeaea_co2_by_sector_1990_2025.csv",https://ea01.moeaea.gov.tw/a0303/02/publication/co2/,downloaded,Direct emissions: power plants count in the energy sector
co2_sector_direct_residential,CO2 by sector (direct): Residential,部門別 CO2（直接排放）：住宅部門,history,2012,4.672,Mt,Taiwan (national),moeaea_co2_by_sector,"Energy Administration, CO2 from fuel combustion by sector 1990-2025","附表1.1, year 2012, column 住宅部門; transcribed in official/moeaea_co2_by_sector_1990_2025.csv",https://ea01.moeaea.gov.tw/a0303/02/publication/co2/,downloaded,Direct emissions: power plants count in the energy sector
co2_sector_direct_residential,CO2 by sector (direct): Residential,部門別 CO2（直接排放）：住宅部門,history,2013,4.484,Mt,Taiwan (national),moeaea_co2_by_sector,"Energy Administration, CO2 from fuel combustion by sector 1990-2025","附表1.1, year 2013, column 住宅部門; transcribed in official/moeaea_co2_by_sector_1990_2025.csv",https://ea01.moeaea.gov.tw/a0303/02/publication/co2/,downloaded,Direct emissions: power plants count in the energy sector
co2_sector_direct_residential,CO2 by sector (direct): Residential,部門別 CO2（直接排放）：住宅部門,history,2014,4.411,Mt,Taiwan (national),moeaea_co2_by_sector,"Energy Administration, CO2 from fuel combustion by sector 1990-2025","附表1.1, year 2014, column 住宅部門; transcribed in official/moeaea_co2_by_sector_1990_2025.csv",https://ea01.moeaea.gov.tw/a0303/02/publication/co2/,downloaded,Direct emissions: power plants count in the energy sector
co2_sector_direct_residential,CO2 by sector (direct): Residential,部門別 CO2（直接排放）：住宅部門,history,2015,4.469,Mt,Taiwan (national),moeaea_co2_by_sector,"Energy Administration, CO2 from fuel combustion by sector 1990-2025","附表1.1, year 2015, column 住宅部門; transcribed in official/moeaea_co2_by_sector_1990_2025.csv",https://ea01.moeaea.gov.tw/a0303/02/publication/co2/,downloaded,Direct emissions: power plants count in the energy sector
co2_sector_direct_residential,CO2 by sector (direct): Residential,部門別 CO2（直接排放）：住宅部門,history,2016,4.537,Mt,Taiwan (national),moeaea_co2_by_sector,"Energy Administration, CO2 from fuel combustion by sector 1990-2025","附表1.1, year 2016, column 住宅部門; transcribed in official/moeaea_co2_by_sector_1990_2025.csv",https://ea01.moeaea.gov.tw/a0303/02/publication/co2/,downloaded,Direct emissions: power plants count in the energy sector
co2_sector_direct_residential,CO2 by sector (direct): Residential,部門別 CO2（直接排放）：住宅部門,history,2017,4.402,Mt,Taiwan (national),moeaea_co2_by_sector,"Energy Administration, CO2 from fuel combustion by sector 1990-2025","附表1.1, year 2017, column 住宅部門; transcribed in official/moeaea_co2_by_sector_1990_2025.csv",https://ea01.moeaea.gov.tw/a0303/02/publication/co2/,downloaded,Direct emissions: power plants count in the energy sector
co2_sector_direct_residential,CO2 by sector (direct): Residential,部門別 CO2（直接排放）：住宅部門,history,2018,4.145,Mt,Taiwan (national),moeaea_co2_by_sector,"Energy Administration, CO2 from fuel combustion by sector 1990-2025","附表1.1, year 2018, column 住宅部門; transcribed in official/moeaea_co2_by_sector_1990_2025.csv",https://ea01.moeaea.gov.tw/a0303/02/publication/co2/,downloaded,Direct emissions: power plants count in the energy sector
co2_sector_direct_residential,CO2 by sector (direct): Residential,部門別 CO2（直接排放）：住宅部門,history,2019,4.137,Mt,Taiwan (national),moeaea_co2_by_sector,"Energy Administration, CO2 from fuel combustion by sector 1990-2025","附表1.1, year 2019, column 住宅部門; transcribed in official/moeaea_co2_by_sector_1990_2025.csv",https://ea01.moeaea.gov.tw/a0303/02/publication/co2/,downloaded,Direct emissions: power plants count in the energy sector
co2_sector_direct_residential,CO2 by sector (direct): Residential,部門別 CO2（直接排放）：住宅部門,history,2020,4.269,Mt,Taiwan (national),moeaea_co2_by_sector,"Energy Administration, CO2 from fuel combustion by sector 1990-2025","附表1.1, year 2020, column 住宅部門; transcribed in official/moeaea_co2_by_sector_1990_2025.csv",https://ea01.moeaea.gov.tw/a0303/02/publication/co2/,downloaded,Direct emissions: power plants count in the energy sector
co2_sector_direct_residential,CO2 by sector (direct): Residential,部門別 CO2（直接排放）：住宅部門,history,2021,4.17,Mt,Taiwan (national),moeaea_co2_by_sector,"Energy Administration, CO2 from fuel combustion by sector 1990-2025","附表1.1, year 2021, column 住宅部門; transcribed in official/moeaea_co2_by_sector_1990_2025.csv",https://ea01.moeaea.gov.tw/a0303/02/publication/co2/,downloaded,Direct emissions: power plants count in the energy sector
co2_sector_direct_residential,CO2 by sector (direct): Residential,部門別 CO2（直接排放）：住宅部門,history,2022,4.135,Mt,Taiwan (national),moeaea_co2_by_sector,"Energy Administration, CO2 from fuel combustion by sector 1990-2025","附表1.1, year 2022, column 住宅部門; transcribed in official/moeaea_co2_by_sector_1990_2025.csv",https://ea01.moeaea.gov.tw/a0303/02/publication/co2/,downloaded,Direct emissions: power plants count in the energy sector
co2_sector_direct_residential,CO2 by sector (direct): Residential,部門別 CO2（直接排放）：住宅部門,history,2023,3.98,Mt,Taiwan (national),moeaea_co2_by_sector,"Energy Administration, CO2 from fuel combustion by sector 1990-2025","附表1.1, year 2023, column 住宅部門; transcribed in official/moeaea_co2_by_sector_1990_2025.csv",https://ea01.moeaea.gov.tw/a0303/02/publication/co2/,downloaded,Direct emissions: power plants count in the energy sector
co2_sector_direct_residential,CO2 by sector (direct): Residential,部門別 CO2（直接排放）：住宅部門,history,2024,3.687,Mt,Taiwan (national),moeaea_co2_by_sector,"Energy Administration, CO2 from fuel combustion by sector 1990-2025","附表1.1, year 2024, column 住宅部門; transcribed in official/moeaea_co2_by_sector_1990_2025.csv",https://ea01.moeaea.gov.tw/a0303/02/publication/co2/,downloaded,Direct emissions: power plants count in the energy sector
co2_sector_direct_residential,CO2 by sector (direct): Residential,部門別 CO2（直接排放）：住宅部門,history,2025,3.544,Mt,Taiwan (national),moeaea_co2_by_sector,"Energy Administration, CO2 from fuel combustion by sector 1990-2025","附表1.1, year 2025, column 住宅部門; transcribed in official/moeaea_co2_by_sector_1990_2025.csv",https://ea01.moeaea.gov.tw/a0303/02/publication/co2/,downloaded,Direct emissions: power plants count in the energy sector
co2_sector_direct_services,CO2 by sector (direct): Services,部門別 CO2（直接排放）：服務業部門,history,1990,3.621,Mt,Taiwan (national),moeaea_co2_by_sector,"Energy Administration, CO2 from fuel combustion by sector 1990-2025","附表1.1, year 1990, column 服務業部門; transcribed in official/moeaea_co2_by_sector_1990_2025.csv",https://ea01.moeaea.gov.tw/a0303/02/publication/co2/,downloaded,Direct emissions: power plants count in the energy sector
co2_sector_direct_services,CO2 by sector (direct): Services,部門別 CO2（直接排放）：服務業部門,history,1991,3.529,Mt,Taiwan (national),moeaea_co2_by_sector,"Energy Administration, CO2 from fuel combustion by sector 1990-2025","附表1.1, year 1991, column 服務業部門; transcribed in official/moeaea_co2_by_sector_1990_2025.csv",https://ea01.moeaea.gov.tw/a0303/02/publication/co2/,downloaded,Direct emissions: power plants count in the energy sector
co2_sector_direct_services,CO2 by sector (direct): Services,部門別 CO2（直接排放）：服務業部門,history,1992,2.989,Mt,Taiwan (national),moeaea_co2_by_sector,"Energy Administration, CO2 from fuel combustion by sector 1990-2025","附表1.1, year 1992, column 服務業部門; transcribed in official/moeaea_co2_by_sector_1990_2025.csv",https://ea01.moeaea.gov.tw/a0303/02/publication/co2/,downloaded,Direct emissions: power plants count in the energy sector
co2_sector_direct_services,CO2 by sector (direct): Services,部門別 CO2（直接排放）：服務業部門,history,1993,2.49,Mt,Taiwan (national),moeaea_co2_by_sector,"Energy Administration, CO2 from fuel combustion by sector 1990-2025","附表1.1, year 1993, column 服務業部門; transcribed in official/moeaea_co2_by_sector_1990_2025.csv",https://ea01.moeaea.gov.tw/a0303/02/publication/co2/,downloaded,Direct emissions: power plants count in the energy sector
co2_sector_direct_services,CO2 by sector (direct): Services,部門別 CO2（直接排放）：服務業部門,history,1994,3.018,Mt,Taiwan (national),moeaea_co2_by_sector,"Energy Administration, CO2 from fuel combustion by sector 1990-2025","附表1.1, year 1994, column 服務業部門; transcribed in official/moeaea_co2_by_sector_1990_2025.csv",https://ea01.moeaea.gov.tw/a0303/02/publication/co2/,downloaded,Direct emissions: power plants count in the energy sector
co2_sector_direct_services,CO2 by sector (direct): Services,部門別 CO2（直接排放）：服務業部門,history,1995,2.446,Mt,Taiwan (national),moeaea_co2_by_sector,"Energy Administration, CO2 from fuel combustion by sector 1990-2025","附表1.1, year 1995, column 服務業部門; transcribed in official/moeaea_co2_by_sector_1990_2025.csv",https://ea01.moeaea.gov.tw/a0303/02/publication/co2/,downloaded,Direct emissions: power plants count in the energy sector
co2_sector_direct_services,CO2 by sector (direct): Services,部門別 CO2（直接排放）：服務業部門,history,1996,3.175,Mt,Taiwan (national),moeaea_co2_by_sector,"Energy Administration, CO2 from fuel combustion by sector 1990-2025","附表1.1, year 1996, column 服務業部門; transcribed in official/moeaea_co2_by_sector_1990_2025.csv",https://ea01.moeaea.gov.tw/a0303/02/publication/co2/,downloaded,Direct emissions: power plants count in the energy sector
co2_sector_direct_services,CO2 by sector (direct): Services,部門別 CO2（直接排放）：服務業部門,history,1997,2.482,Mt,Taiwan (national),moeaea_co2_by_sector,"Energy Administration, CO2 from fuel combustion by sector 1990-2025","附表1.1, year 1997, column 服務業部門; transcribed in official/moeaea_co2_by_sector_1990_2025.csv",https://ea01.moeaea.gov.tw/a0303/02/publication/co2/,downloaded,Direct emissions: power plants count in the energy sector
co2_sector_direct_services,CO2 by sector (direct): Services,部門別 CO2（直接排放）：服務業部門,history,1998,2.948,Mt,Taiwan (national),moeaea_co2_by_sector,"Energy Administration, CO2 from fuel combustion by sector 1990-2025","附表1.1, year 1998, column 服務業部門; transcribed in official/moeaea_co2_by_sector_1990_2025.csv",https://ea01.moeaea.gov.tw/a0303/02/publication/co2/,downloaded,Direct emissions: power plants count in the energy sector
co2_sector_direct_services,CO2 by sector (direct): Services,部門別 CO2（直接排放）：服務業部門,history,1999,3.128,Mt,Taiwan (national),moeaea_co2_by_sector,"Energy Administration, CO2 from fuel combustion by sector 1990-2025","附表1.1, year 1999, column 服務業部門; transcribed in official/moeaea_co2_by_sector_1990_2025.csv",https://ea01.moeaea.gov.tw/a0303/02/publication/co2/,downloaded,Direct emissions: power plants count in the energy sector
co2_sector_direct_services,CO2 by sector (direct): Services,部門別 CO2（直接排放）：服務業部門,history,2000,3.205,Mt,Taiwan (national),moeaea_co2_by_sector,"Energy Administration, CO2 from fuel combustion by sector 1990-2025","附表1.1, year 2000, column 服務業部門; transcribed in official/moeaea_co2_by_sector_1990_2025.csv",https://ea01.moeaea.gov.tw/a0303/02/publication/co2/,downloaded,Direct emissions: power plants count in the energy sector
co2_sector_direct_services,CO2 by sector (direct): Services,部門別 CO2（直接排放）：服務業部門,history,2001,3.538,Mt,Taiwan (national),moeaea_co2_by_sector,"Energy Administration, CO2 from fuel combustion by sector 1990-2025","附表1.1, year 2001, column 服務業部門; transcribed in official/moeaea_co2_by_sector_1990_2025.csv",https://ea01.moeaea.gov.tw/a0303/02/publication/co2/,downloaded,Direct emissions: power plants count in the energy sector
co2_sector_direct_services,CO2 by sector (direct): Services,部門別 CO2（直接排放）：服務業部門,history,2002,3.487,Mt,Taiwan (national),moeaea_co2_by_sector,"Energy Administration, CO2 from fuel combustion by sector 1990-2025","附表1.1, year 2002, column 服務業部門; transcribed in official/moeaea_co2_by_sector_1990_2025.csv",https://ea01.moeaea.gov.tw/a0303/02/publication/co2/,downloaded,Direct emissions: power plants count in the energy sector
co2_sector_direct_services,CO2 by sector (direct): Services,部門別 CO2（直接排放）：服務業部門,history,2003,3.952,Mt,Taiwan (national),moeaea_co2_by_sector,"Energy Administration, CO2 from fuel combustion by sector 1990-2025","附表1.1, year 2003, column 服務業部門; transcribed in official/moeaea_co2_by_sector_1990_2025.csv",https://ea01.moeaea.gov.tw/a0303/02/publication/co2/,downloaded,Direct emissions: power plants count in the energy sector
co2_sector_direct_services,CO2 by sector (direct): Services,部門別 CO2（直接排放）：服務業部門,history,2004,4.12,Mt,Taiwan (national),moeaea_co2_by_sector,"Energy Administration, CO2 from fuel combustion by sector 1990-2025","附表1.1, year 2004, column 服務業部門; transcribed in official/moeaea_co2_by_sector_1990_2025.csv",https://ea01.moeaea.gov.tw/a0303/02/publication/co2/,downloaded,Direct emissions: power plants count in the energy sector
co2_sector_direct_services,CO2 by sector (direct): Services,部門別 CO2（直接排放）：服務業部門,history,2005,4.227,Mt,Taiwan (national),moeaea_co2_by_sector,"Energy Administration, CO2 from fuel combustion by sector 1990-2025","附表1.1, year 2005, column 服務業部門; transcribed in official/moeaea_co2_by_sector_1990_2025.csv",https://ea01.moeaea.gov.tw/a0303/02/publication/co2/,downloaded,Direct emissions: power plants count in the energy sector
co2_sector_direct_services,CO2 by sector (direct): Services,部門別 CO2（直接排放）：服務業部門,history,2006,4.272,Mt,Taiwan (national),moeaea_co2_by_sector,"Energy Administration, CO2 from fuel combustion by sector 1990-2025","附表1.1, year 2006, column 服務業部門; transcribed in official/moeaea_co2_by_sector_1990_2025.csv",https://ea01.moeaea.gov.tw/a0303/02/publication/co2/,downloaded,Direct emissions: power plants count in the energy sector
co2_sector_direct_services,CO2 by sector (direct): Services,部門別 CO2（直接排放）：服務業部門,history,2007,4.232,Mt,Taiwan (national),moeaea_co2_by_sector,"Energy Administration, CO2 from fuel combustion by sector 1990-2025","附表1.1, year 2007, column 服務業部門; transcribed in official/moeaea_co2_by_sector_1990_2025.csv",https://ea01.moeaea.gov.tw/a0303/02/publication/co2/,downloaded,Direct emissions: power plants count in the energy sector
co2_sector_direct_services,CO2 by sector (direct): Services,部門別 CO2（直接排放）：服務業部門,history,2008,4.226,Mt,Taiwan (national),moeaea_co2_by_sector,"Energy Administration, CO2 from fuel combustion by sector 1990-2025","附表1.1, year 2008, column 服務業部門; transcribed in official/moeaea_co2_by_sector_1990_2025.csv",https://ea01.moeaea.gov.tw/a0303/02/publication/co2/,downloaded,Direct emissions: power plants count in the energy sector
co2_sector_direct_services,CO2 by sector (direct): Services,部門別 CO2（直接排放）：服務業部門,history,2009,4.264,Mt,Taiwan (national),moeaea_co2_by_sector,"Energy Administration, CO2 from fuel combustion by sector 1990-2025","附表1.1, year 2009, column 服務業部門; transcribed in official/moeaea_co2_by_sector_1990_2025.csv",https://ea01.moeaea.gov.tw/a0303/02/publication/co2/,downloaded,Direct emissions: power plants count in the energy sector
co2_sector_direct_services,CO2 by sector (direct): Services,部門別 CO2（直接排放）：服務業部門,history,2010,4.203,Mt,Taiwan (national),moeaea_co2_by_sector,"Energy Administration, CO2 from fuel combustion by sector 1990-2025","附表1.1, year 2010, column 服務業部門; transcribed in official/moeaea_co2_by_sector_1990_2025.csv",https://ea01.moeaea.gov.tw/a0303/02/publication/co2/,downloaded,Direct emissions: power plants count in the energy sector
co2_sector_direct_services,CO2 by sector (direct): Services,部門別 CO2（直接排放）：服務業部門,history,2011,3.898,Mt,Taiwan (national),moeaea_co2_by_sector,"Energy Administration, CO2 from fuel combustion by sector 1990-2025","附表1.1, year 2011, column 服務業部門; transcribed in official/moeaea_co2_by_sector_1990_2025.csv",https://ea01.moeaea.gov.tw/a0303/02/publication/co2/,downloaded,Direct emissions: power plants count in the energy sector
co2_sector_direct_services,CO2 by sector (direct): Services,部門別 CO2（直接排放）：服務業部門,history,2012,3.635,Mt,Taiwan (national),moeaea_co2_by_sector,"Energy Administration, CO2 from fuel combustion by sector 1990-2025","附表1.1, year 2012, column 服務業部門; transcribed in official/moeaea_co2_by_sector_1990_2025.csv",https://ea01.moeaea.gov.tw/a0303/02/publication/co2/,downloaded,Direct emissions: power plants count in the energy sector
co2_sector_direct_services,CO2 by sector (direct): Services,部門別 CO2（直接排放）：服務業部門,history,2013,3.812,Mt,Taiwan (national),moeaea_co2_by_sector,"Energy Administration, CO2 from fuel combustion by sector 1990-2025","附表1.1, year 2013, column 服務業部門; transcribed in official/moeaea_co2_by_sector_1990_2025.csv",https://ea01.moeaea.gov.tw/a0303/02/publication/co2/,downloaded,Direct emissions: power plants count in the energy sector
co2_sector_direct_services,CO2 by sector (direct): Services,部門別 CO2（直接排放）：服務業部門,history,2014,3.928,Mt,Taiwan (national),moeaea_co2_by_sector,"Energy Administration, CO2 from fuel combustion by sector 1990-2025","附表1.1, year 2014, column 服務業部門; transcribed in official/moeaea_co2_by_sector_1990_2025.csv",https://ea01.moeaea.gov.tw/a0303/02/publication/co2/,downloaded,Direct emissions: power plants count in the energy sector
co2_sector_direct_services,CO2 by sector (direct): Services,部門別 CO2（直接排放）：服務業部門,history,2015,3.941,Mt,Taiwan (national),moeaea_co2_by_sector,"Energy Administration, CO2 from fuel combustion by sector 1990-2025","附表1.1, year 2015, column 服務業部門; transcribed in official/moeaea_co2_by_sector_1990_2025.csv",https://ea01.moeaea.gov.tw/a0303/02/publication/co2/,downloaded,Direct emissions: power plants count in the energy sector
co2_sector_direct_services,CO2 by sector (direct): Services,部門別 CO2（直接排放）：服務業部門,history,2016,3.72,Mt,Taiwan (national),moeaea_co2_by_sector,"Energy Administration, CO2 from fuel combustion by sector 1990-2025","附表1.1, year 2016, column 服務業部門; transcribed in official/moeaea_co2_by_sector_1990_2025.csv",https://ea01.moeaea.gov.tw/a0303/02/publication/co2/,downloaded,Direct emissions: power plants count in the energy sector
co2_sector_direct_services,CO2 by sector (direct): Services,部門別 CO2（直接排放）：服務業部門,history,2017,3.779,Mt,Taiwan (national),moeaea_co2_by_sector,"Energy Administration, CO2 from fuel combustion by sector 1990-2025","附表1.1, year 2017, column 服務業部門; transcribed in official/moeaea_co2_by_sector_1990_2025.csv",https://ea01.moeaea.gov.tw/a0303/02/publication/co2/,downloaded,Direct emissions: power plants count in the energy sector
co2_sector_direct_services,CO2 by sector (direct): Services,部門別 CO2（直接排放）：服務業部門,history,2018,3.593,Mt,Taiwan (national),moeaea_co2_by_sector,"Energy Administration, CO2 from fuel combustion by sector 1990-2025","附表1.1, year 2018, column 服務業部門; transcribed in official/moeaea_co2_by_sector_1990_2025.csv",https://ea01.moeaea.gov.tw/a0303/02/publication/co2/,downloaded,Direct emissions: power plants count in the energy sector
co2_sector_direct_services,CO2 by sector (direct): Services,部門別 CO2（直接排放）：服務業部門,history,2019,3.62,Mt,Taiwan (national),moeaea_co2_by_sector,"Energy Administration, CO2 from fuel combustion by sector 1990-2025","附表1.1, year 2019, column 服務業部門; transcribed in official/moeaea_co2_by_sector_1990_2025.csv",https://ea01.moeaea.gov.tw/a0303/02/publication/co2/,downloaded,Direct emissions: power plants count in the energy sector
co2_sector_direct_services,CO2 by sector (direct): Services,部門別 CO2（直接排放）：服務業部門,history,2020,3.79,Mt,Taiwan (national),moeaea_co2_by_sector,"Energy Administration, CO2 from fuel combustion by sector 1990-2025","附表1.1, year 2020, column 服務業部門; transcribed in official/moeaea_co2_by_sector_1990_2025.csv",https://ea01.moeaea.gov.tw/a0303/02/publication/co2/,downloaded,Direct emissions: power plants count in the energy sector
co2_sector_direct_services,CO2 by sector (direct): Services,部門別 CO2（直接排放）：服務業部門,history,2021,3.739,Mt,Taiwan (national),moeaea_co2_by_sector,"Energy Administration, CO2 from fuel combustion by sector 1990-2025","附表1.1, year 2021, column 服務業部門; transcribed in official/moeaea_co2_by_sector_1990_2025.csv",https://ea01.moeaea.gov.tw/a0303/02/publication/co2/,downloaded,Direct emissions: power plants count in the energy sector
co2_sector_direct_services,CO2 by sector (direct): Services,部門別 CO2（直接排放）：服務業部門,history,2022,3.875,Mt,Taiwan (national),moeaea_co2_by_sector,"Energy Administration, CO2 from fuel combustion by sector 1990-2025","附表1.1, year 2022, column 服務業部門; transcribed in official/moeaea_co2_by_sector_1990_2025.csv",https://ea01.moeaea.gov.tw/a0303/02/publication/co2/,downloaded,Direct emissions: power plants count in the energy sector
co2_sector_direct_services,CO2 by sector (direct): Services,部門別 CO2（直接排放）：服務業部門,history,2023,4.05,Mt,Taiwan (national),moeaea_co2_by_sector,"Energy Administration, CO2 from fuel combustion by sector 1990-2025","附表1.1, year 2023, column 服務業部門; transcribed in official/moeaea_co2_by_sector_1990_2025.csv",https://ea01.moeaea.gov.tw/a0303/02/publication/co2/,downloaded,Direct emissions: power plants count in the energy sector
co2_sector_direct_services,CO2 by sector (direct): Services,部門別 CO2（直接排放）：服務業部門,history,2024,4.074,Mt,Taiwan (national),moeaea_co2_by_sector,"Energy Administration, CO2 from fuel combustion by sector 1990-2025","附表1.1, year 2024, column 服務業部門; transcribed in official/moeaea_co2_by_sector_1990_2025.csv",https://ea01.moeaea.gov.tw/a0303/02/publication/co2/,downloaded,Direct emissions: power plants count in the energy sector
co2_sector_direct_services,CO2 by sector (direct): Services,部門別 CO2（直接排放）：服務業部門,history,2025,4.494,Mt,Taiwan (national),moeaea_co2_by_sector,"Energy Administration, CO2 from fuel combustion by sector 1990-2025","附表1.1, year 2025, column 服務業部門; transcribed in official/moeaea_co2_by_sector_1990_2025.csv",https://ea01.moeaea.gov.tw/a0303/02/publication/co2/,downloaded,Direct emissions: power plants count in the energy sector
co2_sector_direct_total,CO2 by sector (direct): Total,部門別 CO2（直接排放）：合計,history,1990,109.465,Mt,Taiwan (national),moeaea_co2_by_sector,"Energy Administration, CO2 from fuel combustion by sector 1990-2025","附表1.1, year 1990, column 合計; transcribed in official/moeaea_co2_by_sector_1990_2025.csv",https://ea01.moeaea.gov.tw/a0303/02/publication/co2/,downloaded,Direct emissions: power plants count in the energy sector
co2_sector_direct_total,CO2 by sector (direct): Total,部門別 CO2（直接排放）：合計,history,1991,118.443,Mt,Taiwan (national),moeaea_co2_by_sector,"Energy Administration, CO2 from fuel combustion by sector 1990-2025","附表1.1, year 1991, column 合計; transcribed in official/moeaea_co2_by_sector_1990_2025.csv",https://ea01.moeaea.gov.tw/a0303/02/publication/co2/,downloaded,Direct emissions: power plants count in the energy sector
co2_sector_direct_total,CO2 by sector (direct): Total,部門別 CO2（直接排放）：合計,history,1992,126.058,Mt,Taiwan (national),moeaea_co2_by_sector,"Energy Administration, CO2 from fuel combustion by sector 1990-2025","附表1.1, year 1992, column 合計; transcribed in official/moeaea_co2_by_sector_1990_2025.csv",https://ea01.moeaea.gov.tw/a0303/02/publication/co2/,downloaded,Direct emissions: power plants count in the energy sector
co2_sector_direct_total,CO2 by sector (direct): Total,部門別 CO2（直接排放）：合計,history,1993,135.206,Mt,Taiwan (national),moeaea_co2_by_sector,"Energy Administration, CO2 from fuel combustion by sector 1990-2025","附表1.1, year 1993, column 合計; transcribed in official/moeaea_co2_by_sector_1990_2025.csv",https://ea01.moeaea.gov.tw/a0303/02/publication/co2/,downloaded,Direct emissions: power plants count in the energy sector
co2_sector_direct_total,CO2 by sector (direct): Total,部門別 CO2（直接排放）：合計,history,1994,143.103,Mt,Taiwan (national),moeaea_co2_by_sector,"Energy Administration, CO2 from fuel combustion by sector 1990-2025","附表1.1, year 1994, column 合計; transcribed in official/moeaea_co2_by_sector_1990_2025.csv",https://ea01.moeaea.gov.tw/a0303/02/publication/co2/,downloaded,Direct emissions: power plants count in the energy sector
co2_sector_direct_total,CO2 by sector (direct): Total,部門別 CO2（直接排放）：合計,history,1995,150.81,Mt,Taiwan (national),moeaea_co2_by_sector,"Energy Administration, CO2 from fuel combustion by sector 1990-2025","附表1.1, year 1995, column 合計; transcribed in official/moeaea_co2_by_sector_1990_2025.csv",https://ea01.moeaea.gov.tw/a0303/02/publication/co2/,downloaded,Direct emissions: power plants count in the energy sector
co2_sector_direct_total,CO2 by sector (direct): Total,部門別 CO2（直接排放）：合計,history,1996,158.579,Mt,Taiwan (national),moeaea_co2_by_sector,"Energy Administration, CO2 from fuel combustion by sector 1990-2025","附表1.1, year 1996, column 合計; transcribed in official/moeaea_co2_by_sector_1990_2025.csv",https://ea01.moeaea.gov.tw/a0303/02/publication/co2/,downloaded,Direct emissions: power plants count in the energy sector
co2_sector_direct_total,CO2 by sector (direct): Total,部門別 CO2（直接排放）：合計,history,1997,170.835,Mt,Taiwan (national),moeaea_co2_by_sector,"Energy Administration, CO2 from fuel combustion by sector 1990-2025","附表1.1, year 1997, column 合計; transcribed in official/moeaea_co2_by_sector_1990_2025.csv",https://ea01.moeaea.gov.tw/a0303/02/publication/co2/,downloaded,Direct emissions: power plants count in the energy sector
co2_sector_direct_total,CO2 by sector (direct): Total,部門別 CO2（直接排放）：合計,history,1998,181.518,Mt,Taiwan (national),moeaea_co2_by_sector,"Energy Administration, CO2 from fuel combustion by sector 1990-2025","附表1.1, year 1998, column 合計; transcribed in official/moeaea_co2_by_sector_1990_2025.csv",https://ea01.moeaea.gov.tw/a0303/02/publication/co2/,downloaded,Direct emissions: power plants count in the energy sector
co2_sector_direct_total,CO2 by sector (direct): Total,部門別 CO2（直接排放）：合計,history,1999,190.446,Mt,Taiwan (national),moeaea_co2_by_sector,"Energy Administration, CO2 from fuel combustion by sector 1990-2025","附表1.1, year 1999, column 合計; transcribed in official/moeaea_co2_by_sector_1990_2025.csv",https://ea01.moeaea.gov.tw/a0303/02/publication/co2/,downloaded,Direct emissions: power plants count in the energy sector
co2_sector_direct_total,CO2 by sector (direct): Total,部門別 CO2（直接排放）：合計,history,2000,208.724,Mt,Taiwan (national),moeaea_co2_by_sector,"Energy Administration, CO2 from fuel combustion by sector 1990-2025","附表1.1, year 2000, column 合計; transcribed in official/moeaea_co2_by_sector_1990_2025.csv",https://ea01.moeaea.gov.tw/a0303/02/publication/co2/,downloaded,Direct emissions: power plants count in the energy sector
co2_sector_direct_total,CO2 by sector (direct): Total,部門別 CO2（直接排放）：合計,history,2001,212.554,Mt,Taiwan (national),moeaea_co2_by_sector,"Energy Administration, CO2 from fuel combustion by sector 1990-2025","附表1.1, year 2001, column 合計; transcribed in official/moeaea_co2_by_sector_1990_2025.csv",https://ea01.moeaea.gov.tw/a0303/02/publication/co2/,downloaded,Direct emissions: power plants count in the energy sector
co2_sector_direct_total,CO2 by sector (direct): Total,部門別 CO2（直接排放）：合計,history,2002,220.123,Mt,Taiwan (national),moeaea_co2_by_sector,"Energy Administration, CO2 from fuel combustion by sector 1990-2025","附表1.1, year 2002, column 合計; transcribed in official/moeaea_co2_by_sector_1990_2025.csv",https://ea01.moeaea.gov.tw/a0303/02/publication/co2/,downloaded,Direct emissions: power plants count in the energy sector
co2_sector_direct_total,CO2 by sector (direct): Total,部門別 CO2（直接排放）：合計,history,2003,229.841,Mt,Taiwan (national),moeaea_co2_by_sector,"Energy Administration, CO2 from fuel combustion by sector 1990-2025","附表1.1, year 2003, column 合計; transcribed in official/moeaea_co2_by_sector_1990_2025.csv",https://ea01.moeaea.gov.tw/a0303/02/publication/co2/,downloaded,Direct emissions: power plants count in the energy sector
co2_sector_direct_total,CO2 by sector (direct): Total,部門別 CO2（直接排放）：合計,history,2004,239.929,Mt,Taiwan (national),moeaea_co2_by_sector,"Energy Administration, CO2 from fuel combustion by sector 1990-2025","附表1.1, year 2004, column 合計; transcribed in official/moeaea_co2_by_sector_1990_2025.csv",https://ea01.moeaea.gov.tw/a0303/02/publication/co2/,downloaded,Direct emissions: power plants count in the energy sector
co2_sector_direct_total,CO2 by sector (direct): Total,部門別 CO2（直接排放）：合計,history,2005,247.956,Mt,Taiwan (national),moeaea_co2_by_sector,"Energy Administration, CO2 from fuel combustion by sector 1990-2025","附表1.1, year 2005, column 合計; transcribed in official/moeaea_co2_by_sector_1990_2025.csv",https://ea01.moeaea.gov.tw/a0303/02/publication/co2/,downloaded,Direct emissions: power plants count in the energy sector
co2_sector_direct_total,CO2 by sector (direct): Total,部門別 CO2（直接排放）：合計,history,2006,255.33,Mt,Taiwan (national),moeaea_co2_by_sector,"Energy Administration, CO2 from fuel combustion by sector 1990-2025","附表1.1, year 2006, column 合計; transcribed in official/moeaea_co2_by_sector_1990_2025.csv",https://ea01.moeaea.gov.tw/a0303/02/publication/co2/,downloaded,Direct emissions: power plants count in the energy sector
co2_sector_direct_total,CO2 by sector (direct): Total,部門別 CO2（直接排放）：合計,history,2007,259.215,Mt,Taiwan (national),moeaea_co2_by_sector,"Energy Administration, CO2 from fuel combustion by sector 1990-2025","附表1.1, year 2007, column 合計; transcribed in official/moeaea_co2_by_sector_1990_2025.csv",https://ea01.moeaea.gov.tw/a0303/02/publication/co2/,downloaded,Direct emissions: power plants count in the energy sector
co2_sector_direct_total,CO2 by sector (direct): Total,部門別 CO2（直接排放）：合計,history,2008,247.537,Mt,Taiwan (national),moeaea_co2_by_sector,"Energy Administration, CO2 from fuel combustion by sector 1990-2025","附表1.1, year 2008, column 合計; transcribed in official/moeaea_co2_by_sector_1990_2025.csv",https://ea01.moeaea.gov.tw/a0303/02/publication/co2/,downloaded,Direct emissions: power plants count in the energy sector
co2_sector_direct_total,CO2 by sector (direct): Total,部門別 CO2（直接排放）：合計,history,2009,235.868,Mt,Taiwan (national),moeaea_co2_by_sector,"Energy Administration, CO2 from fuel combustion by sector 1990-2025","附表1.1, year 2009, column 合計; transcribed in official/moeaea_co2_by_sector_1990_2025.csv",https://ea01.moeaea.gov.tw/a0303/02/publication/co2/,downloaded,Direct emissions: power plants count in the energy sector
co2_sector_direct_total,CO2 by sector (direct): Total,部門別 CO2（直接排放）：合計,history,2010,251.708,Mt,Taiwan (national),moeaea_co2_by_sector,"Energy Administration, CO2 from fuel combustion by sector 1990-2025","附表1.1, year 2010, column 合計; transcribed in official/moeaea_co2_by_sector_1990_2025.csv",https://ea01.moeaea.gov.tw/a0303/02/publication/co2/,downloaded,Direct emissions: power plants count in the energy sector
co2_sector_direct_total,CO2 by sector (direct): Total,部門別 CO2（直接排放）：合計,history,2011,257.097,Mt,Taiwan (national),moeaea_co2_by_sector,"Energy Administration, CO2 from fuel combustion by sector 1990-2025","附表1.1, year 2011, column 合計; transcribed in official/moeaea_co2_by_sector_1990_2025.csv",https://ea01.moeaea.gov.tw/a0303/02/publication/co2/,downloaded,Direct emissions: power plants count in the energy sector
co2_sector_direct_total,CO2 by sector (direct): Total,部門別 CO2（直接排放）：合計,history,2012,253.201,Mt,Taiwan (national),moeaea_co2_by_sector,"Energy Administration, CO2 from fuel combustion by sector 1990-2025","附表1.1, year 2012, column 合計; transcribed in official/moeaea_co2_by_sector_1990_2025.csv",https://ea01.moeaea.gov.tw/a0303/02/publication/co2/,downloaded,Direct emissions: power plants count in the energy sector
co2_sector_direct_total,CO2 by sector (direct): Total,部門別 CO2（直接排放）：合計,history,2013,254.109,Mt,Taiwan (national),moeaea_co2_by_sector,"Energy Administration, CO2 from fuel combustion by sector 1990-2025","附表1.1, year 2013, column 合計; transcribed in official/moeaea_co2_by_sector_1990_2025.csv",https://ea01.moeaea.gov.tw/a0303/02/publication/co2/,downloaded,Direct emissions: power plants count in the energy sector
co2_sector_direct_total,CO2 by sector (direct): Total,部門別 CO2（直接排放）：合計,history,2014,258.48,Mt,Taiwan (national),moeaea_co2_by_sector,"Energy Administration, CO2 from fuel combustion by sector 1990-2025","附表1.1, year 2014, column 合計; transcribed in official/moeaea_co2_by_sector_1990_2025.csv",https://ea01.moeaea.gov.tw/a0303/02/publication/co2/,downloaded,Direct emissions: power plants count in the energy sector
co2_sector_direct_total,CO2 by sector (direct): Total,部門別 CO2（直接排放）：合計,history,2015,258.475,Mt,Taiwan (national),moeaea_co2_by_sector,"Energy Administration, CO2 from fuel combustion by sector 1990-2025","附表1.1, year 2015, column 合計; transcribed in official/moeaea_co2_by_sector_1990_2025.csv",https://ea01.moeaea.gov.tw/a0303/02/publication/co2/,downloaded,Direct emissions: power plants count in the energy sector
co2_sector_direct_total,CO2 by sector (direct): Total,部門別 CO2（直接排放）：合計,history,2016,262.982,Mt,Taiwan (national),moeaea_co2_by_sector,"Energy Administration, CO2 from fuel combustion by sector 1990-2025","附表1.1, year 2016, column 合計; transcribed in official/moeaea_co2_by_sector_1990_2025.csv",https://ea01.moeaea.gov.tw/a0303/02/publication/co2/,downloaded,Direct emissions: power plants count in the energy sector
co2_sector_direct_total,CO2 by sector (direct): Total,部門別 CO2（直接排放）：合計,history,2017,269.461,Mt,Taiwan (national),moeaea_co2_by_sector,"Energy Administration, CO2 from fuel combustion by sector 1990-2025","附表1.1, year 2017, column 合計; transcribed in official/moeaea_co2_by_sector_1990_2025.csv",https://ea01.moeaea.gov.tw/a0303/02/publication/co2/,downloaded,Direct emissions: power plants count in the energy sector
co2_sector_direct_total,CO2 by sector (direct): Total,部門別 CO2（直接排放）：合計,history,2018,267.142,Mt,Taiwan (national),moeaea_co2_by_sector,"Energy Administration, CO2 from fuel combustion by sector 1990-2025","附表1.1, year 2018, column 合計; transcribed in official/moeaea_co2_by_sector_1990_2025.csv",https://ea01.moeaea.gov.tw/a0303/02/publication/co2/,downloaded,Direct emissions: power plants count in the energy sector
co2_sector_direct_total,CO2 by sector (direct): Total,部門別 CO2（直接排放）：合計,history,2019,258.811,Mt,Taiwan (national),moeaea_co2_by_sector,"Energy Administration, CO2 from fuel combustion by sector 1990-2025","附表1.1, year 2019, column 合計; transcribed in official/moeaea_co2_by_sector_1990_2025.csv",https://ea01.moeaea.gov.tw/a0303/02/publication/co2/,downloaded,Direct emissions: power plants count in the energy sector
co2_sector_direct_total,CO2 by sector (direct): Total,部門別 CO2（直接排放）：合計,history,2020,257.39,Mt,Taiwan (national),moeaea_co2_by_sector,"Energy Administration, CO2 from fuel combustion by sector 1990-2025","附表1.1, year 2020, column 合計; transcribed in official/moeaea_co2_by_sector_1990_2025.csv",https://ea01.moeaea.gov.tw/a0303/02/publication/co2/,downloaded,Direct emissions: power plants count in the energy sector
co2_sector_direct_total,CO2 by sector (direct): Total,部門別 CO2（直接排放）：合計,history,2021,266.922,Mt,Taiwan (national),moeaea_co2_by_sector,"Energy Administration, CO2 from fuel combustion by sector 1990-2025","附表1.1, year 2021, column 合計; transcribed in official/moeaea_co2_by_sector_1990_2025.csv",https://ea01.moeaea.gov.tw/a0303/02/publication/co2/,downloaded,Direct emissions: power plants count in the energy sector
co2_sector_direct_total,CO2 by sector (direct): Total,部門別 CO2（直接排放）：合計,history,2022,258.142,Mt,Taiwan (national),moeaea_co2_by_sector,"Energy Administration, CO2 from fuel combustion by sector 1990-2025","附表1.1, year 2022, column 合計; transcribed in official/moeaea_co2_by_sector_1990_2025.csv",https://ea01.moeaea.gov.tw/a0303/02/publication/co2/,downloaded,Direct emissions: power plants count in the energy sector
co2_sector_direct_total,CO2 by sector (direct): Total,部門別 CO2（直接排放）：合計,history,2023,250.579,Mt,Taiwan (national),moeaea_co2_by_sector,"Energy Administration, CO2 from fuel combustion by sector 1990-2025","附表1.1, year 2023, column 合計; transcribed in official/moeaea_co2_by_sector_1990_2025.csv",https://ea01.moeaea.gov.tw/a0303/02/publication/co2/,downloaded,Direct emissions: power plants count in the energy sector
co2_sector_direct_total,CO2 by sector (direct): Total,部門別 CO2（直接排放）：合計,history,2024,245.307,Mt,Taiwan (national),moeaea_co2_by_sector,"Energy Administration, CO2 from fuel combustion by sector 1990-2025","附表1.1, year 2024, column 合計; transcribed in official/moeaea_co2_by_sector_1990_2025.csv",https://ea01.moeaea.gov.tw/a0303/02/publication/co2/,downloaded,Direct emissions: power plants count in the energy sector
co2_sector_direct_total,CO2 by sector (direct): Total,部門別 CO2（直接排放）：合計,history,2025,239.542,Mt,Taiwan (national),moeaea_co2_by_sector,"Energy Administration, CO2 from fuel combustion by sector 1990-2025","附表1.1, year 2025, column 合計; transcribed in official/moeaea_co2_by_sector_1990_2025.csv",https://ea01.moeaea.gov.tw/a0303/02/publication/co2/,downloaded,Direct emissions: power plants count in the energy sector
co2_sector_direct_transport,CO2 by sector (direct): Transport,部門別 CO2（直接排放）：運輸部門,history,1990,19.646,Mt,Taiwan (national),moeaea_co2_by_sector,"Energy Administration, CO2 from fuel combustion by sector 1990-2025","附表1.1, year 1990, column 運輸部門; transcribed in official/moeaea_co2_by_sector_1990_2025.csv",https://ea01.moeaea.gov.tw/a0303/02/publication/co2/,downloaded,Direct emissions: power plants count in the energy sector
co2_sector_direct_transport,CO2 by sector (direct): Transport,部門別 CO2（直接排放）：運輸部門,history,1991,20.888,Mt,Taiwan (national),moeaea_co2_by_sector,"Energy Administration, CO2 from fuel combustion by sector 1990-2025","附表1.1, year 1991, column 運輸部門; transcribed in official/moeaea_co2_by_sector_1990_2025.csv",https://ea01.moeaea.gov.tw/a0303/02/publication/co2/,downloaded,Direct emissions: power plants count in the energy sector
co2_sector_direct_transport,CO2 by sector (direct): Transport,部門別 CO2（直接排放）：運輸部門,history,1992,24.033,Mt,Taiwan (national),moeaea_co2_by_sector,"Energy Administration, CO2 from fuel combustion by sector 1990-2025","附表1.1, year 1992, column 運輸部門; transcribed in official/moeaea_co2_by_sector_1990_2025.csv",https://ea01.moeaea.gov.tw/a0303/02/publication/co2/,downloaded,Direct emissions: power plants count in the energy sector
co2_sector_direct_transport,CO2 by sector (direct): Transport,部門別 CO2（直接排放）：運輸部門,history,1993,26.103,Mt,Taiwan (national),moeaea_co2_by_sector,"Energy Administration, CO2 from fuel combustion by sector 1990-2025","附表1.1, year 1993, column 運輸部門; transcribed in official/moeaea_co2_by_sector_1990_2025.csv",https://ea01.moeaea.gov.tw/a0303/02/publication/co2/,downloaded,Direct emissions: power plants count in the energy sector
co2_sector_direct_transport,CO2 by sector (direct): Transport,部門別 CO2（直接排放）：運輸部門,history,1994,27.54,Mt,Taiwan (national),moeaea_co2_by_sector,"Energy Administration, CO2 from fuel combustion by sector 1990-2025","附表1.1, year 1994, column 運輸部門; transcribed in official/moeaea_co2_by_sector_1990_2025.csv",https://ea01.moeaea.gov.tw/a0303/02/publication/co2/,downloaded,Direct emissions: power plants count in the energy sector
co2_sector_direct_transport,CO2 by sector (direct): Transport,部門別 CO2（直接排放）：運輸部門,history,1995,28.822,Mt,Taiwan (national),moeaea_co2_by_sector,"Energy Administration, CO2 from fuel combustion by sector 1990-2025","附表1.1, year 1995, column 運輸部門; transcribed in official/moeaea_co2_by_sector_1990_2025.csv",https://ea01.moeaea.gov.tw/a0303/02/publication/co2/,downloaded,Direct emissions: power plants count in the energy sector
co2_sector_direct_transport,CO2 by sector (direct): Transport,部門別 CO2（直接排放）：運輸部門,history,1996,29.801,Mt,Taiwan (national),moeaea_co2_by_sector,"Energy Administration, CO2 from fuel combustion by sector 1990-2025","附表1.1, year 1996, column 運輸部門; transcribed in official/moeaea_co2_by_sector_1990_2025.csv",https://ea01.moeaea.gov.tw/a0303/02/publication/co2/,downloaded,Direct emissions: power plants count in the energy sector
co2_sector_direct_transport,CO2 by sector (direct): Transport,部門別 CO2（直接排放）：運輸部門,history,1997,30.536,Mt,Taiwan (national),moeaea_co2_by_sector,"Energy Administration, CO2 from fuel combustion by sector 1990-2025","附表1.1, year 1997, column 運輸部門; transcribed in official/moeaea_co2_by_sector_1990_2025.csv",https://ea01.moeaea.gov.tw/a0303/02/publication/co2/,downloaded,Direct emissions: power plants count in the energy sector
co2_sector_direct_transport,CO2 by sector (direct): Transport,部門別 CO2（直接排放）：運輸部門,history,1998,31.844,Mt,Taiwan (national),moeaea_co2_by_sector,"Energy Administration, CO2 from fuel combustion by sector 1990-2025","附表1.1, year 1998, column 運輸部門; transcribed in official/moeaea_co2_by_sector_1990_2025.csv",https://ea01.moeaea.gov.tw/a0303/02/publication/co2/,downloaded,Direct emissions: power plants count in the energy sector
co2_sector_direct_transport,CO2 by sector (direct): Transport,部門別 CO2（直接排放）：運輸部門,history,1999,32.772,Mt,Taiwan (national),moeaea_co2_by_sector,"Energy Administration, CO2 from fuel combustion by sector 1990-2025","附表1.1, year 1999, column 運輸部門; transcribed in official/moeaea_co2_by_sector_1990_2025.csv",https://ea01.moeaea.gov.tw/a0303/02/publication/co2/,downloaded,Direct emissions: power plants count in the energy sector
co2_sector_direct_transport,CO2 by sector (direct): Transport,部門別 CO2（直接排放）：運輸部門,history,2000,33.207,Mt,Taiwan (national),moeaea_co2_by_sector,"Energy Administration, CO2 from fuel combustion by sector 1990-2025","附表1.1, year 2000, column 運輸部門; transcribed in official/moeaea_co2_by_sector_1990_2025.csv",https://ea01.moeaea.gov.tw/a0303/02/publication/co2/,downloaded,Direct emissions: power plants count in the energy sector
co2_sector_direct_transport,CO2 by sector (direct): Transport,部門別 CO2（直接排放）：運輸部門,history,2001,33.267,Mt,Taiwan (national),moeaea_co2_by_sector,"Energy Administration, CO2 from fuel combustion by sector 1990-2025","附表1.1, year 2001, column 運輸部門; transcribed in official/moeaea_co2_by_sector_1990_2025.csv",https://ea01.moeaea.gov.tw/a0303/02/publication/co2/,downloaded,Direct emissions: power plants count in the energy sector
co2_sector_direct_transport,CO2 by sector (direct): Transport,部門別 CO2（直接排放）：運輸部門,history,2002,34.542,Mt,Taiwan (national),moeaea_co2_by_sector,"Energy Administration, CO2 from fuel combustion by sector 1990-2025","附表1.1, year 2002, column 運輸部門; transcribed in official/moeaea_co2_by_sector_1990_2025.csv",https://ea01.moeaea.gov.tw/a0303/02/publication/co2/,downloaded,Direct emissions: power plants count in the energy sector
co2_sector_direct_transport,CO2 by sector (direct): Transport,部門別 CO2（直接排放）：運輸部門,history,2003,34.509,Mt,Taiwan (national),moeaea_co2_by_sector,"Energy Administration, CO2 from fuel combustion by sector 1990-2025","附表1.1, year 2003, column 運輸部門; transcribed in official/moeaea_co2_by_sector_1990_2025.csv",https://ea01.moeaea.gov.tw/a0303/02/publication/co2/,downloaded,Direct emissions: power plants count in the energy sector
co2_sector_direct_transport,CO2 by sector (direct): Transport,部門別 CO2（直接排放）：運輸部門,history,2004,35.859,Mt,Taiwan (national),moeaea_co2_by_sector,"Energy Administration, CO2 from fuel combustion by sector 1990-2025","附表1.1, year 2004, column 運輸部門; transcribed in official/moeaea_co2_by_sector_1990_2025.csv",https://ea01.moeaea.gov.tw/a0303/02/publication/co2/,downloaded,Direct emissions: power plants count in the energy sector
co2_sector_direct_transport,CO2 by sector (direct): Transport,部門別 CO2（直接排放）：運輸部門,history,2005,36.846,Mt,Taiwan (national),moeaea_co2_by_sector,"Energy Administration, CO2 from fuel combustion by sector 1990-2025","附表1.1, year 2005, column 運輸部門; transcribed in official/moeaea_co2_by_sector_1990_2025.csv",https://ea01.moeaea.gov.tw/a0303/02/publication/co2/,downloaded,Direct emissions: power plants count in the energy sector
co2_sector_direct_transport,CO2 by sector (direct): Transport,部門別 CO2（直接排放）：運輸部門,history,2006,36.771,Mt,Taiwan (national),moeaea_co2_by_sector,"Energy Administration, CO2 from fuel combustion by sector 1990-2025","附表1.1, year 2006, column 運輸部門; transcribed in official/moeaea_co2_by_sector_1990_2025.csv",https://ea01.moeaea.gov.tw/a0303/02/publication/co2/,downloaded,Direct emissions: power plants count in the energy sector
co2_sector_direct_transport,CO2 by sector (direct): Transport,部門別 CO2（直接排放）：運輸部門,history,2007,35.419,Mt,Taiwan (national),moeaea_co2_by_sector,"Energy Administration, CO2 from fuel combustion by sector 1990-2025","附表1.1, year 2007, column 運輸部門; transcribed in official/moeaea_co2_by_sector_1990_2025.csv",https://ea01.moeaea.gov.tw/a0303/02/publication/co2/,downloaded,Direct emissions: power plants count in the energy sector
co2_sector_direct_transport,CO2 by sector (direct): Transport,部門別 CO2（直接排放）：運輸部門,history,2008,33.216,Mt,Taiwan (national),moeaea_co2_by_sector,"Energy Administration, CO2 from fuel combustion by sector 1990-2025","附表1.1, year 2008, column 運輸部門; transcribed in official/moeaea_co2_by_sector_1990_2025.csv",https://ea01.moeaea.gov.tw/a0303/02/publication/co2/,downloaded,Direct emissions: power plants count in the energy sector
co2_sector_direct_transport,CO2 by sector (direct): Transport,部門別 CO2（直接排放）：運輸部門,history,2009,33.541,Mt,Taiwan (national),moeaea_co2_by_sector,"Energy Administration, CO2 from fuel combustion by sector 1990-2025","附表1.1, year 2009, column 運輸部門; transcribed in official/moeaea_co2_by_sector_1990_2025.csv",https://ea01.moeaea.gov.tw/a0303/02/publication/co2/,downloaded,Direct emissions: power plants count in the energy sector
co2_sector_direct_transport,CO2 by sector (direct): Transport,部門別 CO2（直接排放）：運輸部門,history,2010,34.652,Mt,Taiwan (national),moeaea_co2_by_sector,"Energy Administration, CO2 from fuel combustion by sector 1990-2025","附表1.1, year 2010, column 運輸部門; transcribed in official/moeaea_co2_by_sector_1990_2025.csv",https://ea01.moeaea.gov.tw/a0303/02/publication/co2/,downloaded,Direct emissions: power plants count in the energy sector
co2_sector_direct_transport,CO2 by sector (direct): Transport,部門別 CO2（直接排放）：運輸部門,history,2011,35.107,Mt,Taiwan (national),moeaea_co2_by_sector,"Energy Administration, CO2 from fuel combustion by sector 1990-2025","附表1.1, year 2011, column 運輸部門; transcribed in official/moeaea_co2_by_sector_1990_2025.csv",https://ea01.moeaea.gov.tw/a0303/02/publication/co2/,downloaded,Direct emissions: power plants count in the energy sector
co2_sector_direct_transport,CO2 by sector (direct): Transport,部門別 CO2（直接排放）：運輸部門,history,2012,34.284,Mt,Taiwan (national),moeaea_co2_by_sector,"Energy Administration, CO2 from fuel combustion by sector 1990-2025","附表1.1, year 2012, column 運輸部門; transcribed in official/moeaea_co2_by_sector_1990_2025.csv",https://ea01.moeaea.gov.tw/a0303/02/publication/co2/,downloaded,Direct emissions: power plants count in the energy sector
co2_sector_direct_transport,CO2 by sector (direct): Transport,部門別 CO2（直接排放）：運輸部門,history,2013,34.209,Mt,Taiwan (national),moeaea_co2_by_sector,"Energy Administration, CO2 from fuel combustion by sector 1990-2025","附表1.1, year 2013, column 運輸部門; transcribed in official/moeaea_co2_by_sector_1990_2025.csv",https://ea01.moeaea.gov.tw/a0303/02/publication/co2/,downloaded,Direct emissions: power plants count in the energy sector
co2_sector_direct_transport,CO2 by sector (direct): Transport,部門別 CO2（直接排放）：運輸部門,history,2014,34.666,Mt,Taiwan (national),moeaea_co2_by_sector,"Energy Administration, CO2 from fuel combustion by sector 1990-2025","附表1.1, year 2014, column 運輸部門; transcribed in official/moeaea_co2_by_sector_1990_2025.csv",https://ea01.moeaea.gov.tw/a0303/02/publication/co2/,downloaded,Direct emissions: power plants count in the energy sector
co2_sector_direct_transport,CO2 by sector (direct): Transport,部門別 CO2（直接排放）：運輸部門,history,2015,35.506,Mt,Taiwan (national),moeaea_co2_by_sector,"Energy Administration, CO2 from fuel combustion by sector 1990-2025","附表1.1, year 2015, column 運輸部門; transcribed in official/moeaea_co2_by_sector_1990_2025.csv",https://ea01.moeaea.gov.tw/a0303/02/publication/co2/,downloaded,Direct emissions: power plants count in the energy sector
co2_sector_direct_transport,CO2 by sector (direct): Transport,部門別 CO2（直接排放）：運輸部門,history,2016,36.584,Mt,Taiwan (national),moeaea_co2_by_sector,"Energy Administration, CO2 from fuel combustion by sector 1990-2025","附表1.1, year 2016, column 運輸部門; transcribed in official/moeaea_co2_by_sector_1990_2025.csv",https://ea01.moeaea.gov.tw/a0303/02/publication/co2/,downloaded,Direct emissions: power plants count in the energy sector
co2_sector_direct_transport,CO2 by sector (direct): Transport,部門別 CO2（直接排放）：運輸部門,history,2017,36.202,Mt,Taiwan (national),moeaea_co2_by_sector,"Energy Administration, CO2 from fuel combustion by sector 1990-2025","附表1.1, year 2017, column 運輸部門; transcribed in official/moeaea_co2_by_sector_1990_2025.csv",https://ea01.moeaea.gov.tw/a0303/02/publication/co2/,downloaded,Direct emissions: power plants count in the energy sector
co2_sector_direct_transport,CO2 by sector (direct): Transport,部門別 CO2（直接排放）：運輸部門,history,2018,35.202,Mt,Taiwan (national),moeaea_co2_by_sector,"Energy Administration, CO2 from fuel combustion by sector 1990-2025","附表1.1, year 2018, column 運輸部門; transcribed in official/moeaea_co2_by_sector_1990_2025.csv",https://ea01.moeaea.gov.tw/a0303/02/publication/co2/,downloaded,Direct emissions: power plants count in the energy sector
co2_sector_direct_transport,CO2 by sector (direct): Transport,部門別 CO2（直接排放）：運輸部門,history,2019,35.438,Mt,Taiwan (national),moeaea_co2_by_sector,"Energy Administration, CO2 from fuel combustion by sector 1990-2025","附表1.1, year 2019, column 運輸部門; transcribed in official/moeaea_co2_by_sector_1990_2025.csv",https://ea01.moeaea.gov.tw/a0303/02/publication/co2/,downloaded,Direct emissions: power plants count in the energy sector
co2_sector_direct_transport,CO2 by sector (direct): Transport,部門別 CO2（直接排放）：運輸部門,history,2020,35.715,Mt,Taiwan (national),moeaea_co2_by_sector,"Energy Administration, CO2 from fuel combustion by sector 1990-2025","附表1.1, year 2020, column 運輸部門; transcribed in official/moeaea_co2_by_sector_1990_2025.csv",https://ea01.moeaea.gov.tw/a0303/02/publication/co2/,downloaded,Direct emissions: power plants count in the energy sector
co2_sector_direct_transport,CO2 by sector (direct): Transport,部門別 CO2（直接排放）：運輸部門,history,2021,33.905,Mt,Taiwan (national),moeaea_co2_by_sector,"Energy Administration, CO2 from fuel combustion by sector 1990-2025","附表1.1, year 2021, column 運輸部門; transcribed in official/moeaea_co2_by_sector_1990_2025.csv",https://ea01.moeaea.gov.tw/a0303/02/publication/co2/,downloaded,Direct emissions: power plants count in the energy sector
co2_sector_direct_transport,CO2 by sector (direct): Transport,部門別 CO2（直接排放）：運輸部門,history,2022,34.696,Mt,Taiwan (national),moeaea_co2_by_sector,"Energy Administration, CO2 from fuel combustion by sector 1990-2025","附表1.1, year 2022, column 運輸部門; transcribed in official/moeaea_co2_by_sector_1990_2025.csv",https://ea01.moeaea.gov.tw/a0303/02/publication/co2/,downloaded,Direct emissions: power plants count in the energy sector
co2_sector_direct_transport,CO2 by sector (direct): Transport,部門別 CO2（直接排放）：運輸部門,history,2023,34.616,Mt,Taiwan (national),moeaea_co2_by_sector,"Energy Administration, CO2 from fuel combustion by sector 1990-2025","附表1.1, year 2023, column 運輸部門; transcribed in official/moeaea_co2_by_sector_1990_2025.csv",https://ea01.moeaea.gov.tw/a0303/02/publication/co2/,downloaded,Direct emissions: power plants count in the energy sector
co2_sector_direct_transport,CO2 by sector (direct): Transport,部門別 CO2（直接排放）：運輸部門,history,2024,33.892,Mt,Taiwan (national),moeaea_co2_by_sector,"Energy Administration, CO2 from fuel combustion by sector 1990-2025","附表1.1, year 2024, column 運輸部門; transcribed in official/moeaea_co2_by_sector_1990_2025.csv",https://ea01.moeaea.gov.tw/a0303/02/publication/co2/,downloaded,Direct emissions: power plants count in the energy sector
co2_sector_direct_transport,CO2 by sector (direct): Transport,部門別 CO2（直接排放）：運輸部門,history,2025,33.357,Mt,Taiwan (national),moeaea_co2_by_sector,"Energy Administration, CO2 from fuel combustion by sector 1990-2025","附表1.1, year 2025, column 運輸部門; transcribed in official/moeaea_co2_by_sector_1990_2025.csv",https://ea01.moeaea.gov.tw/a0303/02/publication/co2/,downloaded,Direct emissions: power plants count in the energy sector
co2_sector_incl_indirect_agriculture,CO2 by sector (incl. electricity): Agriculture,部門別 CO2（含電力間接排放）：農業部門,history,1990,3.601,Mt,Taiwan (national),moeaea_co2_by_sector,"Energy Administration, CO2 from fuel combustion by sector 1990-2025","附表2.1, year 1990, column 農業部門; transcribed in official/moeaea_co2_by_sector_1990_2025.csv",https://ea01.moeaea.gov.tw/a0303/02/publication/co2/,downloaded,Electricity emissions allocated to the sectors that use the power
co2_sector_incl_indirect_agriculture,CO2 by sector (incl. electricity): Agriculture,部門別 CO2（含電力間接排放）：農業部門,history,1991,3.465,Mt,Taiwan (national),moeaea_co2_by_sector,"Energy Administration, CO2 from fuel combustion by sector 1990-2025","附表2.1, year 1991, column 農業部門; transcribed in official/moeaea_co2_by_sector_1990_2025.csv",https://ea01.moeaea.gov.tw/a0303/02/publication/co2/,downloaded,Electricity emissions allocated to the sectors that use the power
co2_sector_incl_indirect_agriculture,CO2 by sector (incl. electricity): Agriculture,部門別 CO2（含電力間接排放）：農業部門,history,1992,3.405,Mt,Taiwan (national),moeaea_co2_by_sector,"Energy Administration, CO2 from fuel combustion by sector 1990-2025","附表2.1, year 1992, column 農業部門; transcribed in official/moeaea_co2_by_sector_1990_2025.csv",https://ea01.moeaea.gov.tw/a0303/02/publication/co2/,downloaded,Electricity emissions allocated to the sectors that use the power
co2_sector_incl_indirect_agriculture,CO2 by sector (incl. electricity): Agriculture,部門別 CO2（含電力間接排放）：農業部門,history,1993,3.533,Mt,Taiwan (national),moeaea_co2_by_sector,"Energy Administration, CO2 from fuel combustion by sector 1990-2025","附表2.1, year 1993, column 農業部門; transcribed in official/moeaea_co2_by_sector_1990_2025.csv",https://ea01.moeaea.gov.tw/a0303/02/publication/co2/,downloaded,Electricity emissions allocated to the sectors that use the power
co2_sector_incl_indirect_agriculture,CO2 by sector (incl. electricity): Agriculture,部門別 CO2（含電力間接排放）：農業部門,history,1994,3.586,Mt,Taiwan (national),moeaea_co2_by_sector,"Energy Administration, CO2 from fuel combustion by sector 1990-2025","附表2.1, year 1994, column 農業部門; transcribed in official/moeaea_co2_by_sector_1990_2025.csv",https://ea01.moeaea.gov.tw/a0303/02/publication/co2/,downloaded,Electricity emissions allocated to the sectors that use the power
co2_sector_incl_indirect_agriculture,CO2 by sector (incl. electricity): Agriculture,部門別 CO2（含電力間接排放）：農業部門,history,1995,3.73,Mt,Taiwan (national),moeaea_co2_by_sector,"Energy Administration, CO2 from fuel combustion by sector 1990-2025","附表2.1, year 1995, column 農業部門; transcribed in official/moeaea_co2_by_sector_1990_2025.csv",https://ea01.moeaea.gov.tw/a0303/02/publication/co2/,downloaded,Electricity emissions allocated to the sectors that use the power
co2_sector_incl_indirect_agriculture,CO2 by sector (incl. electricity): Agriculture,部門別 CO2（含電力間接排放）：農業部門,history,1996,3.843,Mt,Taiwan (national),moeaea_co2_by_sector,"Energy Administration, CO2 from fuel combustion by sector 1990-2025","附表2.1, year 1996, column 農業部門; transcribed in official/moeaea_co2_by_sector_1990_2025.csv",https://ea01.moeaea.gov.tw/a0303/02/publication/co2/,downloaded,Electricity emissions allocated to the sectors that use the power
co2_sector_incl_indirect_agriculture,CO2 by sector (incl. electricity): Agriculture,部門別 CO2（含電力間接排放）：農業部門,history,1997,3.589,Mt,Taiwan (national),moeaea_co2_by_sector,"Energy Administration, CO2 from fuel combustion by sector 1990-2025","附表2.1, year 1997, column 農業部門; transcribed in official/moeaea_co2_by_sector_1990_2025.csv",https://ea01.moeaea.gov.tw/a0303/02/publication/co2/,downloaded,Electricity emissions allocated to the sectors that use the power
co2_sector_incl_indirect_agriculture,CO2 by sector (incl. electricity): Agriculture,部門別 CO2（含電力間接排放）：農業部門,history,1998,3.078,Mt,Taiwan (national),moeaea_co2_by_sector,"Energy Administration, CO2 from fuel combustion by sector 1990-2025","附表2.1, year 1998, column 農業部門; transcribed in official/moeaea_co2_by_sector_1990_2025.csv",https://ea01.moeaea.gov.tw/a0303/02/publication/co2/,downloaded,Electricity emissions allocated to the sectors that use the power
co2_sector_incl_indirect_agriculture,CO2 by sector (incl. electricity): Agriculture,部門別 CO2（含電力間接排放）：農業部門,history,1999,3.138,Mt,Taiwan (national),moeaea_co2_by_sector,"Energy Administration, CO2 from fuel combustion by sector 1990-2025","附表2.1, year 1999, column 農業部門; transcribed in official/moeaea_co2_by_sector_1990_2025.csv",https://ea01.moeaea.gov.tw/a0303/02/publication/co2/,downloaded,Electricity emissions allocated to the sectors that use the power
co2_sector_incl_indirect_agriculture,CO2 by sector (incl. electricity): Agriculture,部門別 CO2（含電力間接排放）：農業部門,history,2000,3.576,Mt,Taiwan (national),moeaea_co2_by_sector,"Energy Administration, CO2 from fuel combustion by sector 1990-2025","附表2.1, year 2000, column 農業部門; transcribed in official/moeaea_co2_by_sector_1990_2025.csv",https://ea01.moeaea.gov.tw/a0303/02/publication/co2/,downloaded,Electricity emissions allocated to the sectors that use the power
co2_sector_incl_indirect_agriculture,CO2 by sector (incl. electricity): Agriculture,部門別 CO2（含電力間接排放）：農業部門,history,2001,3.661,Mt,Taiwan (national),moeaea_co2_by_sector,"Energy Administration, CO2 from fuel combustion by sector 1990-2025","附表2.1, year 2001, column 農業部門; transcribed in official/moeaea_co2_by_sector_1990_2025.csv",https://ea01.moeaea.gov.tw/a0303/02/publication/co2/,downloaded,Electricity emissions allocated to the sectors that use the power
co2_sector_incl_indirect_agriculture,CO2 by sector (incl. electricity): Agriculture,部門別 CO2（含電力間接排放）：農業部門,history,2002,3.718,Mt,Taiwan (national),moeaea_co2_by_sector,"Energy Administration, CO2 from fuel combustion by sector 1990-2025","附表2.1, year 2002, column 農業部門; transcribed in official/moeaea_co2_by_sector_1990_2025.csv",https://ea01.moeaea.gov.tw/a0303/02/publication/co2/,downloaded,Electricity emissions allocated to the sectors that use the power
co2_sector_incl_indirect_agriculture,CO2 by sector (incl. electricity): Agriculture,部門別 CO2（含電力間接排放）：農業部門,history,2003,4.169,Mt,Taiwan (national),moeaea_co2_by_sector,"Energy Administration, CO2 from fuel combustion by sector 1990-2025","附表2.1, year 2003, column 農業部門; transcribed in official/moeaea_co2_by_sector_1990_2025.csv",https://ea01.moeaea.gov.tw/a0303/02/publication/co2/,downloaded,Electricity emissions allocated to the sectors that use the power
co2_sector_incl_indirect_agriculture,CO2 by sector (incl. electricity): Agriculture,部門別 CO2（含電力間接排放）：農業部門,history,2004,4.355,Mt,Taiwan (national),moeaea_co2_by_sector,"Energy Administration, CO2 from fuel combustion by sector 1990-2025","附表2.1, year 2004, column 農業部門; transcribed in official/moeaea_co2_by_sector_1990_2025.csv",https://ea01.moeaea.gov.tw/a0303/02/publication/co2/,downloaded,Electricity emissions allocated to the sectors that use the power
co2_sector_incl_indirect_agriculture,CO2 by sector (incl. electricity): Agriculture,部門別 CO2（含電力間接排放）：農業部門,history,2005,4.003,Mt,Taiwan (national),moeaea_co2_by_sector,"Energy Administration, CO2 from fuel combustion by sector 1990-2025","附表2.1, year 2005, column 農業部門; transcribed in official/moeaea_co2_by_sector_1990_2025.csv",https://ea01.moeaea.gov.tw/a0303/02/publication/co2/,downloaded,Electricity emissions allocated to the sectors that use the power
co2_sector_incl_indirect_agriculture,CO2 by sector (incl. electricity): Agriculture,部門別 CO2（含電力間接排放）：農業部門,history,2006,3.102,Mt,Taiwan (national),moeaea_co2_by_sector,"Energy Administration, CO2 from fuel combustion by sector 1990-2025","附表2.1, year 2006, column 農業部門; transcribed in official/moeaea_co2_by_sector_1990_2025.csv",https://ea01.moeaea.gov.tw/a0303/02/publication/co2/,downloaded,Electricity emissions allocated to the sectors that use the power
co2_sector_incl_indirect_agriculture,CO2 by sector (incl. electricity): Agriculture,部門別 CO2（含電力間接排放）：農業部門,history,2007,2.546,Mt,Taiwan (national),moeaea_co2_by_sector,"Energy Administration, CO2 from fuel combustion by sector 1990-2025","附表2.1, year 2007, column 農業部門; transcribed in official/moeaea_co2_by_sector_1990_2025.csv",https://ea01.moeaea.gov.tw/a0303/02/publication/co2/,downloaded,Electricity emissions allocated to the sectors that use the power
co2_sector_incl_indirect_agriculture,CO2 by sector (incl. electricity): Agriculture,部門別 CO2（含電力間接排放）：農業部門,history,2008,2.98,Mt,Taiwan (national),moeaea_co2_by_sector,"Energy Administration, CO2 from fuel combustion by sector 1990-2025","附表2.1, year 2008, column 農業部門; transcribed in official/moeaea_co2_by_sector_1990_2025.csv",https://ea01.moeaea.gov.tw/a0303/02/publication/co2/,downloaded,Electricity emissions allocated to the sectors that use the power
co2_sector_incl_indirect_agriculture,CO2 by sector (incl. electricity): Agriculture,部門別 CO2（含電力間接排放）：農業部門,history,2009,2.563,Mt,Taiwan (national),moeaea_co2_by_sector,"Energy Administration, CO2 from fuel combustion by sector 1990-2025","附表2.1, year 2009, column 農業部門; transcribed in official/moeaea_co2_by_sector_1990_2025.csv",https://ea01.moeaea.gov.tw/a0303/02/publication/co2/,downloaded,Electricity emissions allocated to the sectors that use the power
co2_sector_incl_indirect_agriculture,CO2 by sector (incl. electricity): Agriculture,部門別 CO2（含電力間接排放）：農業部門,history,2010,2.503,Mt,Taiwan (national),moeaea_co2_by_sector,"Energy Administration, CO2 from fuel combustion by sector 1990-2025","附表2.1, year 2010, column 農業部門; transcribed in official/moeaea_co2_by_sector_1990_2025.csv",https://ea01.moeaea.gov.tw/a0303/02/publication/co2/,downloaded,Electricity emissions allocated to the sectors that use the power
co2_sector_incl_indirect_agriculture,CO2 by sector (incl. electricity): Agriculture,部門別 CO2（含電力間接排放）：農業部門,history,2011,2.574,Mt,Taiwan (national),moeaea_co2_by_sector,"Energy Administration, CO2 from fuel combustion by sector 1990-2025","附表2.1, year 2011, column 農業部門; transcribed in official/moeaea_co2_by_sector_1990_2025.csv",https://ea01.moeaea.gov.tw/a0303/02/publication/co2/,downloaded,Electricity emissions allocated to the sectors that use the power
co2_sector_incl_indirect_agriculture,CO2 by sector (incl. electricity): Agriculture,部門別 CO2（含電力間接排放）：農業部門,history,2012,2.687,Mt,Taiwan (national),moeaea_co2_by_sector,"Energy Administration, CO2 from fuel combustion by sector 1990-2025","附表2.1, year 2012, column 農業部門; transcribed in official/moeaea_co2_by_sector_1990_2025.csv",https://ea01.moeaea.gov.tw/a0303/02/publication/co2/,downloaded,Electricity emissions allocated to the sectors that use the power
co2_sector_incl_indirect_agriculture,CO2 by sector (incl. electricity): Agriculture,部門別 CO2（含電力間接排放）：農業部門,history,2013,2.696,Mt,Taiwan (national),moeaea_co2_by_sector,"Energy Administration, CO2 from fuel combustion by sector 1990-2025","附表2.1, year 2013, column 農業部門; transcribed in official/moeaea_co2_by_sector_1990_2025.csv",https://ea01.moeaea.gov.tw/a0303/02/publication/co2/,downloaded,Electricity emissions allocated to the sectors that use the power
co2_sector_incl_indirect_agriculture,CO2 by sector (incl. electricity): Agriculture,部門別 CO2（含電力間接排放）：農業部門,history,2014,2.805,Mt,Taiwan (national),moeaea_co2_by_sector,"Energy Administration, CO2 from fuel combustion by sector 1990-2025","附表2.1, year 2014, column 農業部門; transcribed in official/moeaea_co2_by_sector_1990_2025.csv",https://ea01.moeaea.gov.tw/a0303/02/publication/co2/,downloaded,Electricity emissions allocated to the sectors that use the power
co2_sector_incl_indirect_agriculture,CO2 by sector (incl. electricity): Agriculture,部門別 CO2（含電力間接排放）：農業部門,history,2015,2.812,Mt,Taiwan (national),moeaea_co2_by_sector,"Energy Administration, CO2 from fuel combustion by sector 1990-2025","附表2.1, year 2015, column 農業部門; transcribed in official/moeaea_co2_by_sector_1990_2025.csv",https://ea01.moeaea.gov.tw/a0303/02/publication/co2/,downloaded,Electricity emissions allocated to the sectors that use the power
co2_sector_incl_indirect_agriculture,CO2 by sector (incl. electricity): Agriculture,部門別 CO2（含電力間接排放）：農業部門,history,2016,2.817,Mt,Taiwan (national),moeaea_co2_by_sector,"Energy Administration, CO2 from fuel combustion by sector 1990-2025","附表2.1, year 2016, column 農業部門; transcribed in official/moeaea_co2_by_sector_1990_2025.csv",https://ea01.moeaea.gov.tw/a0303/02/publication/co2/,downloaded,Electricity emissions allocated to the sectors that use the power
co2_sector_incl_indirect_agriculture,CO2 by sector (incl. electricity): Agriculture,部門別 CO2（含電力間接排放）：農業部門,history,2017,2.876,Mt,Taiwan (national),moeaea_co2_by_sector,"Energy Administration, CO2 from fuel combustion by sector 1990-2025","附表2.1, year 2017, column 農業部門; transcribed in official/moeaea_co2_by_sector_1990_2025.csv",https://ea01.moeaea.gov.tw/a0303/02/publication/co2/,downloaded,Electricity emissions allocated to the sectors that use the power
co2_sector_incl_indirect_agriculture,CO2 by sector (incl. electricity): Agriculture,部門別 CO2（含電力間接排放）：農業部門,history,2018,3.085,Mt,Taiwan (national),moeaea_co2_by_sector,"Energy Administration, CO2 from fuel combustion by sector 1990-2025","附表2.1, year 2018, column 農業部門; transcribed in official/moeaea_co2_by_sector_1990_2025.csv",https://ea01.moeaea.gov.tw/a0303/02/publication/co2/,downloaded,Electricity emissions allocated to the sectors that use the power
co2_sector_incl_indirect_agriculture,CO2 by sector (incl. electricity): Agriculture,部門別 CO2（含電力間接排放）：農業部門,history,2019,3.061,Mt,Taiwan (national),moeaea_co2_by_sector,"Energy Administration, CO2 from fuel combustion by sector 1990-2025","附表2.1, year 2019, column 農業部門; transcribed in official/moeaea_co2_by_sector_1990_2025.csv",https://ea01.moeaea.gov.tw/a0303/02/publication/co2/,downloaded,Electricity emissions allocated to the sectors that use the power
co2_sector_incl_indirect_agriculture,CO2 by sector (incl. electricity): Agriculture,部門別 CO2（含電力間接排放）：農業部門,history,2020,2.966,Mt,Taiwan (national),moeaea_co2_by_sector,"Energy Administration, CO2 from fuel combustion by sector 1990-2025","附表2.1, year 2020, column 農業部門; transcribed in official/moeaea_co2_by_sector_1990_2025.csv",https://ea01.moeaea.gov.tw/a0303/02/publication/co2/,downloaded,Electricity emissions allocated to the sectors that use the power
co2_sector_incl_indirect_agriculture,CO2 by sector (incl. electricity): Agriculture,部門別 CO2（含電力間接排放）：農業部門,history,2021,2.993,Mt,Taiwan (national),moeaea_co2_by_sector,"Energy Administration, CO2 from fuel combustion by sector 1990-2025","附表2.1, year 2021, column 農業部門; transcribed in official/moeaea_co2_by_sector_1990_2025.csv",https://ea01.moeaea.gov.tw/a0303/02/publication/co2/,downloaded,Electricity emissions allocated to the sectors that use the power
co2_sector_incl_indirect_agriculture,CO2 by sector (incl. electricity): Agriculture,部門別 CO2（含電力間接排放）：農業部門,history,2022,2.977,Mt,Taiwan (national),moeaea_co2_by_sector,"Energy Administration, CO2 from fuel combustion by sector 1990-2025","附表2.1, year 2022, column 農業部門; transcribed in official/moeaea_co2_by_sector_1990_2025.csv",https://ea01.moeaea.gov.tw/a0303/02/publication/co2/,downloaded,Electricity emissions allocated to the sectors that use the power
co2_sector_incl_indirect_agriculture,CO2 by sector (incl. electricity): Agriculture,部門別 CO2（含電力間接排放）：農業部門,history,2023,3.137,Mt,Taiwan (national),moeaea_co2_by_sector,"Energy Administration, CO2 from fuel combustion by sector 1990-2025","附表2.1, year 2023, column 農業部門; transcribed in official/moeaea_co2_by_sector_1990_2025.csv",https://ea01.moeaea.gov.tw/a0303/02/publication/co2/,downloaded,Electricity emissions allocated to the sectors that use the power
co2_sector_incl_indirect_agriculture,CO2 by sector (incl. electricity): Agriculture,部門別 CO2（含電力間接排放）：農業部門,history,2024,3.204,Mt,Taiwan (national),moeaea_co2_by_sector,"Energy Administration, CO2 from fuel combustion by sector 1990-2025","附表2.1, year 2024, column 農業部門; transcribed in official/moeaea_co2_by_sector_1990_2025.csv",https://ea01.moeaea.gov.tw/a0303/02/publication/co2/,downloaded,Electricity emissions allocated to the sectors that use the power
co2_sector_incl_indirect_agriculture,CO2 by sector (incl. electricity): Agriculture,部門別 CO2（含電力間接排放）：農業部門,history,2025,3.113,Mt,Taiwan (national),moeaea_co2_by_sector,"Energy Administration, CO2 from fuel combustion by sector 1990-2025","附表2.1, year 2025, column 農業部門; transcribed in official/moeaea_co2_by_sector_1990_2025.csv",https://ea01.moeaea.gov.tw/a0303/02/publication/co2/,downloaded,Electricity emissions allocated to the sectors that use the power
co2_sector_incl_indirect_energy,CO2 by sector (incl. electricity): Energy sector,部門別 CO2（含電力間接排放）：能源部門,history,1990,15.569,Mt,Taiwan (national),moeaea_co2_by_sector,"Energy Administration, CO2 from fuel combustion by sector 1990-2025","附表2.1, year 1990, column 能源部門; transcribed in official/moeaea_co2_by_sector_1990_2025.csv",https://ea01.moeaea.gov.tw/a0303/02/publication/co2/,downloaded,Electricity emissions allocated to the sectors that use the power
co2_sector_incl_indirect_energy,CO2 by sector (incl. electricity): Energy sector,部門別 CO2（含電力間接排放）：能源部門,history,1991,16.025,Mt,Taiwan (national),moeaea_co2_by_sector,"Energy Administration, CO2 from fuel combustion by sector 1990-2025","附表2.1, year 1991, column 能源部門; transcribed in official/moeaea_co2_by_sector_1990_2025.csv",https://ea01.moeaea.gov.tw/a0303/02/publication/co2/,downloaded,Electricity emissions allocated to the sectors that use the power
co2_sector_incl_indirect_energy,CO2 by sector (incl. electricity): Energy sector,部門別 CO2（含電力間接排放）：能源部門,history,1992,15.742,Mt,Taiwan (national),moeaea_co2_by_sector,"Energy Administration, CO2 from fuel combustion by sector 1990-2025","附表2.1, year 1992, column 能源部門; transcribed in official/moeaea_co2_by_sector_1990_2025.csv",https://ea01.moeaea.gov.tw/a0303/02/publication/co2/,downloaded,Electricity emissions allocated to the sectors that use the power
co2_sector_incl_indirect_energy,CO2 by sector (incl. electricity): Energy sector,部門別 CO2（含電力間接排放）：能源部門,history,1993,17.213,Mt,Taiwan (national),moeaea_co2_by_sector,"Energy Administration, CO2 from fuel combustion by sector 1990-2025","附表2.1, year 1993, column 能源部門; transcribed in official/moeaea_co2_by_sector_1990_2025.csv",https://ea01.moeaea.gov.tw/a0303/02/publication/co2/,downloaded,Electricity emissions allocated to the sectors that use the power
co2_sector_incl_indirect_energy,CO2 by sector (incl. electricity): Energy sector,部門別 CO2（含電力間接排放）：能源部門,history,1994,19.122,Mt,Taiwan (national),moeaea_co2_by_sector,"Energy Administration, CO2 from fuel combustion by sector 1990-2025","附表2.1, year 1994, column 能源部門; transcribed in official/moeaea_co2_by_sector_1990_2025.csv",https://ea01.moeaea.gov.tw/a0303/02/publication/co2/,downloaded,Electricity emissions allocated to the sectors that use the power
co2_sector_incl_indirect_energy,CO2 by sector (incl. electricity): Energy sector,部門別 CO2（含電力間接排放）：能源部門,history,1995,20.194,Mt,Taiwan (national),moeaea_co2_by_sector,"Energy Administration, CO2 from fuel combustion by sector 1990-2025","附表2.1, year 1995, column 能源部門; transcribed in official/moeaea_co2_by_sector_1990_2025.csv",https://ea01.moeaea.gov.tw/a0303/02/publication/co2/,downloaded,Electricity emissions allocated to the sectors that use the power
co2_sector_incl_indirect_energy,CO2 by sector (incl. electricity): Energy sector,部門別 CO2（含電力間接排放）：能源部門,history,1996,21.152,Mt,Taiwan (national),moeaea_co2_by_sector,"Energy Administration, CO2 from fuel combustion by sector 1990-2025","附表2.1, year 1996, column 能源部門; transcribed in official/moeaea_co2_by_sector_1990_2025.csv",https://ea01.moeaea.gov.tw/a0303/02/publication/co2/,downloaded,Electricity emissions allocated to the sectors that use the power
co2_sector_incl_indirect_energy,CO2 by sector (incl. electricity): Energy sector,部門別 CO2（含電力間接排放）：能源部門,history,1997,23.959,Mt,Taiwan (national),moeaea_co2_by_sector,"Energy Administration, CO2 from fuel combustion by sector 1990-2025","附表2.1, year 1997, column 能源部門; transcribed in official/moeaea_co2_by_sector_1990_2025.csv",https://ea01.moeaea.gov.tw/a0303/02/publication/co2/,downloaded,Electricity emissions allocated to the sectors that use the power
co2_sector_incl_indirect_energy,CO2 by sector (incl. electricity): Energy sector,部門別 CO2（含電力間接排放）：能源部門,history,1998,25.615,Mt,Taiwan (national),moeaea_co2_by_sector,"Energy Administration, CO2 from fuel combustion by sector 1990-2025","附表2.1, year 1998, column 能源部門; transcribed in official/moeaea_co2_by_sector_1990_2025.csv",https://ea01.moeaea.gov.tw/a0303/02/publication/co2/,downloaded,Electricity emissions allocated to the sectors that use the power
co2_sector_incl_indirect_energy,CO2 by sector (incl. electricity): Energy sector,部門別 CO2（含電力間接排放）：能源部門,history,1999,26.055,Mt,Taiwan (national),moeaea_co2_by_sector,"Energy Administration, CO2 from fuel combustion by sector 1990-2025","附表2.1, year 1999, column 能源部門; transcribed in official/moeaea_co2_by_sector_1990_2025.csv",https://ea01.moeaea.gov.tw/a0303/02/publication/co2/,downloaded,Electricity emissions allocated to the sectors that use the power
co2_sector_incl_indirect_energy,CO2 by sector (incl. electricity): Energy sector,部門別 CO2（含電力間接排放）：能源部門,history,2000,28.541,Mt,Taiwan (national),moeaea_co2_by_sector,"Energy Administration, CO2 from fuel combustion by sector 1990-2025","附表2.1, year 2000, column 能源部門; transcribed in official/moeaea_co2_by_sector_1990_2025.csv",https://ea01.moeaea.gov.tw/a0303/02/publication/co2/,downloaded,Electricity emissions allocated to the sectors that use the power
co2_sector_incl_indirect_energy,CO2 by sector (incl. electricity): Energy sector,部門別 CO2（含電力間接排放）：能源部門,history,2001,29.659,Mt,Taiwan (national),moeaea_co2_by_sector,"Energy Administration, CO2 from fuel combustion by sector 1990-2025","附表2.1, year 2001, column 能源部門; transcribed in official/moeaea_co2_by_sector_1990_2025.csv",https://ea01.moeaea.gov.tw/a0303/02/publication/co2/,downloaded,Electricity emissions allocated to the sectors that use the power
co2_sector_incl_indirect_energy,CO2 by sector (incl. electricity): Energy sector,部門別 CO2（含電力間接排放）：能源部門,history,2002,29.296,Mt,Taiwan (national),moeaea_co2_by_sector,"Energy Administration, CO2 from fuel combustion by sector 1990-2025","附表2.1, year 2002, column 能源部門; transcribed in official/moeaea_co2_by_sector_1990_2025.csv",https://ea01.moeaea.gov.tw/a0303/02/publication/co2/,downloaded,Electricity emissions allocated to the sectors that use the power
co2_sector_incl_indirect_energy,CO2 by sector (incl. electricity): Energy sector,部門別 CO2（含電力間接排放）：能源部門,history,2003,30.969,Mt,Taiwan (national),moeaea_co2_by_sector,"Energy Administration, CO2 from fuel combustion by sector 1990-2025","附表2.1, year 2003, column 能源部門; transcribed in official/moeaea_co2_by_sector_1990_2025.csv",https://ea01.moeaea.gov.tw/a0303/02/publication/co2/,downloaded,Electricity emissions allocated to the sectors that use the power
co2_sector_incl_indirect_energy,CO2 by sector (incl. electricity): Energy sector,部門別 CO2（含電力間接排放）：能源部門,history,2004,32.735,Mt,Taiwan (national),moeaea_co2_by_sector,"Energy Administration, CO2 from fuel combustion by sector 1990-2025","附表2.1, year 2004, column 能源部門; transcribed in official/moeaea_co2_by_sector_1990_2025.csv",https://ea01.moeaea.gov.tw/a0303/02/publication/co2/,downloaded,Electricity emissions allocated to the sectors that use the power
co2_sector_incl_indirect_energy,CO2 by sector (incl. electricity): Energy sector,部門別 CO2（含電力間接排放）：能源部門,history,2005,35.233,Mt,Taiwan (national),moeaea_co2_by_sector,"Energy Administration, CO2 from fuel combustion by sector 1990-2025","附表2.1, year 2005, column 能源部門; transcribed in official/moeaea_co2_by_sector_1990_2025.csv",https://ea01.moeaea.gov.tw/a0303/02/publication/co2/,downloaded,Electricity emissions allocated to the sectors that use the power
co2_sector_incl_indirect_energy,CO2 by sector (incl. electricity): Energy sector,部門別 CO2（含電力間接排放）：能源部門,history,2006,36.815,Mt,Taiwan (national),moeaea_co2_by_sector,"Energy Administration, CO2 from fuel combustion by sector 1990-2025","附表2.1, year 2006, column 能源部門; transcribed in official/moeaea_co2_by_sector_1990_2025.csv",https://ea01.moeaea.gov.tw/a0303/02/publication/co2/,downloaded,Electricity emissions allocated to the sectors that use the power
co2_sector_incl_indirect_energy,CO2 by sector (incl. electricity): Energy sector,部門別 CO2（含電力間接排放）：能源部門,history,2007,37.617,Mt,Taiwan (national),moeaea_co2_by_sector,"Energy Administration, CO2 from fuel combustion by sector 1990-2025","附表2.1, year 2007, column 能源部門; transcribed in official/moeaea_co2_by_sector_1990_2025.csv",https://ea01.moeaea.gov.tw/a0303/02/publication/co2/,downloaded,Electricity emissions allocated to the sectors that use the power
co2_sector_incl_indirect_energy,CO2 by sector (incl. electricity): Energy sector,部門別 CO2（含電力間接排放）：能源部門,history,2008,34.128,Mt,Taiwan (national),moeaea_co2_by_sector,"Energy Administration, CO2 from fuel combustion by sector 1990-2025","附表2.1, year 2008, column 能源部門; transcribed in official/moeaea_co2_by_sector_1990_2025.csv",https://ea01.moeaea.gov.tw/a0303/02/publication/co2/,downloaded,Electricity emissions allocated to the sectors that use the power
co2_sector_incl_indirect_energy,CO2 by sector (incl. electricity): Energy sector,部門別 CO2（含電力間接排放）：能源部門,history,2009,32.871,Mt,Taiwan (national),moeaea_co2_by_sector,"Energy Administration, CO2 from fuel combustion by sector 1990-2025","附表2.1, year 2009, column 能源部門; transcribed in official/moeaea_co2_by_sector_1990_2025.csv",https://ea01.moeaea.gov.tw/a0303/02/publication/co2/,downloaded,Electricity emissions allocated to the sectors that use the power
co2_sector_incl_indirect_energy,CO2 by sector (incl. electricity): Energy sector,部門別 CO2（含電力間接排放）：能源部門,history,2010,34.734,Mt,Taiwan (national),moeaea_co2_by_sector,"Energy Administration, CO2 from fuel combustion by sector 1990-2025","附表2.1, year 2010, column 能源部門; transcribed in official/moeaea_co2_by_sector_1990_2025.csv",https://ea01.moeaea.gov.tw/a0303/02/publication/co2/,downloaded,Electricity emissions allocated to the sectors that use the power
co2_sector_incl_indirect_energy,CO2 by sector (incl. electricity): Energy sector,部門別 CO2（含電力間接排放）：能源部門,history,2011,35.081,Mt,Taiwan (national),moeaea_co2_by_sector,"Energy Administration, CO2 from fuel combustion by sector 1990-2025","附表2.1, year 2011, column 能源部門; transcribed in official/moeaea_co2_by_sector_1990_2025.csv",https://ea01.moeaea.gov.tw/a0303/02/publication/co2/,downloaded,Electricity emissions allocated to the sectors that use the power
co2_sector_incl_indirect_energy,CO2 by sector (incl. electricity): Energy sector,部門別 CO2（含電力間接排放）：能源部門,history,2012,34.627,Mt,Taiwan (national),moeaea_co2_by_sector,"Energy Administration, CO2 from fuel combustion by sector 1990-2025","附表2.1, year 2012, column 能源部門; transcribed in official/moeaea_co2_by_sector_1990_2025.csv",https://ea01.moeaea.gov.tw/a0303/02/publication/co2/,downloaded,Electricity emissions allocated to the sectors that use the power
co2_sector_incl_indirect_energy,CO2 by sector (incl. electricity): Energy sector,部門別 CO2（含電力間接排放）：能源部門,history,2013,34.372,Mt,Taiwan (national),moeaea_co2_by_sector,"Energy Administration, CO2 from fuel combustion by sector 1990-2025","附表2.1, year 2013, column 能源部門; transcribed in official/moeaea_co2_by_sector_1990_2025.csv",https://ea01.moeaea.gov.tw/a0303/02/publication/co2/,downloaded,Electricity emissions allocated to the sectors that use the power
co2_sector_incl_indirect_energy,CO2 by sector (incl. electricity): Energy sector,部門別 CO2（含電力間接排放）：能源部門,history,2014,37.286,Mt,Taiwan (national),moeaea_co2_by_sector,"Energy Administration, CO2 from fuel combustion by sector 1990-2025","附表2.1, year 2014, column 能源部門; transcribed in official/moeaea_co2_by_sector_1990_2025.csv",https://ea01.moeaea.gov.tw/a0303/02/publication/co2/,downloaded,Electricity emissions allocated to the sectors that use the power
co2_sector_incl_indirect_energy,CO2 by sector (incl. electricity): Energy sector,部門別 CO2（含電力間接排放）：能源部門,history,2015,37.149,Mt,Taiwan (national),moeaea_co2_by_sector,"Energy Administration, CO2 from fuel combustion by sector 1990-2025","附表2.1, year 2015, column 能源部門; transcribed in official/moeaea_co2_by_sector_1990_2025.csv",https://ea01.moeaea.gov.tw/a0303/02/publication/co2/,downloaded,Electricity emissions allocated to the sectors that use the power
co2_sector_incl_indirect_energy,CO2 by sector (incl. electricity): Energy sector,部門別 CO2（含電力間接排放）：能源部門,history,2016,37.282,Mt,Taiwan (national),moeaea_co2_by_sector,"Energy Administration, CO2 from fuel combustion by sector 1990-2025","附表2.1, year 2016, column 能源部門; transcribed in official/moeaea_co2_by_sector_1990_2025.csv",https://ea01.moeaea.gov.tw/a0303/02/publication/co2/,downloaded,Electricity emissions allocated to the sectors that use the power
co2_sector_incl_indirect_energy,CO2 by sector (incl. electricity): Energy sector,部門別 CO2（含電力間接排放）：能源部門,history,2017,37.866,Mt,Taiwan (national),moeaea_co2_by_sector,"Energy Administration, CO2 from fuel combustion by sector 1990-2025","附表2.1, year 2017, column 能源部門; transcribed in official/moeaea_co2_by_sector_1990_2025.csv",https://ea01.moeaea.gov.tw/a0303/02/publication/co2/,downloaded,Electricity emissions allocated to the sectors that use the power
co2_sector_incl_indirect_energy,CO2 by sector (incl. electricity): Energy sector,部門別 CO2（含電力間接排放）：能源部門,history,2018,37.962,Mt,Taiwan (national),moeaea_co2_by_sector,"Energy Administration, CO2 from fuel combustion by sector 1990-2025","附表2.1, year 2018, column 能源部門; transcribed in official/moeaea_co2_by_sector_1990_2025.csv",https://ea01.moeaea.gov.tw/a0303/02/publication/co2/,downloaded,Electricity emissions allocated to the sectors that use the power
co2_sector_incl_indirect_energy,CO2 by sector (incl. electricity): Energy sector,部門別 CO2（含電力間接排放）：能源部門,history,2019,37.525,Mt,Taiwan (national),moeaea_co2_by_sector,"Energy Administration, CO2 from fuel combustion by sector 1990-2025","附表2.1, year 2019, column 能源部門; transcribed in official/moeaea_co2_by_sector_1990_2025.csv",https://ea01.moeaea.gov.tw/a0303/02/publication/co2/,downloaded,Electricity emissions allocated to the sectors that use the power
co2_sector_incl_indirect_energy,CO2 by sector (incl. electricity): Energy sector,部門別 CO2（含電力間接排放）：能源部門,history,2020,36.197,Mt,Taiwan (national),moeaea_co2_by_sector,"Energy Administration, CO2 from fuel combustion by sector 1990-2025","附表2.1, year 2020, column 能源部門; transcribed in official/moeaea_co2_by_sector_1990_2025.csv",https://ea01.moeaea.gov.tw/a0303/02/publication/co2/,downloaded,Electricity emissions allocated to the sectors that use the power
co2_sector_incl_indirect_energy,CO2 by sector (incl. electricity): Energy sector,部門別 CO2（含電力間接排放）：能源部門,history,2021,37.045,Mt,Taiwan (national),moeaea_co2_by_sector,"Energy Administration, CO2 from fuel combustion by sector 1990-2025","附表2.1, year 2021, column 能源部門; transcribed in official/moeaea_co2_by_sector_1990_2025.csv",https://ea01.moeaea.gov.tw/a0303/02/publication/co2/,downloaded,Electricity emissions allocated to the sectors that use the power
co2_sector_incl_indirect_energy,CO2 by sector (incl. electricity): Energy sector,部門別 CO2（含電力間接排放）：能源部門,history,2022,36.642,Mt,Taiwan (national),moeaea_co2_by_sector,"Energy Administration, CO2 from fuel combustion by sector 1990-2025","附表2.1, year 2022, column 能源部門; transcribed in official/moeaea_co2_by_sector_1990_2025.csv",https://ea01.moeaea.gov.tw/a0303/02/publication/co2/,downloaded,Electricity emissions allocated to the sectors that use the power
co2_sector_incl_indirect_energy,CO2 by sector (incl. electricity): Energy sector,部門別 CO2（含電力間接排放）：能源部門,history,2023,33.883,Mt,Taiwan (national),moeaea_co2_by_sector,"Energy Administration, CO2 from fuel combustion by sector 1990-2025","附表2.1, year 2023, column 能源部門; transcribed in official/moeaea_co2_by_sector_1990_2025.csv",https://ea01.moeaea.gov.tw/a0303/02/publication/co2/,downloaded,Electricity emissions allocated to the sectors that use the power
co2_sector_incl_indirect_energy,CO2 by sector (incl. electricity): Energy sector,部門別 CO2（含電力間接排放）：能源部門,history,2024,33.194,Mt,Taiwan (national),moeaea_co2_by_sector,"Energy Administration, CO2 from fuel combustion by sector 1990-2025","附表2.1, year 2024, column 能源部門; transcribed in official/moeaea_co2_by_sector_1990_2025.csv",https://ea01.moeaea.gov.tw/a0303/02/publication/co2/,downloaded,Electricity emissions allocated to the sectors that use the power
co2_sector_incl_indirect_energy,CO2 by sector (incl. electricity): Energy sector,部門別 CO2（含電力間接排放）：能源部門,history,2025,31.721,Mt,Taiwan (national),moeaea_co2_by_sector,"Energy Administration, CO2 from fuel combustion by sector 1990-2025","附表2.1, year 2025, column 能源部門; transcribed in official/moeaea_co2_by_sector_1990_2025.csv",https://ea01.moeaea.gov.tw/a0303/02/publication/co2/,downloaded,Electricity emissions allocated to the sectors that use the power
co2_sector_incl_indirect_industry,CO2 by sector (incl. electricity): Industry,部門別 CO2（含電力間接排放）：工業部門,history,1990,50.485,Mt,Taiwan (national),moeaea_co2_by_sector,"Energy Administration, CO2 from fuel combustion by sector 1990-2025","附表2.1, year 1990, column 工業部門; transcribed in official/moeaea_co2_by_sector_1990_2025.csv",https://ea01.moeaea.gov.tw/a0303/02/publication/co2/,downloaded,Electricity emissions allocated to the sectors that use the power
co2_sector_incl_indirect_industry,CO2 by sector (incl. electricity): Industry,部門別 CO2（含電力間接排放）：工業部門,history,1991,55.082,Mt,Taiwan (national),moeaea_co2_by_sector,"Energy Administration, CO2 from fuel combustion by sector 1990-2025","附表2.1, year 1991, column 工業部門; transcribed in official/moeaea_co2_by_sector_1990_2025.csv",https://ea01.moeaea.gov.tw/a0303/02/publication/co2/,downloaded,Electricity emissions allocated to the sectors that use the power
co2_sector_incl_indirect_industry,CO2 by sector (incl. electricity): Industry,部門別 CO2（含電力間接排放）：工業部門,history,1992,58.902,Mt,Taiwan (national),moeaea_co2_by_sector,"Energy Administration, CO2 from fuel combustion by sector 1990-2025","附表2.1, year 1992, column 工業部門; transcribed in official/moeaea_co2_by_sector_1990_2025.csv",https://ea01.moeaea.gov.tw/a0303/02/publication/co2/,downloaded,Electricity emissions allocated to the sectors that use the power
co2_sector_incl_indirect_industry,CO2 by sector (incl. electricity): Industry,部門別 CO2（含電力間接排放）：工業部門,history,1993,61.829,Mt,Taiwan (national),moeaea_co2_by_sector,"Energy Administration, CO2 from fuel combustion by sector 1990-2025","附表2.1, year 1993, column 工業部門; transcribed in official/moeaea_co2_by_sector_1990_2025.csv",https://ea01.moeaea.gov.tw/a0303/02/publication/co2/,downloaded,Electricity emissions allocated to the sectors that use the power
co2_sector_incl_indirect_industry,CO2 by sector (incl. electricity): Industry,部門別 CO2（含電力間接排放）：工業部門,history,1994,64.214,Mt,Taiwan (national),moeaea_co2_by_sector,"Energy Administration, CO2 from fuel combustion by sector 1990-2025","附表2.1, year 1994, column 工業部門; transcribed in official/moeaea_co2_by_sector_1990_2025.csv",https://ea01.moeaea.gov.tw/a0303/02/publication/co2/,downloaded,Electricity emissions allocated to the sectors that use the power
co2_sector_incl_indirect_industry,CO2 by sector (incl. electricity): Industry,部門別 CO2（含電力間接排放）：工業部門,history,1995,67.413,Mt,Taiwan (national),moeaea_co2_by_sector,"Energy Administration, CO2 from fuel combustion by sector 1990-2025","附表2.1, year 1995, column 工業部門; transcribed in official/moeaea_co2_by_sector_1990_2025.csv",https://ea01.moeaea.gov.tw/a0303/02/publication/co2/,downloaded,Electricity emissions allocated to the sectors that use the power
co2_sector_incl_indirect_industry,CO2 by sector (incl. electricity): Industry,部門別 CO2（含電力間接排放）：工業部門,history,1996,70.273,Mt,Taiwan (national),moeaea_co2_by_sector,"Energy Administration, CO2 from fuel combustion by sector 1990-2025","附表2.1, year 1996, column 工業部門; transcribed in official/moeaea_co2_by_sector_1990_2025.csv",https://ea01.moeaea.gov.tw/a0303/02/publication/co2/,downloaded,Electricity emissions allocated to the sectors that use the power
co2_sector_incl_indirect_industry,CO2 by sector (incl. electricity): Industry,部門別 CO2（含電力間接排放）：工業部門,history,1997,77.213,Mt,Taiwan (national),moeaea_co2_by_sector,"Energy Administration, CO2 from fuel combustion by sector 1990-2025","附表2.1, year 1997, column 工業部門; transcribed in official/moeaea_co2_by_sector_1990_2025.csv",https://ea01.moeaea.gov.tw/a0303/02/publication/co2/,downloaded,Electricity emissions allocated to the sectors that use the power
co2_sector_incl_indirect_industry,CO2 by sector (incl. electricity): Industry,部門別 CO2（含電力間接排放）：工業部門,history,1998,80.66,Mt,Taiwan (national),moeaea_co2_by_sector,"Energy Administration, CO2 from fuel combustion by sector 1990-2025","附表2.1, year 1998, column 工業部門; transcribed in official/moeaea_co2_by_sector_1990_2025.csv",https://ea01.moeaea.gov.tw/a0303/02/publication/co2/,downloaded,Electricity emissions allocated to the sectors that use the power
co2_sector_incl_indirect_industry,CO2 by sector (incl. electricity): Industry,部門別 CO2（含電力間接排放）：工業部門,history,1999,86.612,Mt,Taiwan (national),moeaea_co2_by_sector,"Energy Administration, CO2 from fuel combustion by sector 1990-2025","附表2.1, year 1999, column 工業部門; transcribed in official/moeaea_co2_by_sector_1990_2025.csv",https://ea01.moeaea.gov.tw/a0303/02/publication/co2/,downloaded,Electricity emissions allocated to the sectors that use the power
co2_sector_incl_indirect_industry,CO2 by sector (incl. electricity): Industry,部門別 CO2（含電力間接排放）：工業部門,history,2000,97.283,Mt,Taiwan (national),moeaea_co2_by_sector,"Energy Administration, CO2 from fuel combustion by sector 1990-2025","附表2.1, year 2000, column 工業部門; transcribed in official/moeaea_co2_by_sector_1990_2025.csv",https://ea01.moeaea.gov.tw/a0303/02/publication/co2/,downloaded,Electricity emissions allocated to the sectors that use the power
co2_sector_incl_indirect_industry,CO2 by sector (incl. electricity): Industry,部門別 CO2（含電力間接排放）：工業部門,history,2001,98.215,Mt,Taiwan (national),moeaea_co2_by_sector,"Energy Administration, CO2 from fuel combustion by sector 1990-2025","附表2.1, year 2001, column 工業部門; transcribed in official/moeaea_co2_by_sector_1990_2025.csv",https://ea01.moeaea.gov.tw/a0303/02/publication/co2/,downloaded,Electricity emissions allocated to the sectors that use the power
co2_sector_incl_indirect_industry,CO2 by sector (incl. electricity): Industry,部門別 CO2（含電力間接排放）：工業部門,history,2002,102.966,Mt,Taiwan (national),moeaea_co2_by_sector,"Energy Administration, CO2 from fuel combustion by sector 1990-2025","附表2.1, year 2002, column 工業部門; transcribed in official/moeaea_co2_by_sector_1990_2025.csv",https://ea01.moeaea.gov.tw/a0303/02/publication/co2/,downloaded,Electricity emissions allocated to the sectors that use the power
co2_sector_incl_indirect_industry,CO2 by sector (incl. electricity): Industry,部門別 CO2（含電力間接排放）：工業部門,history,2003,106.769,Mt,Taiwan (national),moeaea_co2_by_sector,"Energy Administration, CO2 from fuel combustion by sector 1990-2025","附表2.1, year 2003, column 工業部門; transcribed in official/moeaea_co2_by_sector_1990_2025.csv",https://ea01.moeaea.gov.tw/a0303/02/publication/co2/,downloaded,Electricity emissions allocated to the sectors that use the power
co2_sector_incl_indirect_industry,CO2 by sector (incl. electricity): Industry,部門別 CO2（含電力間接排放）：工業部門,history,2004,112.782,Mt,Taiwan (national),moeaea_co2_by_sector,"Energy Administration, CO2 from fuel combustion by sector 1990-2025","附表2.1, year 2004, column 工業部門; transcribed in official/moeaea_co2_by_sector_1990_2025.csv",https://ea01.moeaea.gov.tw/a0303/02/publication/co2/,downloaded,Electricity emissions allocated to the sectors that use the power
co2_sector_incl_indirect_industry,CO2 by sector (incl. electricity): Industry,部門別 CO2（含電力間接排放）：工業部門,history,2005,114.369,Mt,Taiwan (national),moeaea_co2_by_sector,"Energy Administration, CO2 from fuel combustion by sector 1990-2025","附表2.1, year 2005, column 工業部門; transcribed in official/moeaea_co2_by_sector_1990_2025.csv",https://ea01.moeaea.gov.tw/a0303/02/publication/co2/,downloaded,Electricity emissions allocated to the sectors that use the power
co2_sector_incl_indirect_industry,CO2 by sector (incl. electricity): Industry,部門別 CO2（含電力間接排放）：工業部門,history,2006,119.78,Mt,Taiwan (national),moeaea_co2_by_sector,"Energy Administration, CO2 from fuel combustion by sector 1990-2025","附表2.1, year 2006, column 工業部門; transcribed in official/moeaea_co2_by_sector_1990_2025.csv",https://ea01.moeaea.gov.tw/a0303/02/publication/co2/,downloaded,Electricity emissions allocated to the sectors that use the power
co2_sector_incl_indirect_industry,CO2 by sector (incl. electricity): Industry,部門別 CO2（含電力間接排放）：工業部門,history,2007,124.555,Mt,Taiwan (national),moeaea_co2_by_sector,"Energy Administration, CO2 from fuel combustion by sector 1990-2025","附表2.1, year 2007, column 工業部門; transcribed in official/moeaea_co2_by_sector_1990_2025.csv",https://ea01.moeaea.gov.tw/a0303/02/publication/co2/,downloaded,Electricity emissions allocated to the sectors that use the power
co2_sector_incl_indirect_industry,CO2 by sector (incl. electricity): Industry,部門別 CO2（含電力間接排放）：工業部門,history,2008,118.534,Mt,Taiwan (national),moeaea_co2_by_sector,"Energy Administration, CO2 from fuel combustion by sector 1990-2025","附表2.1, year 2008, column 工業部門; transcribed in official/moeaea_co2_by_sector_1990_2025.csv",https://ea01.moeaea.gov.tw/a0303/02/publication/co2/,downloaded,Electricity emissions allocated to the sectors that use the power
co2_sector_incl_indirect_industry,CO2 by sector (incl. electricity): Industry,部門別 CO2（含電力間接排放）：工業部門,history,2009,109.86,Mt,Taiwan (national),moeaea_co2_by_sector,"Energy Administration, CO2 from fuel combustion by sector 1990-2025","附表2.1, year 2009, column 工業部門; transcribed in official/moeaea_co2_by_sector_1990_2025.csv",https://ea01.moeaea.gov.tw/a0303/02/publication/co2/,downloaded,Electricity emissions allocated to the sectors that use the power
co2_sector_incl_indirect_industry,CO2 by sector (incl. electricity): Industry,部門別 CO2（含電力間接排放）：工業部門,history,2010,122.639,Mt,Taiwan (national),moeaea_co2_by_sector,"Energy Administration, CO2 from fuel combustion by sector 1990-2025","附表2.1, year 2010, column 工業部門; transcribed in official/moeaea_co2_by_sector_1990_2025.csv",https://ea01.moeaea.gov.tw/a0303/02/publication/co2/,downloaded,Electricity emissions allocated to the sectors that use the power
co2_sector_incl_indirect_industry,CO2 by sector (incl. electricity): Industry,部門別 CO2（含電力間接排放）：工業部門,history,2011,127.001,Mt,Taiwan (national),moeaea_co2_by_sector,"Energy Administration, CO2 from fuel combustion by sector 1990-2025","附表2.1, year 2011, column 工業部門; transcribed in official/moeaea_co2_by_sector_1990_2025.csv",https://ea01.moeaea.gov.tw/a0303/02/publication/co2/,downloaded,Electricity emissions allocated to the sectors that use the power
co2_sector_incl_indirect_industry,CO2 by sector (incl. electricity): Industry,部門別 CO2（含電力間接排放）：工業部門,history,2012,125.706,Mt,Taiwan (national),moeaea_co2_by_sector,"Energy Administration, CO2 from fuel combustion by sector 1990-2025","附表2.1, year 2012, column 工業部門; transcribed in official/moeaea_co2_by_sector_1990_2025.csv",https://ea01.moeaea.gov.tw/a0303/02/publication/co2/,downloaded,Electricity emissions allocated to the sectors that use the power
co2_sector_incl_indirect_industry,CO2 by sector (incl. electricity): Industry,部門別 CO2（含電力間接排放）：工業部門,history,2013,127.63,Mt,Taiwan (national),moeaea_co2_by_sector,"Energy Administration, CO2 from fuel combustion by sector 1990-2025","附表2.1, year 2013, column 工業部門; transcribed in official/moeaea_co2_by_sector_1990_2025.csv",https://ea01.moeaea.gov.tw/a0303/02/publication/co2/,downloaded,Electricity emissions allocated to the sectors that use the power
co2_sector_incl_indirect_industry,CO2 by sector (incl. electricity): Industry,部門別 CO2（含電力間接排放）：工業部門,history,2014,127.37,Mt,Taiwan (national),moeaea_co2_by_sector,"Energy Administration, CO2 from fuel combustion by sector 1990-2025","附表2.1, year 2014, column 工業部門; transcribed in official/moeaea_co2_by_sector_1990_2025.csv",https://ea01.moeaea.gov.tw/a0303/02/publication/co2/,downloaded,Electricity emissions allocated to the sectors that use the power
co2_sector_incl_indirect_industry,CO2 by sector (incl. electricity): Industry,部門別 CO2（含電力間接排放）：工業部門,history,2015,125.756,Mt,Taiwan (national),moeaea_co2_by_sector,"Energy Administration, CO2 from fuel combustion by sector 1990-2025","附表2.1, year 2015, column 工業部門; transcribed in official/moeaea_co2_by_sector_1990_2025.csv",https://ea01.moeaea.gov.tw/a0303/02/publication/co2/,downloaded,Electricity emissions allocated to the sectors that use the power
co2_sector_incl_indirect_industry,CO2 by sector (incl. electricity): Industry,部門別 CO2（含電力間接排放）：工業部門,history,2016,127.008,Mt,Taiwan (national),moeaea_co2_by_sector,"Energy Administration, CO2 from fuel combustion by sector 1990-2025","附表2.1, year 2016, column 工業部門; transcribed in official/moeaea_co2_by_sector_1990_2025.csv",https://ea01.moeaea.gov.tw/a0303/02/publication/co2/,downloaded,Electricity emissions allocated to the sectors that use the power
co2_sector_incl_indirect_industry,CO2 by sector (incl. electricity): Industry,部門別 CO2（含電力間接排放）：工業部門,history,2017,130.626,Mt,Taiwan (national),moeaea_co2_by_sector,"Energy Administration, CO2 from fuel combustion by sector 1990-2025","附表2.1, year 2017, column 工業部門; transcribed in official/moeaea_co2_by_sector_1990_2025.csv",https://ea01.moeaea.gov.tw/a0303/02/publication/co2/,downloaded,Electricity emissions allocated to the sectors that use the power
co2_sector_incl_indirect_industry,CO2 by sector (incl. electricity): Industry,部門別 CO2（含電力間接排放）：工業部門,history,2018,132.549,Mt,Taiwan (national),moeaea_co2_by_sector,"Energy Administration, CO2 from fuel combustion by sector 1990-2025","附表2.1, year 2018, column 工業部門; transcribed in official/moeaea_co2_by_sector_1990_2025.csv",https://ea01.moeaea.gov.tw/a0303/02/publication/co2/,downloaded,Electricity emissions allocated to the sectors that use the power
co2_sector_incl_indirect_industry,CO2 by sector (incl. electricity): Industry,部門別 CO2（含電力間接排放）：工業部門,history,2019,126.77,Mt,Taiwan (national),moeaea_co2_by_sector,"Energy Administration, CO2 from fuel combustion by sector 1990-2025","附表2.1, year 2019, column 工業部門; transcribed in official/moeaea_co2_by_sector_1990_2025.csv",https://ea01.moeaea.gov.tw/a0303/02/publication/co2/,downloaded,Electricity emissions allocated to the sectors that use the power
co2_sector_incl_indirect_industry,CO2 by sector (incl. electricity): Industry,部門別 CO2（含電力間接排放）：工業部門,history,2020,125.632,Mt,Taiwan (national),moeaea_co2_by_sector,"Energy Administration, CO2 from fuel combustion by sector 1990-2025","附表2.1, year 2020, column 工業部門; transcribed in official/moeaea_co2_by_sector_1990_2025.csv",https://ea01.moeaea.gov.tw/a0303/02/publication/co2/,downloaded,Electricity emissions allocated to the sectors that use the power
co2_sector_incl_indirect_industry,CO2 by sector (incl. electricity): Industry,部門別 CO2（含電力間接排放）：工業部門,history,2021,134.836,Mt,Taiwan (national),moeaea_co2_by_sector,"Energy Administration, CO2 from fuel combustion by sector 1990-2025","附表2.1, year 2021, column 工業部門; transcribed in official/moeaea_co2_by_sector_1990_2025.csv",https://ea01.moeaea.gov.tw/a0303/02/publication/co2/,downloaded,Electricity emissions allocated to the sectors that use the power
co2_sector_incl_indirect_industry,CO2 by sector (incl. electricity): Industry,部門別 CO2（含電力間接排放）：工業部門,history,2022,126.625,Mt,Taiwan (national),moeaea_co2_by_sector,"Energy Administration, CO2 from fuel combustion by sector 1990-2025","附表2.1, year 2022, column 工業部門; transcribed in official/moeaea_co2_by_sector_1990_2025.csv",https://ea01.moeaea.gov.tw/a0303/02/publication/co2/,downloaded,Electricity emissions allocated to the sectors that use the power
co2_sector_incl_indirect_industry,CO2 by sector (incl. electricity): Industry,部門別 CO2（含電力間接排放）：工業部門,history,2023,121.208,Mt,Taiwan (national),moeaea_co2_by_sector,"Energy Administration, CO2 from fuel combustion by sector 1990-2025","附表2.1, year 2023, column 工業部門; transcribed in official/moeaea_co2_by_sector_1990_2025.csv",https://ea01.moeaea.gov.tw/a0303/02/publication/co2/,downloaded,Electricity emissions allocated to the sectors that use the power
co2_sector_incl_indirect_industry,CO2 by sector (incl. electricity): Industry,部門別 CO2（含電力間接排放）：工業部門,history,2024,118.252,Mt,Taiwan (national),moeaea_co2_by_sector,"Energy Administration, CO2 from fuel combustion by sector 1990-2025","附表2.1, year 2024, column 工業部門; transcribed in official/moeaea_co2_by_sector_1990_2025.csv",https://ea01.moeaea.gov.tw/a0303/02/publication/co2/,downloaded,Electricity emissions allocated to the sectors that use the power
co2_sector_incl_indirect_industry,CO2 by sector (incl. electricity): Industry,部門別 CO2（含電力間接排放）：工業部門,history,2025,115.142,Mt,Taiwan (national),moeaea_co2_by_sector,"Energy Administration, CO2 from fuel combustion by sector 1990-2025","附表2.1, year 2025, column 工業部門; transcribed in official/moeaea_co2_by_sector_1990_2025.csv",https://ea01.moeaea.gov.tw/a0303/02/publication/co2/,downloaded,Electricity emissions allocated to the sectors that use the power
co2_sector_incl_indirect_residential,CO2 by sector (incl. electricity): Residential,部門別 CO2（含電力間接排放）：住宅部門,history,1990,10.667,Mt,Taiwan (national),moeaea_co2_by_sector,"Energy Administration, CO2 from fuel combustion by sector 1990-2025","附表2.1, year 1990, column 住宅部門; transcribed in official/moeaea_co2_by_sector_1990_2025.csv",https://ea01.moeaea.gov.tw/a0303/02/publication/co2/,downloaded,Electricity emissions allocated to the sectors that use the power
co2_sector_incl_indirect_residential,CO2 by sector (incl. electricity): Residential,部門別 CO2（含電力間接排放）：住宅部門,history,1991,12.163,Mt,Taiwan (national),moeaea_co2_by_sector,"Energy Administration, CO2 from fuel combustion by sector 1990-2025","附表2.1, year 1991, column 住宅部門; transcribed in official/moeaea_co2_by_sector_1990_2025.csv",https://ea01.moeaea.gov.tw/a0303/02/publication/co2/,downloaded,Electricity emissions allocated to the sectors that use the power
co2_sector_incl_indirect_residential,CO2 by sector (incl. electricity): Residential,部門別 CO2（含電力間接排放）：住宅部門,history,1992,12.906,Mt,Taiwan (national),moeaea_co2_by_sector,"Energy Administration, CO2 from fuel combustion by sector 1990-2025","附表2.1, year 1992, column 住宅部門; transcribed in official/moeaea_co2_by_sector_1990_2025.csv",https://ea01.moeaea.gov.tw/a0303/02/publication/co2/,downloaded,Electricity emissions allocated to the sectors that use the power
co2_sector_incl_indirect_residential,CO2 by sector (incl. electricity): Residential,部門別 CO2（含電力間接排放）：住宅部門,history,1993,14.357,Mt,Taiwan (national),moeaea_co2_by_sector,"Energy Administration, CO2 from fuel combustion by sector 1990-2025","附表2.1, year 1993, column 住宅部門; transcribed in official/moeaea_co2_by_sector_1990_2025.csv",https://ea01.moeaea.gov.tw/a0303/02/publication/co2/,downloaded,Electricity emissions allocated to the sectors that use the power
co2_sector_incl_indirect_residential,CO2 by sector (incl. electricity): Residential,部門別 CO2（含電力間接排放）：住宅部門,history,1994,15.028,Mt,Taiwan (national),moeaea_co2_by_sector,"Energy Administration, CO2 from fuel combustion by sector 1990-2025","附表2.1, year 1994, column 住宅部門; transcribed in official/moeaea_co2_by_sector_1990_2025.csv",https://ea01.moeaea.gov.tw/a0303/02/publication/co2/,downloaded,Electricity emissions allocated to the sectors that use the power
co2_sector_incl_indirect_residential,CO2 by sector (incl. electricity): Residential,部門別 CO2（含電力間接排放）：住宅部門,history,1995,16.416,Mt,Taiwan (national),moeaea_co2_by_sector,"Energy Administration, CO2 from fuel combustion by sector 1990-2025","附表2.1, year 1995, column 住宅部門; transcribed in official/moeaea_co2_by_sector_1990_2025.csv",https://ea01.moeaea.gov.tw/a0303/02/publication/co2/,downloaded,Electricity emissions allocated to the sectors that use the power
co2_sector_incl_indirect_residential,CO2 by sector (incl. electricity): Residential,部門別 CO2（含電力間接排放）：住宅部門,history,1996,17.641,Mt,Taiwan (national),moeaea_co2_by_sector,"Energy Administration, CO2 from fuel combustion by sector 1990-2025","附表2.1, year 1996, column 住宅部門; transcribed in official/moeaea_co2_by_sector_1990_2025.csv",https://ea01.moeaea.gov.tw/a0303/02/publication/co2/,downloaded,Electricity emissions allocated to the sectors that use the power
co2_sector_incl_indirect_residential,CO2 by sector (incl. electricity): Residential,部門別 CO2（含電力間接排放）：住宅部門,history,1997,18.548,Mt,Taiwan (national),moeaea_co2_by_sector,"Energy Administration, CO2 from fuel combustion by sector 1990-2025","附表2.1, year 1997, column 住宅部門; transcribed in official/moeaea_co2_by_sector_1990_2025.csv",https://ea01.moeaea.gov.tw/a0303/02/publication/co2/,downloaded,Electricity emissions allocated to the sectors that use the power
co2_sector_incl_indirect_residential,CO2 by sector (incl. electricity): Residential,部門別 CO2（含電力間接排放）：住宅部門,history,1998,21.507,Mt,Taiwan (national),moeaea_co2_by_sector,"Energy Administration, CO2 from fuel combustion by sector 1990-2025","附表2.1, year 1998, column 住宅部門; transcribed in official/moeaea_co2_by_sector_1990_2025.csv",https://ea01.moeaea.gov.tw/a0303/02/publication/co2/,downloaded,Electricity emissions allocated to the sectors that use the power
co2_sector_incl_indirect_residential,CO2 by sector (incl. electricity): Residential,部門別 CO2（含電力間接排放）：住宅部門,history,1999,22.055,Mt,Taiwan (national),moeaea_co2_by_sector,"Energy Administration, CO2 from fuel combustion by sector 1990-2025","附表2.1, year 1999, column 住宅部門; transcribed in official/moeaea_co2_by_sector_1990_2025.csv",https://ea01.moeaea.gov.tw/a0303/02/publication/co2/,downloaded,Electricity emissions allocated to the sectors that use the power
co2_sector_incl_indirect_residential,CO2 by sector (incl. electricity): Residential,部門別 CO2（含電力間接排放）：住宅部門,history,2000,23.936,Mt,Taiwan (national),moeaea_co2_by_sector,"Energy Administration, CO2 from fuel combustion by sector 1990-2025","附表2.1, year 2000, column 住宅部門; transcribed in official/moeaea_co2_by_sector_1990_2025.csv",https://ea01.moeaea.gov.tw/a0303/02/publication/co2/,downloaded,Electricity emissions allocated to the sectors that use the power
co2_sector_incl_indirect_residential,CO2 by sector (incl. electricity): Residential,部門別 CO2（含電力間接排放）：住宅部門,history,2001,24.478,Mt,Taiwan (national),moeaea_co2_by_sector,"Energy Administration, CO2 from fuel combustion by sector 1990-2025","附表2.1, year 2001, column 住宅部門; transcribed in official/moeaea_co2_by_sector_1990_2025.csv",https://ea01.moeaea.gov.tw/a0303/02/publication/co2/,downloaded,Electricity emissions allocated to the sectors that use the power
co2_sector_incl_indirect_residential,CO2 by sector (incl. electricity): Residential,部門別 CO2（含電力間接排放）：住宅部門,history,2002,25.234,Mt,Taiwan (national),moeaea_co2_by_sector,"Energy Administration, CO2 from fuel combustion by sector 1990-2025","附表2.1, year 2002, column 住宅部門; transcribed in official/moeaea_co2_by_sector_1990_2025.csv",https://ea01.moeaea.gov.tw/a0303/02/publication/co2/,downloaded,Electricity emissions allocated to the sectors that use the power
co2_sector_incl_indirect_residential,CO2 by sector (incl. electricity): Residential,部門別 CO2（含電力間接排放）：住宅部門,history,2003,26.891,Mt,Taiwan (national),moeaea_co2_by_sector,"Energy Administration, CO2 from fuel combustion by sector 1990-2025","附表2.1, year 2003, column 住宅部門; transcribed in official/moeaea_co2_by_sector_1990_2025.csv",https://ea01.moeaea.gov.tw/a0303/02/publication/co2/,downloaded,Electricity emissions allocated to the sectors that use the power
co2_sector_incl_indirect_residential,CO2 by sector (incl. electricity): Residential,部門別 CO2（含電力間接排放）：住宅部門,history,2004,26.859,Mt,Taiwan (national),moeaea_co2_by_sector,"Energy Administration, CO2 from fuel combustion by sector 1990-2025","附表2.1, year 2004, column 住宅部門; transcribed in official/moeaea_co2_by_sector_1990_2025.csv",https://ea01.moeaea.gov.tw/a0303/02/publication/co2/,downloaded,Electricity emissions allocated to the sectors that use the power
co2_sector_incl_indirect_residential,CO2 by sector (incl. electricity): Residential,部門別 CO2（含電力間接排放）：住宅部門,history,2005,28.618,Mt,Taiwan (national),moeaea_co2_by_sector,"Energy Administration, CO2 from fuel combustion by sector 1990-2025","附表2.1, year 2005, column 住宅部門; transcribed in official/moeaea_co2_by_sector_1990_2025.csv",https://ea01.moeaea.gov.tw/a0303/02/publication/co2/,downloaded,Electricity emissions allocated to the sectors that use the power
co2_sector_incl_indirect_residential,CO2 by sector (incl. electricity): Residential,部門別 CO2（含電力間接排放）：住宅部門,history,2006,28.781,Mt,Taiwan (national),moeaea_co2_by_sector,"Energy Administration, CO2 from fuel combustion by sector 1990-2025","附表2.1, year 2006, column 住宅部門; transcribed in official/moeaea_co2_by_sector_1990_2025.csv",https://ea01.moeaea.gov.tw/a0303/02/publication/co2/,downloaded,Electricity emissions allocated to the sectors that use the power
co2_sector_incl_indirect_residential,CO2 by sector (incl. electricity): Residential,部門別 CO2（含電力間接排放）：住宅部門,history,2007,28.994,Mt,Taiwan (national),moeaea_co2_by_sector,"Energy Administration, CO2 from fuel combustion by sector 1990-2025","附表2.1, year 2007, column 住宅部門; transcribed in official/moeaea_co2_by_sector_1990_2025.csv",https://ea01.moeaea.gov.tw/a0303/02/publication/co2/,downloaded,Electricity emissions allocated to the sectors that use the power
co2_sector_incl_indirect_residential,CO2 by sector (incl. electricity): Residential,部門別 CO2（含電力間接排放）：住宅部門,history,2008,28.619,Mt,Taiwan (national),moeaea_co2_by_sector,"Energy Administration, CO2 from fuel combustion by sector 1990-2025","附表2.1, year 2008, column 住宅部門; transcribed in official/moeaea_co2_by_sector_1990_2025.csv",https://ea01.moeaea.gov.tw/a0303/02/publication/co2/,downloaded,Electricity emissions allocated to the sectors that use the power
co2_sector_incl_indirect_residential,CO2 by sector (incl. electricity): Residential,部門別 CO2（含電力間接排放）：住宅部門,history,2009,28.295,Mt,Taiwan (national),moeaea_co2_by_sector,"Energy Administration, CO2 from fuel combustion by sector 1990-2025","附表2.1, year 2009, column 住宅部門; transcribed in official/moeaea_co2_by_sector_1990_2025.csv",https://ea01.moeaea.gov.tw/a0303/02/publication/co2/,downloaded,Electricity emissions allocated to the sectors that use the power
co2_sector_incl_indirect_residential,CO2 by sector (incl. electricity): Residential,部門別 CO2（含電力間接排放）：住宅部門,history,2010,27.943,Mt,Taiwan (national),moeaea_co2_by_sector,"Energy Administration, CO2 from fuel combustion by sector 1990-2025","附表2.1, year 2010, column 住宅部門; transcribed in official/moeaea_co2_by_sector_1990_2025.csv",https://ea01.moeaea.gov.tw/a0303/02/publication/co2/,downloaded,Electricity emissions allocated to the sectors that use the power
co2_sector_incl_indirect_residential,CO2 by sector (incl. electricity): Residential,部門別 CO2（含電力間接排放）：住宅部門,history,2011,28.42,Mt,Taiwan (national),moeaea_co2_by_sector,"Energy Administration, CO2 from fuel combustion by sector 1990-2025","附表2.1, year 2011, column 住宅部門; transcribed in official/moeaea_co2_by_sector_1990_2025.csv",https://ea01.moeaea.gov.tw/a0303/02/publication/co2/,downloaded,Electricity emissions allocated to the sectors that use the power
co2_sector_incl_indirect_residential,CO2 by sector (incl. electricity): Residential,部門別 CO2（含電力間接排放）：住宅部門,history,2012,27.471,Mt,Taiwan (national),moeaea_co2_by_sector,"Energy Administration, CO2 from fuel combustion by sector 1990-2025","附表2.1, year 2012, column 住宅部門; transcribed in official/moeaea_co2_by_sector_1990_2025.csv",https://ea01.moeaea.gov.tw/a0303/02/publication/co2/,downloaded,Electricity emissions allocated to the sectors that use the power
co2_sector_incl_indirect_residential,CO2 by sector (incl. electricity): Residential,部門別 CO2（含電力間接排放）：住宅部門,history,2013,27.005,Mt,Taiwan (national),moeaea_co2_by_sector,"Energy Administration, CO2 from fuel combustion by sector 1990-2025","附表2.1, year 2013, column 住宅部門; transcribed in official/moeaea_co2_by_sector_1990_2025.csv",https://ea01.moeaea.gov.tw/a0303/02/publication/co2/,downloaded,Electricity emissions allocated to the sectors that use the power
co2_sector_incl_indirect_residential,CO2 by sector (incl. electricity): Residential,部門別 CO2（含電力間接排放）：住宅部門,history,2014,27.734,Mt,Taiwan (national),moeaea_co2_by_sector,"Energy Administration, CO2 from fuel combustion by sector 1990-2025","附表2.1, year 2014, column 住宅部門; transcribed in official/moeaea_co2_by_sector_1990_2025.csv",https://ea01.moeaea.gov.tw/a0303/02/publication/co2/,downloaded,Electricity emissions allocated to the sectors that use the power
co2_sector_incl_indirect_residential,CO2 by sector (incl. electricity): Residential,部門別 CO2（含電力間接排放）：住宅部門,history,2015,27.936,Mt,Taiwan (national),moeaea_co2_by_sector,"Energy Administration, CO2 from fuel combustion by sector 1990-2025","附表2.1, year 2015, column 住宅部門; transcribed in official/moeaea_co2_by_sector_1990_2025.csv",https://ea01.moeaea.gov.tw/a0303/02/publication/co2/,downloaded,Electricity emissions allocated to the sectors that use the power
co2_sector_incl_indirect_residential,CO2 by sector (incl. electricity): Residential,部門別 CO2（含電力間接排放）：住宅部門,history,2016,29.518,Mt,Taiwan (national),moeaea_co2_by_sector,"Energy Administration, CO2 from fuel combustion by sector 1990-2025","附表2.1, year 2016, column 住宅部門; transcribed in official/moeaea_co2_by_sector_1990_2025.csv",https://ea01.moeaea.gov.tw/a0303/02/publication/co2/,downloaded,Electricity emissions allocated to the sectors that use the power
co2_sector_incl_indirect_residential,CO2 by sector (incl. electricity): Residential,部門別 CO2（含電力間接排放）：住宅部門,history,2017,30.657,Mt,Taiwan (national),moeaea_co2_by_sector,"Energy Administration, CO2 from fuel combustion by sector 1990-2025","附表2.1, year 2017, column 住宅部門; transcribed in official/moeaea_co2_by_sector_1990_2025.csv",https://ea01.moeaea.gov.tw/a0303/02/publication/co2/,downloaded,Electricity emissions allocated to the sectors that use the power
co2_sector_incl_indirect_residential,CO2 by sector (incl. electricity): Residential,部門別 CO2（含電力間接排放）：住宅部門,history,2018,28.994,Mt,Taiwan (national),moeaea_co2_by_sector,"Energy Administration, CO2 from fuel combustion by sector 1990-2025","附表2.1, year 2018, column 住宅部門; transcribed in official/moeaea_co2_by_sector_1990_2025.csv",https://ea01.moeaea.gov.tw/a0303/02/publication/co2/,downloaded,Electricity emissions allocated to the sectors that use the power
co2_sector_incl_indirect_residential,CO2 by sector (incl. electricity): Residential,部門別 CO2（含電力間接排放）：住宅部門,history,2019,28.004,Mt,Taiwan (national),moeaea_co2_by_sector,"Energy Administration, CO2 from fuel combustion by sector 1990-2025","附表2.1, year 2019, column 住宅部門; transcribed in official/moeaea_co2_by_sector_1990_2025.csv",https://ea01.moeaea.gov.tw/a0303/02/publication/co2/,downloaded,Electricity emissions allocated to the sectors that use the power
co2_sector_incl_indirect_residential,CO2 by sector (incl. electricity): Residential,部門別 CO2（含電力間接排放）：住宅部門,history,2020,29.307,Mt,Taiwan (national),moeaea_co2_by_sector,"Energy Administration, CO2 from fuel combustion by sector 1990-2025","附表2.1, year 2020, column 住宅部門; transcribed in official/moeaea_co2_by_sector_1990_2025.csv",https://ea01.moeaea.gov.tw/a0303/02/publication/co2/,downloaded,Electricity emissions allocated to the sectors that use the power
co2_sector_incl_indirect_residential,CO2 by sector (incl. electricity): Residential,部門別 CO2（含電力間接排放）：住宅部門,history,2021,30.755,Mt,Taiwan (national),moeaea_co2_by_sector,"Energy Administration, CO2 from fuel combustion by sector 1990-2025","附表2.1, year 2021, column 住宅部門; transcribed in official/moeaea_co2_by_sector_1990_2025.csv",https://ea01.moeaea.gov.tw/a0303/02/publication/co2/,downloaded,Electricity emissions allocated to the sectors that use the power
co2_sector_incl_indirect_residential,CO2 by sector (incl. electricity): Residential,部門別 CO2（含電力間接排放）：住宅部門,history,2022,29.18,Mt,Taiwan (national),moeaea_co2_by_sector,"Energy Administration, CO2 from fuel combustion by sector 1990-2025","附表2.1, year 2022, column 住宅部門; transcribed in official/moeaea_co2_by_sector_1990_2025.csv",https://ea01.moeaea.gov.tw/a0303/02/publication/co2/,downloaded,Electricity emissions allocated to the sectors that use the power
co2_sector_incl_indirect_residential,CO2 by sector (incl. electricity): Residential,部門別 CO2（含電力間接排放）：住宅部門,history,2023,29.223,Mt,Taiwan (national),moeaea_co2_by_sector,"Energy Administration, CO2 from fuel combustion by sector 1990-2025","附表2.1, year 2023, column 住宅部門; transcribed in official/moeaea_co2_by_sector_1990_2025.csv",https://ea01.moeaea.gov.tw/a0303/02/publication/co2/,downloaded,Electricity emissions allocated to the sectors that use the power
co2_sector_incl_indirect_residential,CO2 by sector (incl. electricity): Residential,部門別 CO2（含電力間接排放）：住宅部門,history,2024,28.641,Mt,Taiwan (national),moeaea_co2_by_sector,"Energy Administration, CO2 from fuel combustion by sector 1990-2025","附表2.1, year 2024, column 住宅部門; transcribed in official/moeaea_co2_by_sector_1990_2025.csv",https://ea01.moeaea.gov.tw/a0303/02/publication/co2/,downloaded,Electricity emissions allocated to the sectors that use the power
co2_sector_incl_indirect_residential,CO2 by sector (incl. electricity): Residential,部門別 CO2（含電力間接排放）：住宅部門,history,2025,28.188,Mt,Taiwan (national),moeaea_co2_by_sector,"Energy Administration, CO2 from fuel combustion by sector 1990-2025","附表2.1, year 2025, column 住宅部門; transcribed in official/moeaea_co2_by_sector_1990_2025.csv",https://ea01.moeaea.gov.tw/a0303/02/publication/co2/,downloaded,Electricity emissions allocated to the sectors that use the power
co2_sector_incl_indirect_services,CO2 by sector (incl. electricity): Services,部門別 CO2（含電力間接排放）：服務業部門,history,1990,9.414,Mt,Taiwan (national),moeaea_co2_by_sector,"Energy Administration, CO2 from fuel combustion by sector 1990-2025","附表2.1, year 1990, column 服務業部門; transcribed in official/moeaea_co2_by_sector_1990_2025.csv",https://ea01.moeaea.gov.tw/a0303/02/publication/co2/,downloaded,Electricity emissions allocated to the sectors that use the power
co2_sector_incl_indirect_services,CO2 by sector (incl. electricity): Services,部門別 CO2（含電力間接排放）：服務業部門,history,1991,10.733,Mt,Taiwan (national),moeaea_co2_by_sector,"Energy Administration, CO2 from fuel combustion by sector 1990-2025","附表2.1, year 1991, column 服務業部門; transcribed in official/moeaea_co2_by_sector_1990_2025.csv",https://ea01.moeaea.gov.tw/a0303/02/publication/co2/,downloaded,Electricity emissions allocated to the sectors that use the power
co2_sector_incl_indirect_services,CO2 by sector (incl. electricity): Services,部門別 CO2（含電力間接排放）：服務業部門,history,1992,10.966,Mt,Taiwan (national),moeaea_co2_by_sector,"Energy Administration, CO2 from fuel combustion by sector 1990-2025","附表2.1, year 1992, column 服務業部門; transcribed in official/moeaea_co2_by_sector_1990_2025.csv",https://ea01.moeaea.gov.tw/a0303/02/publication/co2/,downloaded,Electricity emissions allocated to the sectors that use the power
co2_sector_incl_indirect_services,CO2 by sector (incl. electricity): Services,部門別 CO2（含電力間接排放）：服務業部門,history,1993,12.062,Mt,Taiwan (national),moeaea_co2_by_sector,"Energy Administration, CO2 from fuel combustion by sector 1990-2025","附表2.1, year 1993, column 服務業部門; transcribed in official/moeaea_co2_by_sector_1990_2025.csv",https://ea01.moeaea.gov.tw/a0303/02/publication/co2/,downloaded,Electricity emissions allocated to the sectors that use the power
co2_sector_incl_indirect_services,CO2 by sector (incl. electricity): Services,部門別 CO2（含電力間接排放）：服務業部門,history,1994,13.509,Mt,Taiwan (national),moeaea_co2_by_sector,"Energy Administration, CO2 from fuel combustion by sector 1990-2025","附表2.1, year 1994, column 服務業部門; transcribed in official/moeaea_co2_by_sector_1990_2025.csv",https://ea01.moeaea.gov.tw/a0303/02/publication/co2/,downloaded,Electricity emissions allocated to the sectors that use the power
co2_sector_incl_indirect_services,CO2 by sector (incl. electricity): Services,部門別 CO2（含電力間接排放）：服務業部門,history,1995,14.128,Mt,Taiwan (national),moeaea_co2_by_sector,"Energy Administration, CO2 from fuel combustion by sector 1990-2025","附表2.1, year 1995, column 服務業部門; transcribed in official/moeaea_co2_by_sector_1990_2025.csv",https://ea01.moeaea.gov.tw/a0303/02/publication/co2/,downloaded,Electricity emissions allocated to the sectors that use the power
co2_sector_incl_indirect_services,CO2 by sector (incl. electricity): Services,部門別 CO2（含電力間接排放）：服務業部門,history,1996,15.749,Mt,Taiwan (national),moeaea_co2_by_sector,"Energy Administration, CO2 from fuel combustion by sector 1990-2025","附表2.1, year 1996, column 服務業部門; transcribed in official/moeaea_co2_by_sector_1990_2025.csv",https://ea01.moeaea.gov.tw/a0303/02/publication/co2/,downloaded,Electricity emissions allocated to the sectors that use the power
co2_sector_incl_indirect_services,CO2 by sector (incl. electricity): Services,部門別 CO2（含電力間接排放）：服務業部門,history,1997,16.824,Mt,Taiwan (national),moeaea_co2_by_sector,"Energy Administration, CO2 from fuel combustion by sector 1990-2025","附表2.1, year 1997, column 服務業部門; transcribed in official/moeaea_co2_by_sector_1990_2025.csv",https://ea01.moeaea.gov.tw/a0303/02/publication/co2/,downloaded,Electricity emissions allocated to the sectors that use the power
co2_sector_incl_indirect_services,CO2 by sector (incl. electricity): Services,部門別 CO2（含電力間接排放）：服務業部門,history,1998,18.624,Mt,Taiwan (national),moeaea_co2_by_sector,"Energy Administration, CO2 from fuel combustion by sector 1990-2025","附表2.1, year 1998, column 服務業部門; transcribed in official/moeaea_co2_by_sector_1990_2025.csv",https://ea01.moeaea.gov.tw/a0303/02/publication/co2/,downloaded,Electricity emissions allocated to the sectors that use the power
co2_sector_incl_indirect_services,CO2 by sector (incl. electricity): Services,部門別 CO2（含電力間接排放）：服務業部門,history,1999,19.604,Mt,Taiwan (national),moeaea_co2_by_sector,"Energy Administration, CO2 from fuel combustion by sector 1990-2025","附表2.1, year 1999, column 服務業部門; transcribed in official/moeaea_co2_by_sector_1990_2025.csv",https://ea01.moeaea.gov.tw/a0303/02/publication/co2/,downloaded,Electricity emissions allocated to the sectors that use the power
co2_sector_incl_indirect_services,CO2 by sector (incl. electricity): Services,部門別 CO2（含電力間接排放）：服務業部門,history,2000,21.935,Mt,Taiwan (national),moeaea_co2_by_sector,"Energy Administration, CO2 from fuel combustion by sector 1990-2025","附表2.1, year 2000, column 服務業部門; transcribed in official/moeaea_co2_by_sector_1990_2025.csv",https://ea01.moeaea.gov.tw/a0303/02/publication/co2/,downloaded,Electricity emissions allocated to the sectors that use the power
co2_sector_incl_indirect_services,CO2 by sector (incl. electricity): Services,部門別 CO2（含電力間接排放）：服務業部門,history,2001,23.031,Mt,Taiwan (national),moeaea_co2_by_sector,"Energy Administration, CO2 from fuel combustion by sector 1990-2025","附表2.1, year 2001, column 服務業部門; transcribed in official/moeaea_co2_by_sector_1990_2025.csv",https://ea01.moeaea.gov.tw/a0303/02/publication/co2/,downloaded,Electricity emissions allocated to the sectors that use the power
co2_sector_incl_indirect_services,CO2 by sector (incl. electricity): Services,部門別 CO2（含電力間接排放）：服務業部門,history,2002,24.112,Mt,Taiwan (national),moeaea_co2_by_sector,"Energy Administration, CO2 from fuel combustion by sector 1990-2025","附表2.1, year 2002, column 服務業部門; transcribed in official/moeaea_co2_by_sector_1990_2025.csv",https://ea01.moeaea.gov.tw/a0303/02/publication/co2/,downloaded,Electricity emissions allocated to the sectors that use the power
co2_sector_incl_indirect_services,CO2 by sector (incl. electricity): Services,部門別 CO2（含電力間接排放）：服務業部門,history,2003,26.275,Mt,Taiwan (national),moeaea_co2_by_sector,"Energy Administration, CO2 from fuel combustion by sector 1990-2025","附表2.1, year 2003, column 服務業部門; transcribed in official/moeaea_co2_by_sector_1990_2025.csv",https://ea01.moeaea.gov.tw/a0303/02/publication/co2/,downloaded,Electricity emissions allocated to the sectors that use the power
co2_sector_incl_indirect_services,CO2 by sector (incl. electricity): Services,部門別 CO2（含電力間接排放）：服務業部門,history,2004,27.055,Mt,Taiwan (national),moeaea_co2_by_sector,"Energy Administration, CO2 from fuel combustion by sector 1990-2025","附表2.1, year 2004, column 服務業部門; transcribed in official/moeaea_co2_by_sector_1990_2025.csv",https://ea01.moeaea.gov.tw/a0303/02/publication/co2/,downloaded,Electricity emissions allocated to the sectors that use the power
co2_sector_incl_indirect_services,CO2 by sector (incl. electricity): Services,部門別 CO2（含電力間接排放）：服務業部門,history,2005,28.577,Mt,Taiwan (national),moeaea_co2_by_sector,"Energy Administration, CO2 from fuel combustion by sector 1990-2025","附表2.1, year 2005, column 服務業部門; transcribed in official/moeaea_co2_by_sector_1990_2025.csv",https://ea01.moeaea.gov.tw/a0303/02/publication/co2/,downloaded,Electricity emissions allocated to the sectors that use the power
co2_sector_incl_indirect_services,CO2 by sector (incl. electricity): Services,部門別 CO2（含電力間接排放）：服務業部門,history,2006,29.75,Mt,Taiwan (national),moeaea_co2_by_sector,"Energy Administration, CO2 from fuel combustion by sector 1990-2025","附表2.1, year 2006, column 服務業部門; transcribed in official/moeaea_co2_by_sector_1990_2025.csv",https://ea01.moeaea.gov.tw/a0303/02/publication/co2/,downloaded,Electricity emissions allocated to the sectors that use the power
co2_sector_incl_indirect_services,CO2 by sector (incl. electricity): Services,部門別 CO2（含電力間接排放）：服務業部門,history,2007,29.6,Mt,Taiwan (national),moeaea_co2_by_sector,"Energy Administration, CO2 from fuel combustion by sector 1990-2025","附表2.1, year 2007, column 服務業部門; transcribed in official/moeaea_co2_by_sector_1990_2025.csv",https://ea01.moeaea.gov.tw/a0303/02/publication/co2/,downloaded,Electricity emissions allocated to the sectors that use the power
co2_sector_incl_indirect_services,CO2 by sector (incl. electricity): Services,部門別 CO2（含電力間接排放）：服務業部門,history,2008,29.429,Mt,Taiwan (national),moeaea_co2_by_sector,"Energy Administration, CO2 from fuel combustion by sector 1990-2025","附表2.1, year 2008, column 服務業部門; transcribed in official/moeaea_co2_by_sector_1990_2025.csv",https://ea01.moeaea.gov.tw/a0303/02/publication/co2/,downloaded,Electricity emissions allocated to the sectors that use the power
co2_sector_incl_indirect_services,CO2 by sector (incl. electricity): Services,部門別 CO2（含電力間接排放）：服務業部門,history,2009,28.115,Mt,Taiwan (national),moeaea_co2_by_sector,"Energy Administration, CO2 from fuel combustion by sector 1990-2025","附表2.1, year 2009, column 服務業部門; transcribed in official/moeaea_co2_by_sector_1990_2025.csv",https://ea01.moeaea.gov.tw/a0303/02/publication/co2/,downloaded,Electricity emissions allocated to the sectors that use the power
co2_sector_incl_indirect_services,CO2 by sector (incl. electricity): Services,部門別 CO2（含電力間接排放）：服務業部門,history,2010,28.601,Mt,Taiwan (national),moeaea_co2_by_sector,"Energy Administration, CO2 from fuel combustion by sector 1990-2025","附表2.1, year 2010, column 服務業部門; transcribed in official/moeaea_co2_by_sector_1990_2025.csv",https://ea01.moeaea.gov.tw/a0303/02/publication/co2/,downloaded,Electricity emissions allocated to the sectors that use the power
co2_sector_incl_indirect_services,CO2 by sector (incl. electricity): Services,部門別 CO2（含電力間接排放）：服務業部門,history,2011,28.251,Mt,Taiwan (national),moeaea_co2_by_sector,"Energy Administration, CO2 from fuel combustion by sector 1990-2025","附表2.1, year 2011, column 服務業部門; transcribed in official/moeaea_co2_by_sector_1990_2025.csv",https://ea01.moeaea.gov.tw/a0303/02/publication/co2/,downloaded,Electricity emissions allocated to the sectors that use the power
co2_sector_incl_indirect_services,CO2 by sector (incl. electricity): Services,部門別 CO2（含電力間接排放）：服務業部門,history,2012,27.754,Mt,Taiwan (national),moeaea_co2_by_sector,"Energy Administration, CO2 from fuel combustion by sector 1990-2025","附表2.1, year 2012, column 服務業部門; transcribed in official/moeaea_co2_by_sector_1990_2025.csv",https://ea01.moeaea.gov.tw/a0303/02/publication/co2/,downloaded,Electricity emissions allocated to the sectors that use the power
co2_sector_incl_indirect_services,CO2 by sector (incl. electricity): Services,部門別 CO2（含電力間接排放）：服務業部門,history,2013,27.513,Mt,Taiwan (national),moeaea_co2_by_sector,"Energy Administration, CO2 from fuel combustion by sector 1990-2025","附表2.1, year 2013, column 服務業部門; transcribed in official/moeaea_co2_by_sector_1990_2025.csv",https://ea01.moeaea.gov.tw/a0303/02/publication/co2/,downloaded,Electricity emissions allocated to the sectors that use the power
co2_sector_incl_indirect_services,CO2 by sector (incl. electricity): Services,部門別 CO2（含電力間接排放）：服務業部門,history,2014,27.91,Mt,Taiwan (national),moeaea_co2_by_sector,"Energy Administration, CO2 from fuel combustion by sector 1990-2025","附表2.1, year 2014, column 服務業部門; transcribed in official/moeaea_co2_by_sector_1990_2025.csv",https://ea01.moeaea.gov.tw/a0303/02/publication/co2/,downloaded,Electricity emissions allocated to the sectors that use the power
co2_sector_incl_indirect_services,CO2 by sector (incl. electricity): Services,部門別 CO2（含電力間接排放）：服務業部門,history,2015,28.581,Mt,Taiwan (national),moeaea_co2_by_sector,"Energy Administration, CO2 from fuel combustion by sector 1990-2025","附表2.1, year 2015, column 服務業部門; transcribed in official/moeaea_co2_by_sector_1990_2025.csv",https://ea01.moeaea.gov.tw/a0303/02/publication/co2/,downloaded,Electricity emissions allocated to the sectors that use the power
co2_sector_incl_indirect_services,CO2 by sector (incl. electricity): Services,部門別 CO2（含電力間接排放）：服務業部門,history,2016,29.022,Mt,Taiwan (national),moeaea_co2_by_sector,"Energy Administration, CO2 from fuel combustion by sector 1990-2025","附表2.1, year 2016, column 服務業部門; transcribed in official/moeaea_co2_by_sector_1990_2025.csv",https://ea01.moeaea.gov.tw/a0303/02/publication/co2/,downloaded,Electricity emissions allocated to the sectors that use the power
co2_sector_incl_indirect_services,CO2 by sector (incl. electricity): Services,部門別 CO2（含電力間接排放）：服務業部門,history,2017,30.41,Mt,Taiwan (national),moeaea_co2_by_sector,"Energy Administration, CO2 from fuel combustion by sector 1990-2025","附表2.1, year 2017, column 服務業部門; transcribed in official/moeaea_co2_by_sector_1990_2025.csv",https://ea01.moeaea.gov.tw/a0303/02/publication/co2/,downloaded,Electricity emissions allocated to the sectors that use the power
co2_sector_incl_indirect_services,CO2 by sector (incl. electricity): Services,部門別 CO2（含電力間接排放）：服務業部門,history,2018,28.544,Mt,Taiwan (national),moeaea_co2_by_sector,"Energy Administration, CO2 from fuel combustion by sector 1990-2025","附表2.1, year 2018, column 服務業部門; transcribed in official/moeaea_co2_by_sector_1990_2025.csv",https://ea01.moeaea.gov.tw/a0303/02/publication/co2/,downloaded,Electricity emissions allocated to the sectors that use the power
co2_sector_incl_indirect_services,CO2 by sector (incl. electricity): Services,部門別 CO2（含電力間接排放）：服務業部門,history,2019,27.212,Mt,Taiwan (national),moeaea_co2_by_sector,"Energy Administration, CO2 from fuel combustion by sector 1990-2025","附表2.1, year 2019, column 服務業部門; transcribed in official/moeaea_co2_by_sector_1990_2025.csv",https://ea01.moeaea.gov.tw/a0303/02/publication/co2/,downloaded,Electricity emissions allocated to the sectors that use the power
co2_sector_incl_indirect_services,CO2 by sector (incl. electricity): Services,部門別 CO2（含電力間接排放）：服務業部門,history,2020,26.783,Mt,Taiwan (national),moeaea_co2_by_sector,"Energy Administration, CO2 from fuel combustion by sector 1990-2025","附表2.1, year 2020, column 服務業部門; transcribed in official/moeaea_co2_by_sector_1990_2025.csv",https://ea01.moeaea.gov.tw/a0303/02/publication/co2/,downloaded,Electricity emissions allocated to the sectors that use the power
co2_sector_incl_indirect_services,CO2 by sector (incl. electricity): Services,部門別 CO2（含電力間接排放）：服務業部門,history,2021,26.61,Mt,Taiwan (national),moeaea_co2_by_sector,"Energy Administration, CO2 from fuel combustion by sector 1990-2025","附表2.1, year 2021, column 服務業部門; transcribed in official/moeaea_co2_by_sector_1990_2025.csv",https://ea01.moeaea.gov.tw/a0303/02/publication/co2/,downloaded,Electricity emissions allocated to the sectors that use the power
co2_sector_incl_indirect_services,CO2 by sector (incl. electricity): Services,部門別 CO2（含電力間接排放）：服務業部門,history,2022,27.205,Mt,Taiwan (national),moeaea_co2_by_sector,"Energy Administration, CO2 from fuel combustion by sector 1990-2025","附表2.1, year 2022, column 服務業部門; transcribed in official/moeaea_co2_by_sector_1990_2025.csv",https://ea01.moeaea.gov.tw/a0303/02/publication/co2/,downloaded,Electricity emissions allocated to the sectors that use the power
co2_sector_incl_indirect_services,CO2 by sector (incl. electricity): Services,部門別 CO2（含電力間接排放）：服務業部門,history,2023,27.603,Mt,Taiwan (national),moeaea_co2_by_sector,"Energy Administration, CO2 from fuel combustion by sector 1990-2025","附表2.1, year 2023, column 服務業部門; transcribed in official/moeaea_co2_by_sector_1990_2025.csv",https://ea01.moeaea.gov.tw/a0303/02/publication/co2/,downloaded,Electricity emissions allocated to the sectors that use the power
co2_sector_incl_indirect_services,CO2 by sector (incl. electricity): Services,部門別 CO2（含電力間接排放）：服務業部門,history,2024,27.234,Mt,Taiwan (national),moeaea_co2_by_sector,"Energy Administration, CO2 from fuel combustion by sector 1990-2025","附表2.1, year 2024, column 服務業部門; transcribed in official/moeaea_co2_by_sector_1990_2025.csv",https://ea01.moeaea.gov.tw/a0303/02/publication/co2/,downloaded,Electricity emissions allocated to the sectors that use the power
co2_sector_incl_indirect_services,CO2 by sector (incl. electricity): Services,部門別 CO2（含電力間接排放）：服務業部門,history,2025,27.085,Mt,Taiwan (national),moeaea_co2_by_sector,"Energy Administration, CO2 from fuel combustion by sector 1990-2025","附表2.1, year 2025, column 服務業部門; transcribed in official/moeaea_co2_by_sector_1990_2025.csv",https://ea01.moeaea.gov.tw/a0303/02/publication/co2/,downloaded,Electricity emissions allocated to the sectors that use the power
co2_sector_incl_indirect_total,CO2 by sector (incl. electricity): Total,部門別 CO2（含電力間接排放）：合計,history,1990,109.465,Mt,Taiwan (national),moeaea_co2_by_sector,"Energy Administration, CO2 from fuel combustion by sector 1990-2025","附表2.1, year 1990, column 合計; transcribed in official/moeaea_co2_by_sector_1990_2025.csv",https://ea01.moeaea.gov.tw/a0303/02/publication/co2/,downloaded,Electricity emissions allocated to the sectors that use the power
co2_sector_incl_indirect_total,CO2 by sector (incl. electricity): Total,部門別 CO2（含電力間接排放）：合計,history,1991,118.443,Mt,Taiwan (national),moeaea_co2_by_sector,"Energy Administration, CO2 from fuel combustion by sector 1990-2025","附表2.1, year 1991, column 合計; transcribed in official/moeaea_co2_by_sector_1990_2025.csv",https://ea01.moeaea.gov.tw/a0303/02/publication/co2/,downloaded,Electricity emissions allocated to the sectors that use the power
co2_sector_incl_indirect_total,CO2 by sector (incl. electricity): Total,部門別 CO2（含電力間接排放）：合計,history,1992,126.058,Mt,Taiwan (national),moeaea_co2_by_sector,"Energy Administration, CO2 from fuel combustion by sector 1990-2025","附表2.1, year 1992, column 合計; transcribed in official/moeaea_co2_by_sector_1990_2025.csv",https://ea01.moeaea.gov.tw/a0303/02/publication/co2/,downloaded,Electricity emissions allocated to the sectors that use the power
co2_sector_incl_indirect_total,CO2 by sector (incl. electricity): Total,部門別 CO2（含電力間接排放）：合計,history,1993,135.206,Mt,Taiwan (national),moeaea_co2_by_sector,"Energy Administration, CO2 from fuel combustion by sector 1990-2025","附表2.1, year 1993, column 合計; transcribed in official/moeaea_co2_by_sector_1990_2025.csv",https://ea01.moeaea.gov.tw/a0303/02/publication/co2/,downloaded,Electricity emissions allocated to the sectors that use the power
co2_sector_incl_indirect_total,CO2 by sector (incl. electricity): Total,部門別 CO2（含電力間接排放）：合計,history,1994,143.103,Mt,Taiwan (national),moeaea_co2_by_sector,"Energy Administration, CO2 from fuel combustion by sector 1990-2025","附表2.1, year 1994, column 合計; transcribed in official/moeaea_co2_by_sector_1990_2025.csv",https://ea01.moeaea.gov.tw/a0303/02/publication/co2/,downloaded,Electricity emissions allocated to the sectors that use the power
co2_sector_incl_indirect_total,CO2 by sector (incl. electricity): Total,部門別 CO2（含電力間接排放）：合計,history,1995,150.81,Mt,Taiwan (national),moeaea_co2_by_sector,"Energy Administration, CO2 from fuel combustion by sector 1990-2025","附表2.1, year 1995, column 合計; transcribed in official/moeaea_co2_by_sector_1990_2025.csv",https://ea01.moeaea.gov.tw/a0303/02/publication/co2/,downloaded,Electricity emissions allocated to the sectors that use the power
co2_sector_incl_indirect_total,CO2 by sector (incl. electricity): Total,部門別 CO2（含電力間接排放）：合計,history,1996,158.579,Mt,Taiwan (national),moeaea_co2_by_sector,"Energy Administration, CO2 from fuel combustion by sector 1990-2025","附表2.1, year 1996, column 合計; transcribed in official/moeaea_co2_by_sector_1990_2025.csv",https://ea01.moeaea.gov.tw/a0303/02/publication/co2/,downloaded,Electricity emissions allocated to the sectors that use the power
co2_sector_incl_indirect_total,CO2 by sector (incl. electricity): Total,部門別 CO2（含電力間接排放）：合計,history,1997,170.835,Mt,Taiwan (national),moeaea_co2_by_sector,"Energy Administration, CO2 from fuel combustion by sector 1990-2025","附表2.1, year 1997, column 合計; transcribed in official/moeaea_co2_by_sector_1990_2025.csv",https://ea01.moeaea.gov.tw/a0303/02/publication/co2/,downloaded,Electricity emissions allocated to the sectors that use the power
co2_sector_incl_indirect_total,CO2 by sector (incl. electricity): Total,部門別 CO2（含電力間接排放）：合計,history,1998,181.518,Mt,Taiwan (national),moeaea_co2_by_sector,"Energy Administration, CO2 from fuel combustion by sector 1990-2025","附表2.1, year 1998, column 合計; transcribed in official/moeaea_co2_by_sector_1990_2025.csv",https://ea01.moeaea.gov.tw/a0303/02/publication/co2/,downloaded,Electricity emissions allocated to the sectors that use the power
co2_sector_incl_indirect_total,CO2 by sector (incl. electricity): Total,部門別 CO2（含電力間接排放）：合計,history,1999,190.446,Mt,Taiwan (national),moeaea_co2_by_sector,"Energy Administration, CO2 from fuel combustion by sector 1990-2025","附表2.1, year 1999, column 合計; transcribed in official/moeaea_co2_by_sector_1990_2025.csv",https://ea01.moeaea.gov.tw/a0303/02/publication/co2/,downloaded,Electricity emissions allocated to the sectors that use the power
co2_sector_incl_indirect_total,CO2 by sector (incl. electricity): Total,部門別 CO2（含電力間接排放）：合計,history,2000,208.724,Mt,Taiwan (national),moeaea_co2_by_sector,"Energy Administration, CO2 from fuel combustion by sector 1990-2025","附表2.1, year 2000, column 合計; transcribed in official/moeaea_co2_by_sector_1990_2025.csv",https://ea01.moeaea.gov.tw/a0303/02/publication/co2/,downloaded,Electricity emissions allocated to the sectors that use the power
co2_sector_incl_indirect_total,CO2 by sector (incl. electricity): Total,部門別 CO2（含電力間接排放）：合計,history,2001,212.554,Mt,Taiwan (national),moeaea_co2_by_sector,"Energy Administration, CO2 from fuel combustion by sector 1990-2025","附表2.1, year 2001, column 合計; transcribed in official/moeaea_co2_by_sector_1990_2025.csv",https://ea01.moeaea.gov.tw/a0303/02/publication/co2/,downloaded,Electricity emissions allocated to the sectors that use the power
co2_sector_incl_indirect_total,CO2 by sector (incl. electricity): Total,部門別 CO2（含電力間接排放）：合計,history,2002,220.123,Mt,Taiwan (national),moeaea_co2_by_sector,"Energy Administration, CO2 from fuel combustion by sector 1990-2025","附表2.1, year 2002, column 合計; transcribed in official/moeaea_co2_by_sector_1990_2025.csv",https://ea01.moeaea.gov.tw/a0303/02/publication/co2/,downloaded,Electricity emissions allocated to the sectors that use the power
co2_sector_incl_indirect_total,CO2 by sector (incl. electricity): Total,部門別 CO2（含電力間接排放）：合計,history,2003,229.841,Mt,Taiwan (national),moeaea_co2_by_sector,"Energy Administration, CO2 from fuel combustion by sector 1990-2025","附表2.1, year 2003, column 合計; transcribed in official/moeaea_co2_by_sector_1990_2025.csv",https://ea01.moeaea.gov.tw/a0303/02/publication/co2/,downloaded,Electricity emissions allocated to the sectors that use the power
co2_sector_incl_indirect_total,CO2 by sector (incl. electricity): Total,部門別 CO2（含電力間接排放）：合計,history,2004,239.929,Mt,Taiwan (national),moeaea_co2_by_sector,"Energy Administration, CO2 from fuel combustion by sector 1990-2025","附表2.1, year 2004, column 合計; transcribed in official/moeaea_co2_by_sector_1990_2025.csv",https://ea01.moeaea.gov.tw/a0303/02/publication/co2/,downloaded,Electricity emissions allocated to the sectors that use the power
co2_sector_incl_indirect_total,CO2 by sector (incl. electricity): Total,部門別 CO2（含電力間接排放）：合計,history,2005,247.956,Mt,Taiwan (national),moeaea_co2_by_sector,"Energy Administration, CO2 from fuel combustion by sector 1990-2025","附表2.1, year 2005, column 合計; transcribed in official/moeaea_co2_by_sector_1990_2025.csv",https://ea01.moeaea.gov.tw/a0303/02/publication/co2/,downloaded,Electricity emissions allocated to the sectors that use the power
co2_sector_incl_indirect_total,CO2 by sector (incl. electricity): Total,部門別 CO2（含電力間接排放）：合計,history,2006,255.33,Mt,Taiwan (national),moeaea_co2_by_sector,"Energy Administration, CO2 from fuel combustion by sector 1990-2025","附表2.1, year 2006, column 合計; transcribed in official/moeaea_co2_by_sector_1990_2025.csv",https://ea01.moeaea.gov.tw/a0303/02/publication/co2/,downloaded,Electricity emissions allocated to the sectors that use the power
co2_sector_incl_indirect_total,CO2 by sector (incl. electricity): Total,部門別 CO2（含電力間接排放）：合計,history,2007,259.215,Mt,Taiwan (national),moeaea_co2_by_sector,"Energy Administration, CO2 from fuel combustion by sector 1990-2025","附表2.1, year 2007, column 合計; transcribed in official/moeaea_co2_by_sector_1990_2025.csv",https://ea01.moeaea.gov.tw/a0303/02/publication/co2/,downloaded,Electricity emissions allocated to the sectors that use the power
co2_sector_incl_indirect_total,CO2 by sector (incl. electricity): Total,部門別 CO2（含電力間接排放）：合計,history,2008,247.537,Mt,Taiwan (national),moeaea_co2_by_sector,"Energy Administration, CO2 from fuel combustion by sector 1990-2025","附表2.1, year 2008, column 合計; transcribed in official/moeaea_co2_by_sector_1990_2025.csv",https://ea01.moeaea.gov.tw/a0303/02/publication/co2/,downloaded,Electricity emissions allocated to the sectors that use the power
co2_sector_incl_indirect_total,CO2 by sector (incl. electricity): Total,部門別 CO2（含電力間接排放）：合計,history,2009,235.868,Mt,Taiwan (national),moeaea_co2_by_sector,"Energy Administration, CO2 from fuel combustion by sector 1990-2025","附表2.1, year 2009, column 合計; transcribed in official/moeaea_co2_by_sector_1990_2025.csv",https://ea01.moeaea.gov.tw/a0303/02/publication/co2/,downloaded,Electricity emissions allocated to the sectors that use the power
co2_sector_incl_indirect_total,CO2 by sector (incl. electricity): Total,部門別 CO2（含電力間接排放）：合計,history,2010,251.708,Mt,Taiwan (national),moeaea_co2_by_sector,"Energy Administration, CO2 from fuel combustion by sector 1990-2025","附表2.1, year 2010, column 合計; transcribed in official/moeaea_co2_by_sector_1990_2025.csv",https://ea01.moeaea.gov.tw/a0303/02/publication/co2/,downloaded,Electricity emissions allocated to the sectors that use the power
co2_sector_incl_indirect_total,CO2 by sector (incl. electricity): Total,部門別 CO2（含電力間接排放）：合計,history,2011,257.097,Mt,Taiwan (national),moeaea_co2_by_sector,"Energy Administration, CO2 from fuel combustion by sector 1990-2025","附表2.1, year 2011, column 合計; transcribed in official/moeaea_co2_by_sector_1990_2025.csv",https://ea01.moeaea.gov.tw/a0303/02/publication/co2/,downloaded,Electricity emissions allocated to the sectors that use the power
co2_sector_incl_indirect_total,CO2 by sector (incl. electricity): Total,部門別 CO2（含電力間接排放）：合計,history,2012,253.201,Mt,Taiwan (national),moeaea_co2_by_sector,"Energy Administration, CO2 from fuel combustion by sector 1990-2025","附表2.1, year 2012, column 合計; transcribed in official/moeaea_co2_by_sector_1990_2025.csv",https://ea01.moeaea.gov.tw/a0303/02/publication/co2/,downloaded,Electricity emissions allocated to the sectors that use the power
co2_sector_incl_indirect_total,CO2 by sector (incl. electricity): Total,部門別 CO2（含電力間接排放）：合計,history,2013,254.109,Mt,Taiwan (national),moeaea_co2_by_sector,"Energy Administration, CO2 from fuel combustion by sector 1990-2025","附表2.1, year 2013, column 合計; transcribed in official/moeaea_co2_by_sector_1990_2025.csv",https://ea01.moeaea.gov.tw/a0303/02/publication/co2/,downloaded,Electricity emissions allocated to the sectors that use the power
co2_sector_incl_indirect_total,CO2 by sector (incl. electricity): Total,部門別 CO2（含電力間接排放）：合計,history,2014,258.48,Mt,Taiwan (national),moeaea_co2_by_sector,"Energy Administration, CO2 from fuel combustion by sector 1990-2025","附表2.1, year 2014, column 合計; transcribed in official/moeaea_co2_by_sector_1990_2025.csv",https://ea01.moeaea.gov.tw/a0303/02/publication/co2/,downloaded,Electricity emissions allocated to the sectors that use the power
co2_sector_incl_indirect_total,CO2 by sector (incl. electricity): Total,部門別 CO2（含電力間接排放）：合計,history,2015,258.475,Mt,Taiwan (national),moeaea_co2_by_sector,"Energy Administration, CO2 from fuel combustion by sector 1990-2025","附表2.1, year 2015, column 合計; transcribed in official/moeaea_co2_by_sector_1990_2025.csv",https://ea01.moeaea.gov.tw/a0303/02/publication/co2/,downloaded,Electricity emissions allocated to the sectors that use the power
co2_sector_incl_indirect_total,CO2 by sector (incl. electricity): Total,部門別 CO2（含電力間接排放）：合計,history,2016,262.982,Mt,Taiwan (national),moeaea_co2_by_sector,"Energy Administration, CO2 from fuel combustion by sector 1990-2025","附表2.1, year 2016, column 合計; transcribed in official/moeaea_co2_by_sector_1990_2025.csv",https://ea01.moeaea.gov.tw/a0303/02/publication/co2/,downloaded,Electricity emissions allocated to the sectors that use the power
co2_sector_incl_indirect_total,CO2 by sector (incl. electricity): Total,部門別 CO2（含電力間接排放）：合計,history,2017,269.461,Mt,Taiwan (national),moeaea_co2_by_sector,"Energy Administration, CO2 from fuel combustion by sector 1990-2025","附表2.1, year 2017, column 合計; transcribed in official/moeaea_co2_by_sector_1990_2025.csv",https://ea01.moeaea.gov.tw/a0303/02/publication/co2/,downloaded,Electricity emissions allocated to the sectors that use the power
co2_sector_incl_indirect_total,CO2 by sector (incl. electricity): Total,部門別 CO2（含電力間接排放）：合計,history,2018,267.142,Mt,Taiwan (national),moeaea_co2_by_sector,"Energy Administration, CO2 from fuel combustion by sector 1990-2025","附表2.1, year 2018, column 合計; transcribed in official/moeaea_co2_by_sector_1990_2025.csv",https://ea01.moeaea.gov.tw/a0303/02/publication/co2/,downloaded,Electricity emissions allocated to the sectors that use the power
co2_sector_incl_indirect_total,CO2 by sector (incl. electricity): Total,部門別 CO2（含電力間接排放）：合計,history,2019,258.811,Mt,Taiwan (national),moeaea_co2_by_sector,"Energy Administration, CO2 from fuel combustion by sector 1990-2025","附表2.1, year 2019, column 合計; transcribed in official/moeaea_co2_by_sector_1990_2025.csv",https://ea01.moeaea.gov.tw/a0303/02/publication/co2/,downloaded,Electricity emissions allocated to the sectors that use the power
co2_sector_incl_indirect_total,CO2 by sector (incl. electricity): Total,部門別 CO2（含電力間接排放）：合計,history,2020,257.39,Mt,Taiwan (national),moeaea_co2_by_sector,"Energy Administration, CO2 from fuel combustion by sector 1990-2025","附表2.1, year 2020, column 合計; transcribed in official/moeaea_co2_by_sector_1990_2025.csv",https://ea01.moeaea.gov.tw/a0303/02/publication/co2/,downloaded,Electricity emissions allocated to the sectors that use the power
co2_sector_incl_indirect_total,CO2 by sector (incl. electricity): Total,部門別 CO2（含電力間接排放）：合計,history,2021,266.922,Mt,Taiwan (national),moeaea_co2_by_sector,"Energy Administration, CO2 from fuel combustion by sector 1990-2025","附表2.1, year 2021, column 合計; transcribed in official/moeaea_co2_by_sector_1990_2025.csv",https://ea01.moeaea.gov.tw/a0303/02/publication/co2/,downloaded,Electricity emissions allocated to the sectors that use the power
co2_sector_incl_indirect_total,CO2 by sector (incl. electricity): Total,部門別 CO2（含電力間接排放）：合計,history,2022,258.142,Mt,Taiwan (national),moeaea_co2_by_sector,"Energy Administration, CO2 from fuel combustion by sector 1990-2025","附表2.1, year 2022, column 合計; transcribed in official/moeaea_co2_by_sector_1990_2025.csv",https://ea01.moeaea.gov.tw/a0303/02/publication/co2/,downloaded,Electricity emissions allocated to the sectors that use the power
co2_sector_incl_indirect_total,CO2 by sector (incl. electricity): Total,部門別 CO2（含電力間接排放）：合計,history,2023,250.579,Mt,Taiwan (national),moeaea_co2_by_sector,"Energy Administration, CO2 from fuel combustion by sector 1990-2025","附表2.1, year 2023, column 合計; transcribed in official/moeaea_co2_by_sector_1990_2025.csv",https://ea01.moeaea.gov.tw/a0303/02/publication/co2/,downloaded,Electricity emissions allocated to the sectors that use the power
co2_sector_incl_indirect_total,CO2 by sector (incl. electricity): Total,部門別 CO2（含電力間接排放）：合計,history,2024,245.307,Mt,Taiwan (national),moeaea_co2_by_sector,"Energy Administration, CO2 from fuel combustion by sector 1990-2025","附表2.1, year 2024, column 合計; transcribed in official/moeaea_co2_by_sector_1990_2025.csv",https://ea01.moeaea.gov.tw/a0303/02/publication/co2/,downloaded,Electricity emissions allocated to the sectors that use the power
co2_sector_incl_indirect_total,CO2 by sector (incl. electricity): Total,部門別 CO2（含電力間接排放）：合計,history,2025,239.542,Mt,Taiwan (national),moeaea_co2_by_sector,"Energy Administration, CO2 from fuel combustion by sector 1990-2025","附表2.1, year 2025, column 合計; transcribed in official/moeaea_co2_by_sector_1990_2025.csv",https://ea01.moeaea.gov.tw/a0303/02/publication/co2/,downloaded,Electricity emissions allocated to the sectors that use the power
co2_sector_incl_indirect_transport,CO2 by sector (incl. electricity): Transport,部門別 CO2（含電力間接排放）：運輸部門,history,1990,19.729,Mt,Taiwan (national),moeaea_co2_by_sector,"Energy Administration, CO2 from fuel combustion by sector 1990-2025","附表2.1, year 1990, column 運輸部門; transcribed in official/moeaea_co2_by_sector_1990_2025.csv",https://ea01.moeaea.gov.tw/a0303/02/publication/co2/,downloaded,Electricity emissions allocated to the sectors that use the power
co2_sector_incl_indirect_transport,CO2 by sector (incl. electricity): Transport,部門別 CO2（含電力間接排放）：運輸部門,history,1991,20.975,Mt,Taiwan (national),moeaea_co2_by_sector,"Energy Administration, CO2 from fuel combustion by sector 1990-2025","附表2.1, year 1991, column 運輸部門; transcribed in official/moeaea_co2_by_sector_1990_2025.csv",https://ea01.moeaea.gov.tw/a0303/02/publication/co2/,downloaded,Electricity emissions allocated to the sectors that use the power
co2_sector_incl_indirect_transport,CO2 by sector (incl. electricity): Transport,部門別 CO2（含電力間接排放）：運輸部門,history,1992,24.138,Mt,Taiwan (national),moeaea_co2_by_sector,"Energy Administration, CO2 from fuel combustion by sector 1990-2025","附表2.1, year 1992, column 運輸部門; transcribed in official/moeaea_co2_by_sector_1990_2025.csv",https://ea01.moeaea.gov.tw/a0303/02/publication/co2/,downloaded,Electricity emissions allocated to the sectors that use the power
co2_sector_incl_indirect_transport,CO2 by sector (incl. electricity): Transport,部門別 CO2（含電力間接排放）：運輸部門,history,1993,26.212,Mt,Taiwan (national),moeaea_co2_by_sector,"Energy Administration, CO2 from fuel combustion by sector 1990-2025","附表2.1, year 1993, column 運輸部門; transcribed in official/moeaea_co2_by_sector_1990_2025.csv",https://ea01.moeaea.gov.tw/a0303/02/publication/co2/,downloaded,Electricity emissions allocated to the sectors that use the power
co2_sector_incl_indirect_transport,CO2 by sector (incl. electricity): Transport,部門別 CO2（含電力間接排放）：運輸部門,history,1994,27.645,Mt,Taiwan (national),moeaea_co2_by_sector,"Energy Administration, CO2 from fuel combustion by sector 1990-2025","附表2.1, year 1994, column 運輸部門; transcribed in official/moeaea_co2_by_sector_1990_2025.csv",https://ea01.moeaea.gov.tw/a0303/02/publication/co2/,downloaded,Electricity emissions allocated to the sectors that use the power
co2_sector_incl_indirect_transport,CO2 by sector (incl. electricity): Transport,部門別 CO2（含電力間接排放）：運輸部門,history,1995,28.929,Mt,Taiwan (national),moeaea_co2_by_sector,"Energy Administration, CO2 from fuel combustion by sector 1990-2025","附表2.1, year 1995, column 運輸部門; transcribed in official/moeaea_co2_by_sector_1990_2025.csv",https://ea01.moeaea.gov.tw/a0303/02/publication/co2/,downloaded,Electricity emissions allocated to the sectors that use the power
co2_sector_incl_indirect_transport,CO2 by sector (incl. electricity): Transport,部門別 CO2（含電力間接排放）：運輸部門,history,1996,29.92,Mt,Taiwan (national),moeaea_co2_by_sector,"Energy Administration, CO2 from fuel combustion by sector 1990-2025","附表2.1, year 1996, column 運輸部門; transcribed in official/moeaea_co2_by_sector_1990_2025.csv",https://ea01.moeaea.gov.tw/a0303/02/publication/co2/,downloaded,Electricity emissions allocated to the sectors that use the power
co2_sector_incl_indirect_transport,CO2 by sector (incl. electricity): Transport,部門別 CO2（含電力間接排放）：運輸部門,history,1997,30.703,Mt,Taiwan (national),moeaea_co2_by_sector,"Energy Administration, CO2 from fuel combustion by sector 1990-2025","附表2.1, year 1997, column 運輸部門; transcribed in official/moeaea_co2_by_sector_1990_2025.csv",https://ea01.moeaea.gov.tw/a0303/02/publication/co2/,downloaded,Electricity emissions allocated to the sectors that use the power
co2_sector_incl_indirect_transport,CO2 by sector (incl. electricity): Transport,部門別 CO2（含電力間接排放）：運輸部門,history,1998,32.035,Mt,Taiwan (national),moeaea_co2_by_sector,"Energy Administration, CO2 from fuel combustion by sector 1990-2025","附表2.1, year 1998, column 運輸部門; transcribed in official/moeaea_co2_by_sector_1990_2025.csv",https://ea01.moeaea.gov.tw/a0303/02/publication/co2/,downloaded,Electricity emissions allocated to the sectors that use the power
co2_sector_incl_indirect_transport,CO2 by sector (incl. electricity): Transport,部門別 CO2（含電力間接排放）：運輸部門,history,1999,32.982,Mt,Taiwan (national),moeaea_co2_by_sector,"Energy Administration, CO2 from fuel combustion by sector 1990-2025","附表2.1, year 1999, column 運輸部門; transcribed in official/moeaea_co2_by_sector_1990_2025.csv",https://ea01.moeaea.gov.tw/a0303/02/publication/co2/,downloaded,Electricity emissions allocated to the sectors that use the power
co2_sector_incl_indirect_transport,CO2 by sector (incl. electricity): Transport,部門別 CO2（含電力間接排放）：運輸部門,history,2000,33.452,Mt,Taiwan (national),moeaea_co2_by_sector,"Energy Administration, CO2 from fuel combustion by sector 1990-2025","附表2.1, year 2000, column 運輸部門; transcribed in official/moeaea_co2_by_sector_1990_2025.csv",https://ea01.moeaea.gov.tw/a0303/02/publication/co2/,downloaded,Electricity emissions allocated to the sectors that use the power
co2_sector_incl_indirect_transport,CO2 by sector (incl. electricity): Transport,部門別 CO2（含電力間接排放）：運輸部門,history,2001,33.509,Mt,Taiwan (national),moeaea_co2_by_sector,"Energy Administration, CO2 from fuel combustion by sector 1990-2025","附表2.1, year 2001, column 運輸部門; transcribed in official/moeaea_co2_by_sector_1990_2025.csv",https://ea01.moeaea.gov.tw/a0303/02/publication/co2/,downloaded,Electricity emissions allocated to the sectors that use the power
co2_sector_incl_indirect_transport,CO2 by sector (incl. electricity): Transport,部門別 CO2（含電力間接排放）：運輸部門,history,2002,34.799,Mt,Taiwan (national),moeaea_co2_by_sector,"Energy Administration, CO2 from fuel combustion by sector 1990-2025","附表2.1, year 2002, column 運輸部門; transcribed in official/moeaea_co2_by_sector_1990_2025.csv",https://ea01.moeaea.gov.tw/a0303/02/publication/co2/,downloaded,Electricity emissions allocated to the sectors that use the power
co2_sector_incl_indirect_transport,CO2 by sector (incl. electricity): Transport,部門別 CO2（含電力間接排放）：運輸部門,history,2003,34.768,Mt,Taiwan (national),moeaea_co2_by_sector,"Energy Administration, CO2 from fuel combustion by sector 1990-2025","附表2.1, year 2003, column 運輸部門; transcribed in official/moeaea_co2_by_sector_1990_2025.csv",https://ea01.moeaea.gov.tw/a0303/02/publication/co2/,downloaded,Electricity emissions allocated to the sectors that use the power
co2_sector_incl_indirect_transport,CO2 by sector (incl. electricity): Transport,部門別 CO2（含電力間接排放）：運輸部門,history,2004,36.144,Mt,Taiwan (national),moeaea_co2_by_sector,"Energy Administration, CO2 from fuel combustion by sector 1990-2025","附表2.1, year 2004, column 運輸部門; transcribed in official/moeaea_co2_by_sector_1990_2025.csv",https://ea01.moeaea.gov.tw/a0303/02/publication/co2/,downloaded,Electricity emissions allocated to the sectors that use the power
co2_sector_incl_indirect_transport,CO2 by sector (incl. electricity): Transport,部門別 CO2（含電力間接排放）：運輸部門,history,2005,37.157,Mt,Taiwan (national),moeaea_co2_by_sector,"Energy Administration, CO2 from fuel combustion by sector 1990-2025","附表2.1, year 2005, column 運輸部門; transcribed in official/moeaea_co2_by_sector_1990_2025.csv",https://ea01.moeaea.gov.tw/a0303/02/publication/co2/,downloaded,Electricity emissions allocated to the sectors that use the power
co2_sector_incl_indirect_transport,CO2 by sector (incl. electricity): Transport,部門別 CO2（含電力間接排放）：運輸部門,history,2006,37.103,Mt,Taiwan (national),moeaea_co2_by_sector,"Energy Administration, CO2 from fuel combustion by sector 1990-2025","附表2.1, year 2006, column 運輸部門; transcribed in official/moeaea_co2_by_sector_1990_2025.csv",https://ea01.moeaea.gov.tw/a0303/02/publication/co2/,downloaded,Electricity emissions allocated to the sectors that use the power
co2_sector_incl_indirect_transport,CO2 by sector (incl. electricity): Transport,部門別 CO2（含電力間接排放）：運輸部門,history,2007,35.904,Mt,Taiwan (national),moeaea_co2_by_sector,"Energy Administration, CO2 from fuel combustion by sector 1990-2025","附表2.1, year 2007, column 運輸部門; transcribed in official/moeaea_co2_by_sector_1990_2025.csv",https://ea01.moeaea.gov.tw/a0303/02/publication/co2/,downloaded,Electricity emissions allocated to the sectors that use the power
co2_sector_incl_indirect_transport,CO2 by sector (incl. electricity): Transport,部門別 CO2（含電力間接排放）：運輸部門,history,2008,33.847,Mt,Taiwan (national),moeaea_co2_by_sector,"Energy Administration, CO2 from fuel combustion by sector 1990-2025","附表2.1, year 2008, column 運輸部門; transcribed in official/moeaea_co2_by_sector_1990_2025.csv",https://ea01.moeaea.gov.tw/a0303/02/publication/co2/,downloaded,Electricity emissions allocated to the sectors that use the power
co2_sector_incl_indirect_transport,CO2 by sector (incl. electricity): Transport,部門別 CO2（含電力間接排放）：運輸部門,history,2009,34.162,Mt,Taiwan (national),moeaea_co2_by_sector,"Energy Administration, CO2 from fuel combustion by sector 1990-2025","附表2.1, year 2009, column 運輸部門; transcribed in official/moeaea_co2_by_sector_1990_2025.csv",https://ea01.moeaea.gov.tw/a0303/02/publication/co2/,downloaded,Electricity emissions allocated to the sectors that use the power
co2_sector_incl_indirect_transport,CO2 by sector (incl. electricity): Transport,部門別 CO2（含電力間接排放）：運輸部門,history,2010,35.288,Mt,Taiwan (national),moeaea_co2_by_sector,"Energy Administration, CO2 from fuel combustion by sector 1990-2025","附表2.1, year 2010, column 運輸部門; transcribed in official/moeaea_co2_by_sector_1990_2025.csv",https://ea01.moeaea.gov.tw/a0303/02/publication/co2/,downloaded,Electricity emissions allocated to the sectors that use the power
co2_sector_incl_indirect_transport,CO2 by sector (incl. electricity): Transport,部門別 CO2（含電力間接排放）：運輸部門,history,2011,35.77,Mt,Taiwan (national),moeaea_co2_by_sector,"Energy Administration, CO2 from fuel combustion by sector 1990-2025","附表2.1, year 2011, column 運輸部門; transcribed in official/moeaea_co2_by_sector_1990_2025.csv",https://ea01.moeaea.gov.tw/a0303/02/publication/co2/,downloaded,Electricity emissions allocated to the sectors that use the power
co2_sector_incl_indirect_transport,CO2 by sector (incl. electricity): Transport,部門別 CO2（含電力間接排放）：運輸部門,history,2012,34.956,Mt,Taiwan (national),moeaea_co2_by_sector,"Energy Administration, CO2 from fuel combustion by sector 1990-2025","附表2.1, year 2012, column 運輸部門; transcribed in official/moeaea_co2_by_sector_1990_2025.csv",https://ea01.moeaea.gov.tw/a0303/02/publication/co2/,downloaded,Electricity emissions allocated to the sectors that use the power
co2_sector_incl_indirect_transport,CO2 by sector (incl. electricity): Transport,部門別 CO2（含電力間接排放）：運輸部門,history,2013,34.893,Mt,Taiwan (national),moeaea_co2_by_sector,"Energy Administration, CO2 from fuel combustion by sector 1990-2025","附表2.1, year 2013, column 運輸部門; transcribed in official/moeaea_co2_by_sector_1990_2025.csv",https://ea01.moeaea.gov.tw/a0303/02/publication/co2/,downloaded,Electricity emissions allocated to the sectors that use the power
co2_sector_incl_indirect_transport,CO2 by sector (incl. electricity): Transport,部門別 CO2（含電力間接排放）：運輸部門,history,2014,35.375,Mt,Taiwan (national),moeaea_co2_by_sector,"Energy Administration, CO2 from fuel combustion by sector 1990-2025","附表2.1, year 2014, column 運輸部門; transcribed in official/moeaea_co2_by_sector_1990_2025.csv",https://ea01.moeaea.gov.tw/a0303/02/publication/co2/,downloaded,Electricity emissions allocated to the sectors that use the power
co2_sector_incl_indirect_transport,CO2 by sector (incl. electricity): Transport,部門別 CO2（含電力間接排放）：運輸部門,history,2015,36.241,Mt,Taiwan (national),moeaea_co2_by_sector,"Energy Administration, CO2 from fuel combustion by sector 1990-2025","附表2.1, year 2015, column 運輸部門; transcribed in official/moeaea_co2_by_sector_1990_2025.csv",https://ea01.moeaea.gov.tw/a0303/02/publication/co2/,downloaded,Electricity emissions allocated to the sectors that use the power
co2_sector_incl_indirect_transport,CO2 by sector (incl. electricity): Transport,部門別 CO2（含電力間接排放）：運輸部門,history,2016,37.336,Mt,Taiwan (national),moeaea_co2_by_sector,"Energy Administration, CO2 from fuel combustion by sector 1990-2025","附表2.1, year 2016, column 運輸部門; transcribed in official/moeaea_co2_by_sector_1990_2025.csv",https://ea01.moeaea.gov.tw/a0303/02/publication/co2/,downloaded,Electricity emissions allocated to the sectors that use the power
co2_sector_incl_indirect_transport,CO2 by sector (incl. electricity): Transport,部門別 CO2（含電力間接排放）：運輸部門,history,2017,37.026,Mt,Taiwan (national),moeaea_co2_by_sector,"Energy Administration, CO2 from fuel combustion by sector 1990-2025","附表2.1, year 2017, column 運輸部門; transcribed in official/moeaea_co2_by_sector_1990_2025.csv",https://ea01.moeaea.gov.tw/a0303/02/publication/co2/,downloaded,Electricity emissions allocated to the sectors that use the power
co2_sector_incl_indirect_transport,CO2 by sector (incl. electricity): Transport,部門別 CO2（含電力間接排放）：運輸部門,history,2018,36.008,Mt,Taiwan (national),moeaea_co2_by_sector,"Energy Administration, CO2 from fuel combustion by sector 1990-2025","附表2.1, year 2018, column 運輸部門; transcribed in official/moeaea_co2_by_sector_1990_2025.csv",https://ea01.moeaea.gov.tw/a0303/02/publication/co2/,downloaded,Electricity emissions allocated to the sectors that use the power
co2_sector_incl_indirect_transport,CO2 by sector (incl. electricity): Transport,部門別 CO2（含電力間接排放）：運輸部門,history,2019,36.239,Mt,Taiwan (national),moeaea_co2_by_sector,"Energy Administration, CO2 from fuel combustion by sector 1990-2025","附表2.1, year 2019, column 運輸部門; transcribed in official/moeaea_co2_by_sector_1990_2025.csv",https://ea01.moeaea.gov.tw/a0303/02/publication/co2/,downloaded,Electricity emissions allocated to the sectors that use the power
co2_sector_incl_indirect_transport,CO2 by sector (incl. electricity): Transport,部門別 CO2（含電力間接排放）：運輸部門,history,2020,36.506,Mt,Taiwan (national),moeaea_co2_by_sector,"Energy Administration, CO2 from fuel combustion by sector 1990-2025","附表2.1, year 2020, column 運輸部門; transcribed in official/moeaea_co2_by_sector_1990_2025.csv",https://ea01.moeaea.gov.tw/a0303/02/publication/co2/,downloaded,Electricity emissions allocated to the sectors that use the power
co2_sector_incl_indirect_transport,CO2 by sector (incl. electricity): Transport,部門別 CO2（含電力間接排放）：運輸部門,history,2021,34.682,Mt,Taiwan (national),moeaea_co2_by_sector,"Energy Administration, CO2 from fuel combustion by sector 1990-2025","附表2.1, year 2021, column 運輸部門; transcribed in official/moeaea_co2_by_sector_1990_2025.csv",https://ea01.moeaea.gov.tw/a0303/02/publication/co2/,downloaded,Electricity emissions allocated to the sectors that use the power
co2_sector_incl_indirect_transport,CO2 by sector (incl. electricity): Transport,部門別 CO2（含電力間接排放）：運輸部門,history,2022,35.514,Mt,Taiwan (national),moeaea_co2_by_sector,"Energy Administration, CO2 from fuel combustion by sector 1990-2025","附表2.1, year 2022, column 運輸部門; transcribed in official/moeaea_co2_by_sector_1990_2025.csv",https://ea01.moeaea.gov.tw/a0303/02/publication/co2/,downloaded,Electricity emissions allocated to the sectors that use the power
co2_sector_incl_indirect_transport,CO2 by sector (incl. electricity): Transport,部門別 CO2（含電力間接排放）：運輸部門,history,2023,35.526,Mt,Taiwan (national),moeaea_co2_by_sector,"Energy Administration, CO2 from fuel combustion by sector 1990-2025","附表2.1, year 2023, column 運輸部門; transcribed in official/moeaea_co2_by_sector_1990_2025.csv",https://ea01.moeaea.gov.tw/a0303/02/publication/co2/,downloaded,Electricity emissions allocated to the sectors that use the power
co2_sector_incl_indirect_transport,CO2 by sector (incl. electricity): Transport,部門別 CO2（含電力間接排放）：運輸部門,history,2024,34.783,Mt,Taiwan (national),moeaea_co2_by_sector,"Energy Administration, CO2 from fuel combustion by sector 1990-2025","附表2.1, year 2024, column 運輸部門; transcribed in official/moeaea_co2_by_sector_1990_2025.csv",https://ea01.moeaea.gov.tw/a0303/02/publication/co2/,downloaded,Electricity emissions allocated to the sectors that use the power
co2_sector_incl_indirect_transport,CO2 by sector (incl. electricity): Transport,部門別 CO2（含電力間接排放）：運輸部門,history,2025,34.293,Mt,Taiwan (national),moeaea_co2_by_sector,"Energy Administration, CO2 from fuel combustion by sector 1990-2025","附表2.1, year 2025, column 運輸部門; transcribed in official/moeaea_co2_by_sector_1990_2025.csv",https://ea01.moeaea.gov.tw/a0303/02/publication/co2/,downloaded,Electricity emissions allocated to the sectors that use the power
gegis_demand,Electricity demand (PyPSA-Earth default),電力需求（PyPSA-Earth 預設）,projection,2030,335.7025,TWh,Taiwan (national),gegis_ssp2_26,"Mattsson et al. (2021), GEGIS demand, via the PyPSA-Earth data bundle","data/ssp2-2.6/<year>/era5_2013/Asia.csv, region TW, sum of hourly values",https://github.com/niclasmattsson/GlobalEnergyGIS,model_input,Unscaled GEGIS projection; the model scales the 2030 profile by 0.749
gegis_demand,Electricity demand (PyPSA-Earth default),電力需求（PyPSA-Earth 預設）,projection,2040,411.2232,TWh,Taiwan (national),gegis_ssp2_26,"Mattsson et al. (2021), GEGIS demand, via the PyPSA-Earth data bundle","data/ssp2-2.6/<year>/era5_2013/Asia.csv, region TW, sum of hourly values",https://github.com/niclasmattsson/GlobalEnergyGIS,model_input,Unscaled GEGIS projection; the model scales the 2030 profile by 0.749
gegis_demand,Electricity demand (PyPSA-Earth default),電力需求（PyPSA-Earth 預設）,projection,2050,528.9464,TWh,Taiwan (national),gegis_ssp2_26,"Mattsson et al. (2021), GEGIS demand, via the PyPSA-Earth data bundle","data/ssp2-2.6/<year>/era5_2013/Asia.csv, region TW, sum of hourly values",https://github.com/niclasmattsson/GlobalEnergyGIS,model_input,Unscaled GEGIS projection; the model scales the 2030 profile by 0.749
gegis_peak,Peak demand (PyPSA-Earth default),尖峰需求（PyPSA-Earth 預設）,projection,2030,55.8934,GW,Taiwan (national),gegis_ssp2_26,"Mattsson et al. (2021), GEGIS demand, via the PyPSA-Earth data bundle","data/ssp2-2.6/<year>/era5_2013/Asia.csv, region TW, maximum hourly value",https://github.com/niclasmattsson/GlobalEnergyGIS,model_input,Hourly peak of the unscaled GEGIS profile
gegis_peak,Peak demand (PyPSA-Earth default),尖峰需求（PyPSA-Earth 預設）,projection,2040,68.5823,GW,Taiwan (national),gegis_ssp2_26,"Mattsson et al. (2021), GEGIS demand, via the PyPSA-Earth data bundle","data/ssp2-2.6/<year>/era5_2013/Asia.csv, region TW, maximum hourly value",https://github.com/niclasmattsson/GlobalEnergyGIS,model_input,Hourly peak of the unscaled GEGIS profile
gegis_peak,Peak demand (PyPSA-Earth default),尖峰需求（PyPSA-Earth 預設）,projection,2050,88.9969,GW,Taiwan (national),gegis_ssp2_26,"Mattsson et al. (2021), GEGIS demand, via the PyPSA-Earth data bundle","data/ssp2-2.6/<year>/era5_2013/Asia.csv, region TW, maximum hourly value",https://github.com/niclasmattsson/GlobalEnergyGIS,model_input,Hourly peak of the unscaled GEGIS profile
generation_biomass,Generation: Biomass,發電量：生質能,history,2005,0.3235,TWh,Taiwan (national),moeaea_generation_annual,"Energy Administration, 發電量年資料 (annual generation)",column 再生能源_生質能_全國(統計數值),https://data.gov.tw/dataset/16481,downloaded,
generation_biomass,Generation: Biomass,發電量：生質能,history,2006,0.3213,TWh,Taiwan (national),moeaea_generation_annual,"Energy Administration, 發電量年資料 (annual generation)",column 再生能源_生質能_全國(統計數值),https://data.gov.tw/dataset/16481,downloaded,
generation_biomass,Generation: Biomass,發電量：生質能,history,2007,0.3023,TWh,Taiwan (national),moeaea_generation_annual,"Energy Administration, 發電量年資料 (annual generation)",column 再生能源_生質能_全國(統計數值),https://data.gov.tw/dataset/16481,downloaded,
generation_biomass,Generation: Biomass,發電量：生質能,history,2008,0.2725,TWh,Taiwan (national),moeaea_generation_annual,"Energy Administration, 發電量年資料 (annual generation)",column 再生能源_生質能_全國(統計數值),https://data.gov.tw/dataset/16481,downloaded,
generation_biomass,Generation: Biomass,發電量：生質能,history,2009,0.2293,TWh,Taiwan (national),moeaea_generation_annual,"Energy Administration, 發電量年資料 (annual generation)",column 再生能源_生質能_全國(統計數值),https://data.gov.tw/dataset/16481,downloaded,
generation_biomass,Generation: Biomass,發電量：生質能,history,2010,0.27,TWh,Taiwan (national),moeaea_generation_annual,"Energy Administration, 發電量年資料 (annual generation)",column 再生能源_生質能_全國(統計數值),https://data.gov.tw/dataset/16481,downloaded,
generation_biomass,Generation: Biomass,發電量：生質能,history,2011,0.2361,TWh,Taiwan (national),moeaea_generation_annual,"Energy Administration, 發電量年資料 (annual generation)",column 再生能源_生質能_全國(統計數值),https://data.gov.tw/dataset/16481,downloaded,
generation_biomass,Generation: Biomass,發電量：生質能,history,2012,0.2421,TWh,Taiwan (national),moeaea_generation_annual,"Energy Administration, 發電量年資料 (annual generation)",column 再生能源_生質能_全國(統計數值),https://data.gov.tw/dataset/16481,downloaded,
generation_biomass,Generation: Biomass,發電量：生質能,history,2013,0.2285,TWh,Taiwan (national),moeaea_generation_annual,"Energy Administration, 發電量年資料 (annual generation)",column 再生能源_生質能_全國(統計數值),https://data.gov.tw/dataset/16481,downloaded,
generation_biomass,Generation: Biomass,發電量：生質能,history,2014,0.2525,TWh,Taiwan (national),moeaea_generation_annual,"Energy Administration, 發電量年資料 (annual generation)",column 再生能源_生質能_全國(統計數值),https://data.gov.tw/dataset/16481,downloaded,
generation_biomass,Generation: Biomass,發電量：生質能,history,2015,0.249,TWh,Taiwan (national),moeaea_generation_annual,"Energy Administration, 發電量年資料 (annual generation)",column 再生能源_生質能_全國(統計數值),https://data.gov.tw/dataset/16481,downloaded,
generation_biomass,Generation: Biomass,發電量：生質能,history,2016,0.2081,TWh,Taiwan (national),moeaea_generation_annual,"Energy Administration, 發電量年資料 (annual generation)",column 再生能源_生質能_全國(統計數值),https://data.gov.tw/dataset/16481,downloaded,
generation_biomass,Generation: Biomass,發電量：生質能,history,2017,0.1916,TWh,Taiwan (national),moeaea_generation_annual,"Energy Administration, 發電量年資料 (annual generation)",column 再生能源_生質能_全國(統計數值),https://data.gov.tw/dataset/16481,downloaded,
generation_biomass,Generation: Biomass,發電量：生質能,history,2018,0.1916,TWh,Taiwan (national),moeaea_generation_annual,"Energy Administration, 發電量年資料 (annual generation)",column 再生能源_生質能_全國(統計數值),https://data.gov.tw/dataset/16481,downloaded,
generation_biomass,Generation: Biomass,發電量：生質能,history,2019,0.1765,TWh,Taiwan (national),moeaea_generation_annual,"Energy Administration, 發電量年資料 (annual generation)",column 再生能源_生質能_全國(統計數值),https://data.gov.tw/dataset/16481,downloaded,
generation_biomass,Generation: Biomass,發電量：生質能,history,2020,0.2118,TWh,Taiwan (national),moeaea_generation_annual,"Energy Administration, 發電量年資料 (annual generation)",column 再生能源_生質能_全國(統計數值),https://data.gov.tw/dataset/16481,downloaded,
generation_biomass,Generation: Biomass,發電量：生質能,history,2021,0.2017,TWh,Taiwan (national),moeaea_generation_annual,"Energy Administration, 發電量年資料 (annual generation)",column 再生能源_生質能_全國(統計數值),https://data.gov.tw/dataset/16481,downloaded,
generation_biomass,Generation: Biomass,發電量：生質能,history,2022,0.1642,TWh,Taiwan (national),moeaea_generation_annual,"Energy Administration, 發電量年資料 (annual generation)",column 再生能源_生質能_全國(統計數值),https://data.gov.tw/dataset/16481,downloaded,
generation_biomass,Generation: Biomass,發電量：生質能,history,2023,0.244,TWh,Taiwan (national),moeaea_generation_annual,"Energy Administration, 發電量年資料 (annual generation)",column 再生能源_生質能_全國(統計數值),https://data.gov.tw/dataset/16481,downloaded,
generation_biomass,Generation: Biomass,發電量：生質能,history,2024,0.2374,TWh,Taiwan (national),moeaea_generation_annual,"Energy Administration, 發電量年資料 (annual generation)",column 再生能源_生質能_全國(統計數值),https://data.gov.tw/dataset/16481,downloaded,
generation_biomass,Generation: Biomass,發電量：生質能,history,2025,0.2731,TWh,Taiwan (national),moeaea_generation_annual,"Energy Administration, 發電量年資料 (annual generation)",column 再生能源_生質能_全國(統計數值),https://data.gov.tw/dataset/16481,downloaded,
generation_coal,Generation: Coal,發電量：燃煤,history,2005,120.0442,TWh,Taiwan (national),moeaea_generation_annual,"Energy Administration, 發電量年資料 (annual generation)",column 火力_燃煤_全國(統計數值),https://data.gov.tw/dataset/16481,downloaded,
generation_coal,Generation: Coal,發電量：燃煤,history,2006,124.0488,TWh,Taiwan (national),moeaea_generation_annual,"Energy Administration, 發電量年資料 (annual generation)",column 火力_燃煤_全國(統計數值),https://data.gov.tw/dataset/16481,downloaded,
generation_coal,Generation: Coal,發電量：燃煤,history,2007,128.4628,TWh,Taiwan (national),moeaea_generation_annual,"Energy Administration, 發電量年資料 (annual generation)",column 火力_燃煤_全國(統計數值),https://data.gov.tw/dataset/16481,downloaded,
generation_coal,Generation: Coal,發電量：燃煤,history,2008,122.2018,TWh,Taiwan (national),moeaea_generation_annual,"Energy Administration, 發電量年資料 (annual generation)",column 火力_燃煤_全國(統計數值),https://data.gov.tw/dataset/16481,downloaded,
generation_coal,Generation: Coal,發電量：燃煤,history,2009,120.668,TWh,Taiwan (national),moeaea_generation_annual,"Energy Administration, 發電量年資料 (annual generation)",column 火力_燃煤_全國(統計數值),https://data.gov.tw/dataset/16481,downloaded,
generation_coal,Generation: Coal,發電量：燃煤,history,2010,122.3527,TWh,Taiwan (national),moeaea_generation_annual,"Energy Administration, 發電量年資料 (annual generation)",column 火力_燃煤_全國(統計數值),https://data.gov.tw/dataset/16481,downloaded,
generation_coal,Generation: Coal,發電量：燃煤,history,2011,124.468,TWh,Taiwan (national),moeaea_generation_annual,"Energy Administration, 發電量年資料 (annual generation)",column 火力_燃煤_全國(統計數值),https://data.gov.tw/dataset/16481,downloaded,
generation_coal,Generation: Coal,發電量：燃煤,history,2012,122.4368,TWh,Taiwan (national),moeaea_generation_annual,"Energy Administration, 發電量年資料 (annual generation)",column 火力_燃煤_全國(統計數值),https://data.gov.tw/dataset/16481,downloaded,
generation_coal,Generation: Coal,發電量：燃煤,history,2013,121.4491,TWh,Taiwan (national),moeaea_generation_annual,"Energy Administration, 發電量年資料 (annual generation)",column 火力_燃煤_全國(統計數值),https://data.gov.tw/dataset/16481,downloaded,
generation_coal,Generation: Coal,發電量：燃煤,history,2014,123.4447,TWh,Taiwan (national),moeaea_generation_annual,"Energy Administration, 發電量年資料 (annual generation)",column 火力_燃煤_全國(統計數值),https://data.gov.tw/dataset/16481,downloaded,
generation_coal,Generation: Coal,發電量：燃煤,history,2015,117.1588,TWh,Taiwan (national),moeaea_generation_annual,"Energy Administration, 發電量年資料 (annual generation)",column 火力_燃煤_全國(統計數值),https://data.gov.tw/dataset/16481,downloaded,
generation_coal,Generation: Coal,發電量：燃煤,history,2016,121.225,TWh,Taiwan (national),moeaea_generation_annual,"Energy Administration, 發電量年資料 (annual generation)",column 火力_燃煤_全國(統計數值),https://data.gov.tw/dataset/16481,downloaded,
generation_coal,Generation: Coal,發電量：燃煤,history,2017,127.9495,TWh,Taiwan (national),moeaea_generation_annual,"Energy Administration, 發電量年資料 (annual generation)",column 火力_燃煤_全國(統計數值),https://data.gov.tw/dataset/16481,downloaded,
generation_coal,Generation: Coal,發電量：燃煤,history,2018,131.2567,TWh,Taiwan (national),moeaea_generation_annual,"Energy Administration, 發電量年資料 (annual generation)",column 火力_燃煤_全國(統計數值),https://data.gov.tw/dataset/16481,downloaded,
generation_coal,Generation: Coal,發電量：燃煤,history,2019,126.4008,TWh,Taiwan (national),moeaea_generation_annual,"Energy Administration, 發電量年資料 (annual generation)",column 火力_燃煤_全國(統計數值),https://data.gov.tw/dataset/16481,downloaded,
generation_coal,Generation: Coal,發電量：燃煤,history,2020,125.9074,TWh,Taiwan (national),moeaea_generation_annual,"Energy Administration, 發電量年資料 (annual generation)",column 火力_燃煤_全國(統計數值),https://data.gov.tw/dataset/16481,downloaded,
generation_coal,Generation: Coal,發電量：燃煤,history,2021,128.8404,TWh,Taiwan (national),moeaea_generation_annual,"Energy Administration, 發電量年資料 (annual generation)",column 火力_燃煤_全國(統計數值),https://data.gov.tw/dataset/16481,downloaded,
generation_coal,Generation: Coal,發電量：燃煤,history,2022,121.025,TWh,Taiwan (national),moeaea_generation_annual,"Energy Administration, 發電量年資料 (annual generation)",column 火力_燃煤_全國(統計數值),https://data.gov.tw/dataset/16481,downloaded,
generation_coal,Generation: Coal,發電量：燃煤,history,2023,119.1683,TWh,Taiwan (national),moeaea_generation_annual,"Energy Administration, 發電量年資料 (annual generation)",column 火力_燃煤_全國(統計數值),https://data.gov.tw/dataset/16481,downloaded,
generation_coal,Generation: Coal,發電量：燃煤,history,2024,113.31,TWh,Taiwan (national),moeaea_generation_annual,"Energy Administration, 發電量年資料 (annual generation)",column 火力_燃煤_全國(統計數值),https://data.gov.tw/dataset/16481,downloaded,
generation_coal,Generation: Coal,發電量：燃煤,history,2025,102.2371,TWh,Taiwan (national),moeaea_generation_annual,"Energy Administration, 發電量年資料 (annual generation)",column 火力_燃煤_全國(統計數值),https://data.gov.tw/dataset/16481,downloaded,
generation_forecast,"Generation, official growth rate applied",發電量（依官方成長率推估）,projection,2025,294.3055,TWh,Taiwan (national),derived_moea_growth,Derived by this project,"1.7%/yr: moea_psd_fy2024, Section 3.1(1), p. 7 (PDF p. 11); 2024 base: moeaea_generation_annual",,derived,Not published as such: the report's average growth rate applied to 2024 national generation
generation_forecast,"Generation, official growth rate applied",發電量（依官方成長率推估）,projection,2026,299.3087,TWh,Taiwan (national),derived_moea_growth,Derived by this project,"1.7%/yr: moea_psd_fy2024, Section 3.1(1), p. 7 (PDF p. 11); 2024 base: moeaea_generation_annual",,derived,Not published as such: the report's average growth rate applied to 2024 national generation
generation_forecast,"Generation, official growth rate applied",發電量（依官方成長率推估）,projection,2027,304.3969,TWh,Taiwan (national),derived_moea_growth,Derived by this project,"1.7%/yr: moea_psd_fy2024, Section 3.1(1), p. 7 (PDF p. 11); 2024 base: moeaea_generation_annual",,derived,Not published as such: the report's average growth rate applied to 2024 national generation
generation_forecast,"Generation, official growth rate applied",發電量（依官方成長率推估）,projection,2028,309.5717,TWh,Taiwan (national),derived_moea_growth,Derived by this project,"1.7%/yr: moea_psd_fy2024, Section 3.1(1), p. 7 (PDF p. 11); 2024 base: moeaea_generation_annual",,derived,Not published as such: the report's average growth rate applied to 2024 national generation
generation_forecast,"Generation, official growth rate applied",發電量（依官方成長率推估）,projection,2029,314.8344,TWh,Taiwan (national),derived_moea_growth,Derived by this project,"1.7%/yr: moea_psd_fy2024, Section 3.1(1), p. 7 (PDF p. 11); 2024 base: moeaea_generation_annual",,derived,Not published as such: the report's average growth rate applied to 2024 national generation
generation_forecast,"Generation, official growth rate applied",發電量（依官方成長率推估）,projection,2030,320.1866,TWh,Taiwan (national),derived_moea_growth,Derived by this project,"1.7%/yr: moea_psd_fy2024, Section 3.1(1), p. 7 (PDF p. 11); 2024 base: moeaea_generation_annual",,derived,Not published as such: the report's average growth rate applied to 2024 national generation
generation_forecast,"Generation, official growth rate applied",發電量（依官方成長率推估）,projection,2031,325.6298,TWh,Taiwan (national),derived_moea_growth,Derived by this project,"1.7%/yr: moea_psd_fy2024, Section 3.1(1), p. 7 (PDF p. 11); 2024 base: moeaea_generation_annual",,derived,Not published as such: the report's average growth rate applied to 2024 national generation
generation_forecast,"Generation, official growth rate applied",發電量（依官方成長率推估）,projection,2032,331.1655,TWh,Taiwan (national),derived_moea_growth,Derived by this project,"1.7%/yr: moea_psd_fy2024, Section 3.1(1), p. 7 (PDF p. 11); 2024 base: moeaea_generation_annual",,derived,Not published as such: the report's average growth rate applied to 2024 national generation
generation_forecast,"Generation, official growth rate applied",發電量（依官方成長率推估）,projection,2033,336.7953,TWh,Taiwan (national),derived_moea_growth,Derived by this project,"1.7%/yr: moea_psd_fy2024, Section 3.1(1), p. 7 (PDF p. 11); 2024 base: moeaea_generation_annual",,derived,Not published as such: the report's average growth rate applied to 2024 national generation
generation_forecast,"Generation, official growth rate applied",發電量（依官方成長率推估）,projection,2034,342.5208,TWh,Taiwan (national),derived_moea_growth,Derived by this project,"1.7%/yr: moea_psd_fy2024, Section 3.1(1), p. 7 (PDF p. 11); 2024 base: moeaea_generation_annual",,derived,Not published as such: the report's average growth rate applied to 2024 national generation
generation_gas,Generation: Gas,發電量：燃氣,history,2005,38.9158,TWh,Taiwan (national),moeaea_generation_annual,"Energy Administration, 發電量年資料 (annual generation)",column 火力_燃氣_全國(統計數值),https://data.gov.tw/dataset/16481,downloaded,
generation_gas,Generation: Gas,發電量：燃氣,history,2006,40.1097,TWh,Taiwan (national),moeaea_generation_annual,"Energy Administration, 發電量年資料 (annual generation)",column 火力_燃氣_全國(統計數值),https://data.gov.tw/dataset/16481,downloaded,
generation_gas,Generation: Gas,發電量：燃氣,history,2007,45.0332,TWh,Taiwan (national),moeaea_generation_annual,"Energy Administration, 發電量年資料 (annual generation)",column 火力_燃氣_全國(統計數值),https://data.gov.tw/dataset/16481,downloaded,
generation_gas,Generation: Gas,發電量：燃氣,history,2008,48.5118,TWh,Taiwan (national),moeaea_generation_annual,"Energy Administration, 發電量年資料 (annual generation)",column 火力_燃氣_全國(統計數值),https://data.gov.tw/dataset/16481,downloaded,
generation_gas,Generation: Gas,發電量：燃氣,history,2009,47.2806,TWh,Taiwan (national),moeaea_generation_annual,"Energy Administration, 發電量年資料 (annual generation)",column 火力_燃氣_全國(統計數值),https://data.gov.tw/dataset/16481,downloaded,
generation_gas,Generation: Gas,發電量：燃氣,history,2010,60.2459,TWh,Taiwan (national),moeaea_generation_annual,"Energy Administration, 發電量年資料 (annual generation)",column 火力_燃氣_全國(統計數值),https://data.gov.tw/dataset/16481,downloaded,
generation_gas,Generation: Gas,發電量：燃氣,history,2011,64.2056,TWh,Taiwan (national),moeaea_generation_annual,"Energy Administration, 發電量年資料 (annual generation)",column 火力_燃氣_全國(統計數值),https://data.gov.tw/dataset/16481,downloaded,
generation_gas,Generation: Gas,發電量：燃氣,history,2012,66.2921,TWh,Taiwan (national),moeaea_generation_annual,"Energy Administration, 發電量年資料 (annual generation)",column 火力_燃氣_全國(統計數值),https://data.gov.tw/dataset/16481,downloaded,
generation_gas,Generation: Gas,發電量：燃氣,history,2013,68.389,TWh,Taiwan (national),moeaea_generation_annual,"Energy Administration, 發電量年資料 (annual generation)",column 火力_燃氣_全國(統計數值),https://data.gov.tw/dataset/16481,downloaded,
generation_gas,Generation: Gas,發電量：燃氣,history,2014,73.0702,TWh,Taiwan (national),moeaea_generation_annual,"Energy Administration, 發電量年資料 (annual generation)",column 火力_燃氣_全國(統計數值),https://data.gov.tw/dataset/16481,downloaded,
generation_gas,Generation: Gas,發電量：燃氣,history,2015,79.009,TWh,Taiwan (national),moeaea_generation_annual,"Energy Administration, 發電量年資料 (annual generation)",column 火力_燃氣_全國(統計數值),https://data.gov.tw/dataset/16481,downloaded,
generation_gas,Generation: Gas,發電量：燃氣,history,2016,83.3036,TWh,Taiwan (national),moeaea_generation_annual,"Energy Administration, 發電量年資料 (annual generation)",column 火力_燃氣_全國(統計數值),https://data.gov.tw/dataset/16481,downloaded,
generation_gas,Generation: Gas,發電量：燃氣,history,2017,91.4417,TWh,Taiwan (national),moeaea_generation_annual,"Energy Administration, 發電量年資料 (annual generation)",column 火力_燃氣_全國(統計數值),https://data.gov.tw/dataset/16481,downloaded,
generation_gas,Generation: Gas,發電量：燃氣,history,2018,92.409,TWh,Taiwan (national),moeaea_generation_annual,"Energy Administration, 發電量年資料 (annual generation)",column 火力_燃氣_全國(統計數值),https://data.gov.tw/dataset/16481,downloaded,
generation_gas,Generation: Gas,發電量：燃氣,history,2019,91.1455,TWh,Taiwan (national),moeaea_generation_annual,"Energy Administration, 發電量年資料 (annual generation)",column 火力_燃氣_全國(統計數值),https://data.gov.tw/dataset/16481,downloaded,
generation_gas,Generation: Gas,發電量：燃氣,history,2020,99.8873,TWh,Taiwan (national),moeaea_generation_annual,"Energy Administration, 發電量年資料 (annual generation)",column 火力_燃氣_全國(統計數值),https://data.gov.tw/dataset/16481,downloaded,
generation_gas,Generation: Gas,發電量：燃氣,history,2021,108.3588,TWh,Taiwan (national),moeaea_generation_annual,"Energy Administration, 發電量年資料 (annual generation)",column 火力_燃氣_全國(統計數值),https://data.gov.tw/dataset/16481,downloaded,
generation_gas,Generation: Gas,發電量：燃氣,history,2022,112.0059,TWh,Taiwan (national),moeaea_generation_annual,"Energy Administration, 發電量年資料 (annual generation)",column 火力_燃氣_全國(統計數值),https://data.gov.tw/dataset/16481,downloaded,
generation_gas,Generation: Gas,發電量：燃氣,history,2023,111.6296,TWh,Taiwan (national),moeaea_generation_annual,"Energy Administration, 發電量年資料 (annual generation)",column 火力_燃氣_全國(統計數值),https://data.gov.tw/dataset/16481,downloaded,
generation_gas,Generation: Gas,發電量：燃氣,history,2024,122.5034,TWh,Taiwan (national),moeaea_generation_annual,"Energy Administration, 發電量年資料 (annual generation)",column 火力_燃氣_全國(統計數值),https://data.gov.tw/dataset/16481,downloaded,
generation_gas,Generation: Gas,發電量：燃氣,history,2025,138.1591,TWh,Taiwan (national),moeaea_generation_annual,"Energy Administration, 發電量年資料 (annual generation)",column 火力_燃氣_全國(統計數值),https://data.gov.tw/dataset/16481,downloaded,
generation_geothermal,Generation: Geothermal,發電量：地熱,history,2005,0.0,TWh,Taiwan (national),moeaea_generation_annual,"Energy Administration, 發電量年資料 (annual generation)",column 再生能源_地熱_全國(統計數值),https://data.gov.tw/dataset/16481,downloaded,
generation_geothermal,Generation: Geothermal,發電量：地熱,history,2006,0.0,TWh,Taiwan (national),moeaea_generation_annual,"Energy Administration, 發電量年資料 (annual generation)",column 再生能源_地熱_全國(統計數值),https://data.gov.tw/dataset/16481,downloaded,
generation_geothermal,Generation: Geothermal,發電量：地熱,history,2007,0.0,TWh,Taiwan (national),moeaea_generation_annual,"Energy Administration, 發電量年資料 (annual generation)",column 再生能源_地熱_全國(統計數值),https://data.gov.tw/dataset/16481,downloaded,
generation_geothermal,Generation: Geothermal,發電量：地熱,history,2008,0.0,TWh,Taiwan (national),moeaea_generation_annual,"Energy Administration, 發電量年資料 (annual generation)",column 再生能源_地熱_全國(統計數值),https://data.gov.tw/dataset/16481,downloaded,
generation_geothermal,Generation: Geothermal,發電量：地熱,history,2009,0.0,TWh,Taiwan (national),moeaea_generation_annual,"Energy Administration, 發電量年資料 (annual generation)",column 再生能源_地熱_全國(統計數值),https://data.gov.tw/dataset/16481,downloaded,
generation_geothermal,Generation: Geothermal,發電量：地熱,history,2010,0.0,TWh,Taiwan (national),moeaea_generation_annual,"Energy Administration, 發電量年資料 (annual generation)",column 再生能源_地熱_全國(統計數值),https://data.gov.tw/dataset/16481,downloaded,
generation_geothermal,Generation: Geothermal,發電量：地熱,history,2011,0.0,TWh,Taiwan (national),moeaea_generation_annual,"Energy Administration, 發電量年資料 (annual generation)",column 再生能源_地熱_全國(統計數值),https://data.gov.tw/dataset/16481,downloaded,
generation_geothermal,Generation: Geothermal,發電量：地熱,history,2012,0.0,TWh,Taiwan (national),moeaea_generation_annual,"Energy Administration, 發電量年資料 (annual generation)",column 再生能源_地熱_全國(統計數值),https://data.gov.tw/dataset/16481,downloaded,
generation_geothermal,Generation: Geothermal,發電量：地熱,history,2013,0.0,TWh,Taiwan (national),moeaea_generation_annual,"Energy Administration, 發電量年資料 (annual generation)",column 再生能源_地熱_全國(統計數值),https://data.gov.tw/dataset/16481,downloaded,
generation_geothermal,Generation: Geothermal,發電量：地熱,history,2014,0.0,TWh,Taiwan (national),moeaea_generation_annual,"Energy Administration, 發電量年資料 (annual generation)",column 再生能源_地熱_全國(統計數值),https://data.gov.tw/dataset/16481,downloaded,
generation_geothermal,Generation: Geothermal,發電量：地熱,history,2015,0.0,TWh,Taiwan (national),moeaea_generation_annual,"Energy Administration, 發電量年資料 (annual generation)",column 再生能源_地熱_全國(統計數值),https://data.gov.tw/dataset/16481,downloaded,
generation_geothermal,Generation: Geothermal,發電量：地熱,history,2016,0.0,TWh,Taiwan (national),moeaea_generation_annual,"Energy Administration, 發電量年資料 (annual generation)",column 再生能源_地熱_全國(統計數值),https://data.gov.tw/dataset/16481,downloaded,
generation_geothermal,Generation: Geothermal,發電量：地熱,history,2017,0.0,TWh,Taiwan (national),moeaea_generation_annual,"Energy Administration, 發電量年資料 (annual generation)",column 再生能源_地熱_全國(統計數值),https://data.gov.tw/dataset/16481,downloaded,
generation_geothermal,Generation: Geothermal,發電量：地熱,history,2018,0.0,TWh,Taiwan (national),moeaea_generation_annual,"Energy Administration, 發電量年資料 (annual generation)",column 再生能源_地熱_全國(統計數值),https://data.gov.tw/dataset/16481,downloaded,
generation_geothermal,Generation: Geothermal,發電量：地熱,history,2019,0.0008,TWh,Taiwan (national),moeaea_generation_annual,"Energy Administration, 發電量年資料 (annual generation)",column 再生能源_地熱_全國(統計數值),https://data.gov.tw/dataset/16481,downloaded,
generation_geothermal,Generation: Geothermal,發電量：地熱,history,2020,0.0019,TWh,Taiwan (national),moeaea_generation_annual,"Energy Administration, 發電量年資料 (annual generation)",column 再生能源_地熱_全國(統計數值),https://data.gov.tw/dataset/16481,downloaded,
generation_geothermal,Generation: Geothermal,發電量：地熱,history,2021,0.0091,TWh,Taiwan (national),moeaea_generation_annual,"Energy Administration, 發電量年資料 (annual generation)",column 再生能源_地熱_全國(統計數值),https://data.gov.tw/dataset/16481,downloaded,
generation_geothermal,Generation: Geothermal,發電量：地熱,history,2022,0.025,TWh,Taiwan (national),moeaea_generation_annual,"Energy Administration, 發電量年資料 (annual generation)",column 再生能源_地熱_全國(統計數值),https://data.gov.tw/dataset/16481,downloaded,
generation_geothermal,Generation: Geothermal,發電量：地熱,history,2023,0.0232,TWh,Taiwan (national),moeaea_generation_annual,"Energy Administration, 發電量年資料 (annual generation)",column 再生能源_地熱_全國(統計數值),https://data.gov.tw/dataset/16481,downloaded,
generation_geothermal,Generation: Geothermal,發電量：地熱,history,2024,0.0267,TWh,Taiwan (national),moeaea_generation_annual,"Energy Administration, 發電量年資料 (annual generation)",column 再生能源_地熱_全國(統計數值),https://data.gov.tw/dataset/16481,downloaded,
generation_geothermal,Generation: Geothermal,發電量：地熱,history,2025,0.0258,TWh,Taiwan (national),moeaea_generation_annual,"Energy Administration, 發電量年資料 (annual generation)",column 再生能源_地熱_全國(統計數值),https://data.gov.tw/dataset/16481,downloaded,
generation_hydro,Generation: Conventional hydro,發電量：慣常水力,history,2005,4.0714,TWh,Taiwan (national),moeaea_generation_annual,"Energy Administration, 發電量年資料 (annual generation)",column 再生能源_慣常水力_全國(統計數值),https://data.gov.tw/dataset/16481,downloaded,
generation_hydro,Generation: Conventional hydro,發電量：慣常水力,history,2006,4.0884,TWh,Taiwan (national),moeaea_generation_annual,"Energy Administration, 發電量年資料 (annual generation)",column 再生能源_慣常水力_全國(統計數值),https://data.gov.tw/dataset/16481,downloaded,
generation_hydro,Generation: Conventional hydro,發電量：慣常水力,history,2007,4.4175,TWh,Taiwan (national),moeaea_generation_annual,"Energy Administration, 發電量年資料 (annual generation)",column 再生能源_慣常水力_全國(統計數值),https://data.gov.tw/dataset/16481,downloaded,
generation_hydro,Generation: Conventional hydro,發電量：慣常水力,history,2008,4.3051,TWh,Taiwan (national),moeaea_generation_annual,"Energy Administration, 發電量年資料 (annual generation)",column 再生能源_慣常水力_全國(統計數值),https://data.gov.tw/dataset/16481,downloaded,
generation_hydro,Generation: Conventional hydro,發電量：慣常水力,history,2009,3.7483,TWh,Taiwan (national),moeaea_generation_annual,"Energy Administration, 發電量年資料 (annual generation)",column 再生能源_慣常水力_全國(統計數值),https://data.gov.tw/dataset/16481,downloaded,
generation_hydro,Generation: Conventional hydro,發電量：慣常水力,history,2010,4.1941,TWh,Taiwan (national),moeaea_generation_annual,"Energy Administration, 發電量年資料 (annual generation)",column 再生能源_慣常水力_全國(統計數值),https://data.gov.tw/dataset/16481,downloaded,
generation_hydro,Generation: Conventional hydro,發電量：慣常水力,history,2011,3.9997,TWh,Taiwan (national),moeaea_generation_annual,"Energy Administration, 發電量年資料 (annual generation)",column 再生能源_慣常水力_全國(統計數值),https://data.gov.tw/dataset/16481,downloaded,
generation_hydro,Generation: Conventional hydro,發電量：慣常水力,history,2012,5.6696,TWh,Taiwan (national),moeaea_generation_annual,"Energy Administration, 發電量年資料 (annual generation)",column 再生能源_慣常水力_全國(統計數值),https://data.gov.tw/dataset/16481,downloaded,
generation_hydro,Generation: Conventional hydro,發電量：慣常水力,history,2013,5.4229,TWh,Taiwan (national),moeaea_generation_annual,"Energy Administration, 發電量年資料 (annual generation)",column 再生能源_慣常水力_全國(統計數值),https://data.gov.tw/dataset/16481,downloaded,
generation_hydro,Generation: Conventional hydro,發電量：慣常水力,history,2014,4.3179,TWh,Taiwan (national),moeaea_generation_annual,"Energy Administration, 發電量年資料 (annual generation)",column 再生能源_慣常水力_全國(統計數值),https://data.gov.tw/dataset/16481,downloaded,
generation_hydro,Generation: Conventional hydro,發電量：慣常水力,history,2015,4.4701,TWh,Taiwan (national),moeaea_generation_annual,"Energy Administration, 發電量年資料 (annual generation)",column 再生能源_慣常水力_全國(統計數值),https://data.gov.tw/dataset/16481,downloaded,
generation_hydro,Generation: Conventional hydro,發電量：慣常水力,history,2016,6.562,TWh,Taiwan (national),moeaea_generation_annual,"Energy Administration, 發電量年資料 (annual generation)",column 再生能源_慣常水力_全國(統計數值),https://data.gov.tw/dataset/16481,downloaded,
generation_hydro,Generation: Conventional hydro,發電量：慣常水力,history,2017,5.4468,TWh,Taiwan (national),moeaea_generation_annual,"Energy Administration, 發電量年資料 (annual generation)",column 再生能源_慣常水力_全國(統計數值),https://data.gov.tw/dataset/16481,downloaded,
generation_hydro,Generation: Conventional hydro,發電量：慣常水力,history,2018,4.4816,TWh,Taiwan (national),moeaea_generation_annual,"Energy Administration, 發電量年資料 (annual generation)",column 再生能源_慣常水力_全國(統計數值),https://data.gov.tw/dataset/16481,downloaded,
generation_hydro,Generation: Conventional hydro,發電量：慣常水力,history,2019,5.5448,TWh,Taiwan (national),moeaea_generation_annual,"Energy Administration, 發電量年資料 (annual generation)",column 再生能源_慣常水力_全國(統計數值),https://data.gov.tw/dataset/16481,downloaded,
generation_hydro,Generation: Conventional hydro,發電量：慣常水力,history,2020,3.0192,TWh,Taiwan (national),moeaea_generation_annual,"Energy Administration, 發電量年資料 (annual generation)",column 再生能源_慣常水力_全國(統計數值),https://data.gov.tw/dataset/16481,downloaded,
generation_hydro,Generation: Conventional hydro,發電量：慣常水力,history,2021,3.4747,TWh,Taiwan (national),moeaea_generation_annual,"Energy Administration, 發電量年資料 (annual generation)",column 再生能源_慣常水力_全國(統計數值),https://data.gov.tw/dataset/16481,downloaded,
generation_hydro,Generation: Conventional hydro,發電量：慣常水力,history,2022,5.8365,TWh,Taiwan (national),moeaea_generation_annual,"Energy Administration, 發電量年資料 (annual generation)",column 再生能源_慣常水力_全國(統計數值),https://data.gov.tw/dataset/16481,downloaded,
generation_hydro,Generation: Conventional hydro,發電量：慣常水力,history,2023,3.9639,TWh,Taiwan (national),moeaea_generation_annual,"Energy Administration, 發電量年資料 (annual generation)",column 再生能源_慣常水力_全國(統計數值),https://data.gov.tw/dataset/16481,downloaded,
generation_hydro,Generation: Conventional hydro,發電量：慣常水力,history,2024,4.2106,TWh,Taiwan (national),moeaea_generation_annual,"Energy Administration, 發電量年資料 (annual generation)",column 再生能源_慣常水力_全國(統計數值),https://data.gov.tw/dataset/16481,downloaded,
generation_hydro,Generation: Conventional hydro,發電量：慣常水力,history,2025,5.5061,TWh,Taiwan (national),moeaea_generation_annual,"Energy Administration, 發電量年資料 (annual generation)",column 再生能源_慣常水力_全國(統計數值),https://data.gov.tw/dataset/16481,downloaded,
generation_nuclear,Generation: Nuclear,發電量：核能,history,2005,39.972,TWh,Taiwan (national),moeaea_generation_annual,"Energy Administration, 發電量年資料 (annual generation)",column 核能_全國(統計數值),https://data.gov.tw/dataset/16481,downloaded,
generation_nuclear,Generation: Nuclear,發電量：核能,history,2006,39.8705,TWh,Taiwan (national),moeaea_generation_annual,"Energy Administration, 發電量年資料 (annual generation)",column 核能_全國(統計數值),https://data.gov.tw/dataset/16481,downloaded,
generation_nuclear,Generation: Nuclear,發電量：核能,history,2007,40.5392,TWh,Taiwan (national),moeaea_generation_annual,"Energy Administration, 發電量年資料 (annual generation)",column 核能_全國(統計數值),https://data.gov.tw/dataset/16481,downloaded,
generation_nuclear,Generation: Nuclear,發電量：核能,history,2008,40.8269,TWh,Taiwan (national),moeaea_generation_annual,"Energy Administration, 發電量年資料 (annual generation)",column 核能_全國(統計數值),https://data.gov.tw/dataset/16481,downloaded,
generation_nuclear,Generation: Nuclear,發電量：核能,history,2009,41.5711,TWh,Taiwan (national),moeaea_generation_annual,"Energy Administration, 發電量年資料 (annual generation)",column 核能_全國(統計數值),https://data.gov.tw/dataset/16481,downloaded,
generation_nuclear,Generation: Nuclear,發電量：核能,history,2010,41.6287,TWh,Taiwan (national),moeaea_generation_annual,"Energy Administration, 發電量年資料 (annual generation)",column 核能_全國(統計數值),https://data.gov.tw/dataset/16481,downloaded,
generation_nuclear,Generation: Nuclear,發電量：核能,history,2011,42.1165,TWh,Taiwan (national),moeaea_generation_annual,"Energy Administration, 發電量年資料 (annual generation)",column 核能_全國(統計數值),https://data.gov.tw/dataset/16481,downloaded,
generation_nuclear,Generation: Nuclear,發電量：核能,history,2012,40.4217,TWh,Taiwan (national),moeaea_generation_annual,"Energy Administration, 發電量年資料 (annual generation)",column 核能_全國(統計數值),https://data.gov.tw/dataset/16481,downloaded,
generation_nuclear,Generation: Nuclear,發電量：核能,history,2013,41.6394,TWh,Taiwan (national),moeaea_generation_annual,"Energy Administration, 發電量年資料 (annual generation)",column 核能_全國(統計數值),https://data.gov.tw/dataset/16481,downloaded,
generation_nuclear,Generation: Nuclear,發電量：核能,history,2014,42.389,TWh,Taiwan (national),moeaea_generation_annual,"Energy Administration, 發電量年資料 (annual generation)",column 核能_全國(統計數值),https://data.gov.tw/dataset/16481,downloaded,
generation_nuclear,Generation: Nuclear,發電量：核能,history,2015,36.4711,TWh,Taiwan (national),moeaea_generation_annual,"Energy Administration, 發電量年資料 (annual generation)",column 核能_全國(統計數值),https://data.gov.tw/dataset/16481,downloaded,
generation_nuclear,Generation: Nuclear,發電量：核能,history,2016,31.6614,TWh,Taiwan (national),moeaea_generation_annual,"Energy Administration, 發電量年資料 (annual generation)",column 核能_全國(統計數值),https://data.gov.tw/dataset/16481,downloaded,
generation_nuclear,Generation: Nuclear,發電量：核能,history,2017,22.4455,TWh,Taiwan (national),moeaea_generation_annual,"Energy Administration, 發電量年資料 (annual generation)",column 核能_全國(統計數值),https://data.gov.tw/dataset/16481,downloaded,
generation_nuclear,Generation: Nuclear,發電量：核能,history,2018,27.6783,TWh,Taiwan (national),moeaea_generation_annual,"Energy Administration, 發電量年資料 (annual generation)",column 核能_全國(統計數值),https://data.gov.tw/dataset/16481,downloaded,
generation_nuclear,Generation: Nuclear,發電量：核能,history,2019,32.3234,TWh,Taiwan (national),moeaea_generation_annual,"Energy Administration, 發電量年資料 (annual generation)",column 核能_全國(統計數值),https://data.gov.tw/dataset/16481,downloaded,
generation_nuclear,Generation: Nuclear,發電量：核能,history,2020,31.4402,TWh,Taiwan (national),moeaea_generation_annual,"Energy Administration, 發電量年資料 (annual generation)",column 核能_全國(統計數值),https://data.gov.tw/dataset/16481,downloaded,
generation_nuclear,Generation: Nuclear,發電量：核能,history,2021,27.7879,TWh,Taiwan (national),moeaea_generation_annual,"Energy Administration, 發電量年資料 (annual generation)",column 核能_全國(統計數值),https://data.gov.tw/dataset/16481,downloaded,
generation_nuclear,Generation: Nuclear,發電量：核能,history,2022,23.7548,TWh,Taiwan (national),moeaea_generation_annual,"Energy Administration, 發電量年資料 (annual generation)",column 核能_全國(統計數值),https://data.gov.tw/dataset/16481,downloaded,
generation_nuclear,Generation: Nuclear,發電量：核能,history,2023,17.802,TWh,Taiwan (national),moeaea_generation_annual,"Energy Administration, 發電量年資料 (annual generation)",column 核能_全國(統計數值),https://data.gov.tw/dataset/16481,downloaded,
generation_nuclear,Generation: Nuclear,發電量：核能,history,2024,12.1803,TWh,Taiwan (national),moeaea_generation_annual,"Energy Administration, 發電量年資料 (annual generation)",column 核能_全國(統計數值),https://data.gov.tw/dataset/16481,downloaded,
generation_nuclear,Generation: Nuclear,發電量：核能,history,2025,3.2374,TWh,Taiwan (national),moeaea_generation_annual,"Energy Administration, 發電量年資料 (annual generation)",column 核能_全國(統計數值),https://data.gov.tw/dataset/16481,downloaded,
generation_oil,Generation: Oil,發電量：燃油,history,2005,17.2008,TWh,Taiwan (national),moeaea_generation_annual,"Energy Administration, 發電量年資料 (annual generation)",column 火力_燃油_全國(統計數值),https://data.gov.tw/dataset/16481,downloaded,
generation_oil,Generation: Oil,發電量：燃油,history,2006,19.8466,TWh,Taiwan (national),moeaea_generation_annual,"Energy Administration, 發電量年資料 (annual generation)",column 火力_燃油_全國(統計數值),https://data.gov.tw/dataset/16481,downloaded,
generation_oil,Generation: Oil,發電量：燃油,history,2007,16.8239,TWh,Taiwan (national),moeaea_generation_annual,"Energy Administration, 發電量年資料 (annual generation)",column 火力_燃油_全國(統計數值),https://data.gov.tw/dataset/16481,downloaded,
generation_oil,Generation: Oil,發電量：燃油,history,2008,15.0387,TWh,Taiwan (national),moeaea_generation_annual,"Energy Administration, 發電量年資料 (annual generation)",column 火力_燃油_全國(統計數值),https://data.gov.tw/dataset/16481,downloaded,
generation_oil,Generation: Oil,發電量：燃油,history,2009,9.4028,TWh,Taiwan (national),moeaea_generation_annual,"Energy Administration, 發電量年資料 (annual generation)",column 火力_燃油_全國(統計數值),https://data.gov.tw/dataset/16481,downloaded,
generation_oil,Generation: Oil,發電量：燃油,history,2010,11.1308,TWh,Taiwan (national),moeaea_generation_annual,"Energy Administration, 發電量年資料 (annual generation)",column 火力_燃油_全國(統計數值),https://data.gov.tw/dataset/16481,downloaded,
generation_oil,Generation: Oil,發電量：燃油,history,2011,9.4878,TWh,Taiwan (national),moeaea_generation_annual,"Energy Administration, 發電量年資料 (annual generation)",column 火力_燃油_全國(統計數值),https://data.gov.tw/dataset/16481,downloaded,
generation_oil,Generation: Oil,發電量：燃油,history,2012,7.6232,TWh,Taiwan (national),moeaea_generation_annual,"Energy Administration, 發電量年資料 (annual generation)",column 火力_燃油_全國(統計數值),https://data.gov.tw/dataset/16481,downloaded,
generation_oil,Generation: Oil,發電量：燃油,history,2013,6.8181,TWh,Taiwan (national),moeaea_generation_annual,"Energy Administration, 發電量年資料 (annual generation)",column 火力_燃油_全國(統計數值),https://data.gov.tw/dataset/16481,downloaded,
generation_oil,Generation: Oil,發電量：燃油,history,2014,8.0139,TWh,Taiwan (national),moeaea_generation_annual,"Energy Administration, 發電量年資料 (annual generation)",column 火力_燃油_全國(統計數值),https://data.gov.tw/dataset/16481,downloaded,
generation_oil,Generation: Oil,發電量：燃油,history,2015,11.9892,TWh,Taiwan (national),moeaea_generation_annual,"Energy Administration, 發電量年資料 (annual generation)",column 火力_燃油_全國(統計數值),https://data.gov.tw/dataset/16481,downloaded,
generation_oil,Generation: Oil,發電量：燃油,history,2016,11.8913,TWh,Taiwan (national),moeaea_generation_annual,"Energy Administration, 發電量年資料 (annual generation)",column 火力_燃油_全國(統計數值),https://data.gov.tw/dataset/16481,downloaded,
generation_oil,Generation: Oil,發電量：燃油,history,2017,12.7167,TWh,Taiwan (national),moeaea_generation_annual,"Energy Administration, 發電量年資料 (annual generation)",column 火力_燃油_全國(統計數值),https://data.gov.tw/dataset/16481,downloaded,
generation_oil,Generation: Oil,發電量：燃油,history,2018,8.1714,TWh,Taiwan (national),moeaea_generation_annual,"Energy Administration, 發電量年資料 (annual generation)",column 火力_燃油_全國(統計數值),https://data.gov.tw/dataset/16481,downloaded,
generation_oil,Generation: Oil,發電量：燃油,history,2019,5.8496,TWh,Taiwan (national),moeaea_generation_annual,"Energy Administration, 發電量年資料 (annual generation)",column 火力_燃油_全國(統計數值),https://data.gov.tw/dataset/16481,downloaded,
generation_oil,Generation: Oil,發電量：燃油,history,2020,4.4196,TWh,Taiwan (national),moeaea_generation_annual,"Energy Administration, 發電量年資料 (annual generation)",column 火力_燃油_全國(統計數值),https://data.gov.tw/dataset/16481,downloaded,
generation_oil,Generation: Oil,發電量：燃油,history,2021,5.3311,TWh,Taiwan (national),moeaea_generation_annual,"Energy Administration, 發電量年資料 (annual generation)",column 火力_燃油_全國(統計數值),https://data.gov.tw/dataset/16481,downloaded,
generation_oil,Generation: Oil,發電量：燃油,history,2022,4.4495,TWh,Taiwan (national),moeaea_generation_annual,"Energy Administration, 發電量年資料 (annual generation)",column 火力_燃油_全國(統計數值),https://data.gov.tw/dataset/16481,downloaded,
generation_oil,Generation: Oil,發電量：燃油,history,2023,3.7761,TWh,Taiwan (national),moeaea_generation_annual,"Energy Administration, 發電量年資料 (annual generation)",column 火力_燃油_全國(統計數值),https://data.gov.tw/dataset/16481,downloaded,
generation_oil,Generation: Oil,發電量：燃油,history,2024,4.1878,TWh,Taiwan (national),moeaea_generation_annual,"Energy Administration, 發電量年資料 (annual generation)",column 火力_燃油_全國(統計數值),https://data.gov.tw/dataset/16481,downloaded,
generation_oil,Generation: Oil,發電量：燃油,history,2025,4.3722,TWh,Taiwan (national),moeaea_generation_annual,"Energy Administration, 發電量年資料 (annual generation)",column 火力_燃油_全國(統計數值),https://data.gov.tw/dataset/16481,downloaded,
generation_pumped_storage,Generation: Pumped storage,發電量：抽蓄水力,history,2005,3.8385,TWh,Taiwan (national),moeaea_generation_annual,"Energy Administration, 發電量年資料 (annual generation)",column 抽蓄水力_全國(統計數值),https://data.gov.tw/dataset/16481,downloaded,
generation_pumped_storage,Generation: Pumped storage,發電量：抽蓄水力,history,2006,3.9107,TWh,Taiwan (national),moeaea_generation_annual,"Energy Administration, 發電量年資料 (annual generation)",column 抽蓄水力_全國(統計數值),https://data.gov.tw/dataset/16481,downloaded,
generation_pumped_storage,Generation: Pumped storage,發電量：抽蓄水力,history,2007,3.9327,TWh,Taiwan (national),moeaea_generation_annual,"Energy Administration, 發電量年資料 (annual generation)",column 抽蓄水力_全國(統計數值),https://data.gov.tw/dataset/16481,downloaded,
generation_pumped_storage,Generation: Pumped storage,發電量：抽蓄水力,history,2008,3.4672,TWh,Taiwan (national),moeaea_generation_annual,"Energy Administration, 發電量年資料 (annual generation)",column 抽蓄水力_全國(統計數值),https://data.gov.tw/dataset/16481,downloaded,
generation_pumped_storage,Generation: Pumped storage,發電量：抽蓄水力,history,2009,3.3051,TWh,Taiwan (national),moeaea_generation_annual,"Energy Administration, 發電量年資料 (annual generation)",column 抽蓄水力_全國(統計數值),https://data.gov.tw/dataset/16481,downloaded,
generation_pumped_storage,Generation: Pumped storage,發電量：抽蓄水力,history,2010,3.061,TWh,Taiwan (national),moeaea_generation_annual,"Energy Administration, 發電量年資料 (annual generation)",column 抽蓄水力_全國(統計數值),https://data.gov.tw/dataset/16481,downloaded,
generation_pumped_storage,Generation: Pumped storage,發電量：抽蓄水力,history,2011,2.9021,TWh,Taiwan (national),moeaea_generation_annual,"Energy Administration, 發電量年資料 (annual generation)",column 抽蓄水力_全國(統計數值),https://data.gov.tw/dataset/16481,downloaded,
generation_pumped_storage,Generation: Pumped storage,發電量：抽蓄水力,history,2012,2.9369,TWh,Taiwan (national),moeaea_generation_annual,"Energy Administration, 發電量年資料 (annual generation)",column 抽蓄水力_全國(統計數值),https://data.gov.tw/dataset/16481,downloaded,
generation_pumped_storage,Generation: Pumped storage,發電量：抽蓄水力,history,2013,3.1871,TWh,Taiwan (national),moeaea_generation_annual,"Energy Administration, 發電量年資料 (annual generation)",column 抽蓄水力_全國(統計數值),https://data.gov.tw/dataset/16481,downloaded,
generation_pumped_storage,Generation: Pumped storage,發電量：抽蓄水力,history,2014,3.1212,TWh,Taiwan (national),moeaea_generation_annual,"Energy Administration, 發電量年資料 (annual generation)",column 抽蓄水力_全國(統計數值),https://data.gov.tw/dataset/16481,downloaded,
generation_pumped_storage,Generation: Pumped storage,發電量：抽蓄水力,history,2015,3.035,TWh,Taiwan (national),moeaea_generation_annual,"Energy Administration, 發電量年資料 (annual generation)",column 抽蓄水力_全國(統計數值),https://data.gov.tw/dataset/16481,downloaded,
generation_pumped_storage,Generation: Pumped storage,發電量：抽蓄水力,history,2016,3.2937,TWh,Taiwan (national),moeaea_generation_annual,"Energy Administration, 發電量年資料 (annual generation)",column 抽蓄水力_全國(統計數值),https://data.gov.tw/dataset/16481,downloaded,
generation_pumped_storage,Generation: Pumped storage,發電量：抽蓄水力,history,2017,3.3337,TWh,Taiwan (national),moeaea_generation_annual,"Energy Administration, 發電量年資料 (annual generation)",column 抽蓄水力_全國(統計數值),https://data.gov.tw/dataset/16481,downloaded,
generation_pumped_storage,Generation: Pumped storage,發電量：抽蓄水力,history,2018,3.3708,TWh,Taiwan (national),moeaea_generation_annual,"Energy Administration, 發電量年資料 (annual generation)",column 抽蓄水力_全國(統計數值),https://data.gov.tw/dataset/16481,downloaded,
generation_pumped_storage,Generation: Pumped storage,發電量：抽蓄水力,history,2019,3.2081,TWh,Taiwan (national),moeaea_generation_annual,"Energy Administration, 發電量年資料 (annual generation)",column 抽蓄水力_全國(統計數值),https://data.gov.tw/dataset/16481,downloaded,
generation_pumped_storage,Generation: Pumped storage,發電量：抽蓄水力,history,2020,3.1589,TWh,Taiwan (national),moeaea_generation_annual,"Energy Administration, 發電量年資料 (annual generation)",column 抽蓄水力_全國(統計數值),https://data.gov.tw/dataset/16481,downloaded,
generation_pumped_storage,Generation: Pumped storage,發電量：抽蓄水力,history,2021,3.184,TWh,Taiwan (national),moeaea_generation_annual,"Energy Administration, 發電量年資料 (annual generation)",column 抽蓄水力_全國(統計數值),https://data.gov.tw/dataset/16481,downloaded,
generation_pumped_storage,Generation: Pumped storage,發電量：抽蓄水力,history,2022,3.0622,TWh,Taiwan (national),moeaea_generation_annual,"Energy Administration, 發電量年資料 (annual generation)",column 抽蓄水力_全國(統計數值),https://data.gov.tw/dataset/16481,downloaded,
generation_pumped_storage,Generation: Pumped storage,發電量：抽蓄水力,history,2023,3.0511,TWh,Taiwan (national),moeaea_generation_annual,"Energy Administration, 發電量年資料 (annual generation)",column 抽蓄水力_全國(統計數值),https://data.gov.tw/dataset/16481,downloaded,
generation_pumped_storage,Generation: Pumped storage,發電量：抽蓄水力,history,2024,3.0753,TWh,Taiwan (national),moeaea_generation_annual,"Energy Administration, 發電量年資料 (annual generation)",column 抽蓄水力_全國(統計數值),https://data.gov.tw/dataset/16481,downloaded,
generation_pumped_storage,Generation: Pumped storage,發電量：抽蓄水力,history,2025,3.1022,TWh,Taiwan (national),moeaea_generation_annual,"Energy Administration, 發電量年資料 (annual generation)",column 抽蓄水力_全國(統計數值),https://data.gov.tw/dataset/16481,downloaded,
generation_solar,Generation: Solar PV,發電量：太陽光電,history,2005,0.001,TWh,Taiwan (national),moeaea_generation_annual,"Energy Administration, 發電量年資料 (annual generation)",column 再生能源_太陽光電_全國(統計數值),https://data.gov.tw/dataset/16481,downloaded,
generation_solar,Generation: Solar PV,發電量：太陽光電,history,2006,0.0015,TWh,Taiwan (national),moeaea_generation_annual,"Energy Administration, 發電量年資料 (annual generation)",column 再生能源_太陽光電_全國(統計數值),https://data.gov.tw/dataset/16481,downloaded,
generation_solar,Generation: Solar PV,發電量：太陽光電,history,2007,0.0022,TWh,Taiwan (national),moeaea_generation_annual,"Energy Administration, 發電量年資料 (annual generation)",column 再生能源_太陽光電_全國(統計數值),https://data.gov.tw/dataset/16481,downloaded,
generation_solar,Generation: Solar PV,發電量：太陽光電,history,2008,0.0045,TWh,Taiwan (national),moeaea_generation_annual,"Energy Administration, 發電量年資料 (annual generation)",column 再生能源_太陽光電_全國(統計數值),https://data.gov.tw/dataset/16481,downloaded,
generation_solar,Generation: Solar PV,發電量：太陽光電,history,2009,0.0091,TWh,Taiwan (national),moeaea_generation_annual,"Energy Administration, 發電量年資料 (annual generation)",column 再生能源_太陽光電_全國(統計數值),https://data.gov.tw/dataset/16481,downloaded,
generation_solar,Generation: Solar PV,發電量：太陽光電,history,2010,0.0217,TWh,Taiwan (national),moeaea_generation_annual,"Energy Administration, 發電量年資料 (annual generation)",column 再生能源_太陽光電_全國(統計數值),https://data.gov.tw/dataset/16481,downloaded,
generation_solar,Generation: Solar PV,發電量：太陽光電,history,2011,0.0616,TWh,Taiwan (national),moeaea_generation_annual,"Energy Administration, 發電量年資料 (annual generation)",column 再生能源_太陽光電_全國(統計數值),https://data.gov.tw/dataset/16481,downloaded,
generation_solar,Generation: Solar PV,發電量：太陽光電,history,2012,0.1599,TWh,Taiwan (national),moeaea_generation_annual,"Energy Administration, 發電量年資料 (annual generation)",column 再生能源_太陽光電_全國(統計數值),https://data.gov.tw/dataset/16481,downloaded,
generation_solar,Generation: Solar PV,發電量：太陽光電,history,2013,0.3211,TWh,Taiwan (national),moeaea_generation_annual,"Energy Administration, 發電量年資料 (annual generation)",column 再生能源_太陽光電_全國(統計數值),https://data.gov.tw/dataset/16481,downloaded,
generation_solar,Generation: Solar PV,發電量：太陽光電,history,2014,0.5288,TWh,Taiwan (national),moeaea_generation_annual,"Energy Administration, 發電量年資料 (annual generation)",column 再生能源_太陽光電_全國(統計數值),https://data.gov.tw/dataset/16481,downloaded,
generation_solar,Generation: Solar PV,發電量：太陽光電,history,2015,0.8503,TWh,Taiwan (national),moeaea_generation_annual,"Energy Administration, 發電量年資料 (annual generation)",column 再生能源_太陽光電_全國(統計數值),https://data.gov.tw/dataset/16481,downloaded,
generation_solar,Generation: Solar PV,發電量：太陽光電,history,2016,1.109,TWh,Taiwan (national),moeaea_generation_annual,"Energy Administration, 發電量年資料 (annual generation)",column 再生能源_太陽光電_全國(統計數值),https://data.gov.tw/dataset/16481,downloaded,
generation_solar,Generation: Solar PV,發電量：太陽光電,history,2017,1.6675,TWh,Taiwan (national),moeaea_generation_annual,"Energy Administration, 發電量年資料 (annual generation)",column 再生能源_太陽光電_全國(統計數值),https://data.gov.tw/dataset/16481,downloaded,
generation_solar,Generation: Solar PV,發電量：太陽光電,history,2018,2.6616,TWh,Taiwan (national),moeaea_generation_annual,"Energy Administration, 發電量年資料 (annual generation)",column 再生能源_太陽光電_全國(統計數值),https://data.gov.tw/dataset/16481,downloaded,
generation_solar,Generation: Solar PV,發電量：太陽光電,history,2019,3.9647,TWh,Taiwan (national),moeaea_generation_annual,"Energy Administration, 發電量年資料 (annual generation)",column 再生能源_太陽光電_全國(統計數值),https://data.gov.tw/dataset/16481,downloaded,
generation_solar,Generation: Solar PV,發電量：太陽光電,history,2020,6.2474,TWh,Taiwan (national),moeaea_generation_annual,"Energy Administration, 發電量年資料 (annual generation)",column 再生能源_太陽光電_全國(統計數值),https://data.gov.tw/dataset/16481,downloaded,
generation_solar,Generation: Solar PV,發電量：太陽光電,history,2021,8.351,TWh,Taiwan (national),moeaea_generation_annual,"Energy Administration, 發電量年資料 (annual generation)",column 再生能源_太陽光電_全國(統計數值),https://data.gov.tw/dataset/16481,downloaded,
generation_solar,Generation: Solar PV,發電量：太陽光電,history,2022,10.8988,TWh,Taiwan (national),moeaea_generation_annual,"Energy Administration, 發電量年資料 (annual generation)",column 再生能源_太陽光電_全國(統計數值),https://data.gov.tw/dataset/16481,downloaded,
generation_solar,Generation: Solar PV,發電量：太陽光電,history,2023,13.3404,TWh,Taiwan (national),moeaea_generation_annual,"Energy Administration, 發電量年資料 (annual generation)",column 再生能源_太陽光電_全國(統計數值),https://data.gov.tw/dataset/16481,downloaded,
generation_solar,Generation: Solar PV,發電量：太陽光電,history,2024,15.4986,TWh,Taiwan (national),moeaea_generation_annual,"Energy Administration, 發電量年資料 (annual generation)",column 再生能源_太陽光電_全國(統計數值),https://data.gov.tw/dataset/16481,downloaded,
generation_solar,Generation: Solar PV,發電量：太陽光電,history,2025,16.7392,TWh,Taiwan (national),moeaea_generation_annual,"Energy Administration, 發電量年資料 (annual generation)",column 再生能源_太陽光電_全國(統計數值),https://data.gov.tw/dataset/16481,downloaded,
generation_taipower_ipp,"Generation, Taipower + IPPs",台電及民營電廠發電量,history,2005,185.031,TWh,Taipower system,moeaea_generation_annual,"Energy Administration, 發電量年資料 (annual generation)",columns 總發電量_台電 + 總發電量_民營電廠 (統計數值),https://data.gov.tw/dataset/16481,downloaded,Taipower-owned plus independent power producers; excludes power bought from self-generators
generation_taipower_ipp,"Generation, Taipower + IPPs",台電及民營電廠發電量,history,2006,193.1986,TWh,Taipower system,moeaea_generation_annual,"Energy Administration, 發電量年資料 (annual generation)",columns 總發電量_台電 + 總發電量_民營電廠 (統計數值),https://data.gov.tw/dataset/16481,downloaded,Taipower-owned plus independent power producers; excludes power bought from self-generators
generation_taipower_ipp,"Generation, Taipower + IPPs",台電及民營電廠發電量,history,2007,198.7961,TWh,Taipower system,moeaea_generation_annual,"Energy Administration, 發電量年資料 (annual generation)",columns 總發電量_台電 + 總發電量_民營電廠 (統計數值),https://data.gov.tw/dataset/16481,downloaded,Taipower-owned plus independent power producers; excludes power bought from self-generators
generation_taipower_ipp,"Generation, Taipower + IPPs",台電及民營電廠發電量,history,2008,198.9757,TWh,Taipower system,moeaea_generation_annual,"Energy Administration, 發電量年資料 (annual generation)",columns 總發電量_台電 + 總發電量_民營電廠 (統計數值),https://data.gov.tw/dataset/16481,downloaded,Taipower-owned plus independent power producers; excludes power bought from self-generators
generation_taipower_ipp,"Generation, Taipower + IPPs",台電及民營電廠發電量,history,2009,190.302,TWh,Taipower system,moeaea_generation_annual,"Energy Administration, 發電量年資料 (annual generation)",columns 總發電量_台電 + 總發電量_民營電廠 (統計數值),https://data.gov.tw/dataset/16481,downloaded,Taipower-owned plus independent power producers; excludes power bought from self-generators
generation_taipower_ipp,"Generation, Taipower + IPPs",台電及民營電廠發電量,history,2010,206.4314,TWh,Taipower system,moeaea_generation_annual,"Energy Administration, 發電量年資料 (annual generation)",columns 總發電量_台電 + 總發電量_民營電廠 (統計數值),https://data.gov.tw/dataset/16481,downloaded,Taipower-owned plus independent power producers; excludes power bought from self-generators
generation_taipower_ipp,"Generation, Taipower + IPPs",台電及民營電廠發電量,history,2011,212.3472,TWh,Taipower system,moeaea_generation_annual,"Energy Administration, 發電量年資料 (annual generation)",columns 總發電量_台電 + 總發電量_民營電廠 (統計數值),https://data.gov.tw/dataset/16481,downloaded,Taipower-owned plus independent power producers; excludes power bought from self-generators
generation_taipower_ipp,"Generation, Taipower + IPPs",台電及民營電廠發電量,history,2012,212.8091,TWh,Taipower system,moeaea_generation_annual,"Energy Administration, 發電量年資料 (annual generation)",columns 總發電量_台電 + 總發電量_民營電廠 (統計數值),https://data.gov.tw/dataset/16481,downloaded,Taipower-owned plus independent power producers; excludes power bought from self-generators
generation_taipower_ipp,"Generation, Taipower + IPPs",台電及民營電廠發電量,history,2013,211.8098,TWh,Taipower system,moeaea_generation_annual,"Energy Administration, 發電量年資料 (annual generation)",columns 總發電量_台電 + 總發電量_民營電廠 (統計數值),https://data.gov.tw/dataset/16481,downloaded,Taipower-owned plus independent power producers; excludes power bought from self-generators
generation_taipower_ipp,"Generation, Taipower + IPPs",台電及民營電廠發電量,history,2014,217.7213,TWh,Taipower system,moeaea_generation_annual,"Energy Administration, 發電量年資料 (annual generation)",columns 總發電量_台電 + 總發電量_民營電廠 (統計數值),https://data.gov.tw/dataset/16481,downloaded,Taipower-owned plus independent power producers; excludes power bought from self-generators
generation_taipower_ipp,"Generation, Taipower + IPPs",台電及民營電廠發電量,history,2015,217.997,TWh,Taipower system,moeaea_generation_annual,"Energy Administration, 發電量年資料 (annual generation)",columns 總發電量_台電 + 總發電量_民營電廠 (統計數值),https://data.gov.tw/dataset/16481,downloaded,Taipower-owned plus independent power producers; excludes power bought from self-generators
generation_taipower_ipp,"Generation, Taipower + IPPs",台電及民營電廠發電量,history,2016,224.5716,TWh,Taipower system,moeaea_generation_annual,"Energy Administration, 發電量年資料 (annual generation)",columns 總發電量_台電 + 總發電量_民營電廠 (統計數值),https://data.gov.tw/dataset/16481,downloaded,Taipower-owned plus independent power producers; excludes power bought from self-generators
generation_taipower_ipp,"Generation, Taipower + IPPs",台電及民營電廠發電量,history,2017,231.411,TWh,Taipower system,moeaea_generation_annual,"Energy Administration, 發電量年資料 (annual generation)",columns 總發電量_台電 + 總發電量_民營電廠 (統計數值),https://data.gov.tw/dataset/16481,downloaded,Taipower-owned plus independent power producers; excludes power bought from self-generators
generation_taipower_ipp,"Generation, Taipower + IPPs",台電及民營電廠發電量,history,2018,231.9783,TWh,Taipower system,moeaea_generation_annual,"Energy Administration, 發電量年資料 (annual generation)",columns 總發電量_台電 + 總發電量_民營電廠 (統計數值),https://data.gov.tw/dataset/16481,downloaded,Taipower-owned plus independent power producers; excludes power bought from self-generators
generation_taipower_ipp,"Generation, Taipower + IPPs",台電及民營電廠發電量,history,2019,230.525,TWh,Taipower system,moeaea_generation_annual,"Energy Administration, 發電量年資料 (annual generation)",columns 總發電量_台電 + 總發電量_民營電廠 (統計數值),https://data.gov.tw/dataset/16481,downloaded,Taipower-owned plus independent power producers; excludes power bought from self-generators
generation_taipower_ipp,"Generation, Taipower + IPPs",台電及民營電廠發電量,history,2020,235.9501,TWh,Taipower system,moeaea_generation_annual,"Energy Administration, 發電量年資料 (annual generation)",columns 總發電量_台電 + 總發電量_民營電廠 (統計數值),https://data.gov.tw/dataset/16481,downloaded,Taipower-owned plus independent power producers; excludes power bought from self-generators
generation_taipower_ipp,"Generation, Taipower + IPPs",台電及民營電廠發電量,history,2021,244.4358,TWh,Taipower system,moeaea_generation_annual,"Energy Administration, 發電量年資料 (annual generation)",columns 總發電量_台電 + 總發電量_民營電廠 (統計數值),https://data.gov.tw/dataset/16481,downloaded,Taipower-owned plus independent power producers; excludes power bought from self-generators
generation_taipower_ipp,"Generation, Taipower + IPPs",台電及民營電廠發電量,history,2022,246.6596,TWh,Taipower system,moeaea_generation_annual,"Energy Administration, 發電量年資料 (annual generation)",columns 總發電量_台電 + 總發電量_民營電廠 (統計數值),https://data.gov.tw/dataset/16481,downloaded,Taipower-owned plus independent power producers; excludes power bought from self-generators
generation_taipower_ipp,"Generation, Taipower + IPPs",台電及民營電廠發電量,history,2023,238.0332,TWh,Taipower system,moeaea_generation_annual,"Energy Administration, 發電量年資料 (annual generation)",columns 總發電量_台電 + 總發電量_民營電廠 (統計數值),https://data.gov.tw/dataset/16481,downloaded,Taipower-owned plus independent power producers; excludes power bought from self-generators
generation_taipower_ipp,"Generation, Taipower + IPPs",台電及民營電廠發電量,history,2024,243.1915,TWh,Taipower system,moeaea_generation_annual,"Energy Administration, 發電量年資料 (annual generation)",columns 總發電量_台電 + 總發電量_民營電廠 (統計數值),https://data.gov.tw/dataset/16481,downloaded,Taipower-owned plus independent power producers; excludes power bought from self-generators
generation_taipower_ipp,"Generation, Taipower + IPPs",台電及民營電廠發電量,history,2025,241.5508,TWh,Taipower system,moeaea_generation_annual,"Energy Administration, 發電量年資料 (annual generation)",columns 總發電量_台電 + 總發電量_民營電廠 (統計數值),https://data.gov.tw/dataset/16481,downloaded,Taipower-owned plus independent power producers; excludes power bought from self-generators
generation_total,Total generation,總發電量,history,2005,227.5123,TWh,Taiwan (national),moeaea_generation_annual,"Energy Administration, 發電量年資料 (annual generation)",column 總發電量_全國(統計數值),https://data.gov.tw/dataset/16481,downloaded,Gross generation including self-generation
generation_total,Total generation,總發電量,history,2006,235.5301,TWh,Taiwan (national),moeaea_generation_annual,"Energy Administration, 發電量年資料 (annual generation)",column 總發電量_全國(統計數值),https://data.gov.tw/dataset/16481,downloaded,Gross generation including self-generation
generation_total,Total generation,總發電量,history,2007,243.1166,TWh,Taiwan (national),moeaea_generation_annual,"Energy Administration, 發電量年資料 (annual generation)",column 總發電量_全國(統計數值),https://data.gov.tw/dataset/16481,downloaded,Gross generation including self-generation
generation_total,Total generation,總發電量,history,2008,238.3054,TWh,Taiwan (national),moeaea_generation_annual,"Energy Administration, 發電量年資料 (annual generation)",column 總發電量_全國(統計數值),https://data.gov.tw/dataset/16481,downloaded,Gross generation including self-generation
generation_total,Total generation,總發電量,history,2009,230.0372,TWh,Taiwan (national),moeaea_generation_annual,"Energy Administration, 發電量年資料 (annual generation)",column 總發電量_全國(統計數值),https://data.gov.tw/dataset/16481,downloaded,Gross generation including self-generation
generation_total,Total generation,總發電量,history,2010,247.0589,TWh,Taiwan (national),moeaea_generation_annual,"Energy Administration, 發電量年資料 (annual generation)",column 總發電量_全國(統計數值),https://data.gov.tw/dataset/16481,downloaded,Gross generation including self-generation
generation_total,Total generation,總發電量,history,2011,252.167,TWh,Taiwan (national),moeaea_generation_annual,"Energy Administration, 發電量年資料 (annual generation)",column 總發電量_全國(統計數值),https://data.gov.tw/dataset/16481,downloaded,Gross generation including self-generation
generation_total,Total generation,總發電量,history,2012,250.3734,TWh,Taiwan (national),moeaea_generation_annual,"Energy Administration, 發電量年資料 (annual generation)",column 總發電量_全國(統計數值),https://data.gov.tw/dataset/16481,downloaded,Gross generation including self-generation
generation_total,Total generation,總發電量,history,2013,252.3408,TWh,Taiwan (national),moeaea_generation_annual,"Energy Administration, 發電量年資料 (annual generation)",column 總發電量_全國(統計數值),https://data.gov.tw/dataset/16481,downloaded,Gross generation including self-generation
generation_total,Total generation,總發電量,history,2014,259.9639,TWh,Taiwan (national),moeaea_generation_annual,"Energy Administration, 發電量年資料 (annual generation)",column 總發電量_全國(統計數值),https://data.gov.tw/dataset/16481,downloaded,Gross generation including self-generation
generation_total,Total generation,總發電量,history,2015,258.1419,TWh,Taiwan (national),moeaea_generation_annual,"Energy Administration, 發電量年資料 (annual generation)",column 總發電量_全國(統計數值),https://data.gov.tw/dataset/16481,downloaded,Gross generation including self-generation
generation_total,Total generation,總發電量,history,2016,264.1077,TWh,Taiwan (national),moeaea_generation_annual,"Energy Administration, 發電量年資料 (annual generation)",column 總發電量_全國(統計數值),https://data.gov.tw/dataset/16481,downloaded,Gross generation including self-generation
generation_total,Total generation,總發電量,history,2017,270.2564,TWh,Taiwan (national),moeaea_generation_annual,"Energy Administration, 發電量年資料 (annual generation)",column 總發電量_全國(統計數值),https://data.gov.tw/dataset/16481,downloaded,Gross generation including self-generation
generation_total,Total generation,總發電量,history,2018,275.4971,TWh,Taiwan (national),moeaea_generation_annual,"Energy Administration, 發電量年資料 (annual generation)",column 總發電量_全國(統計數值),https://data.gov.tw/dataset/16481,downloaded,Gross generation including self-generation
generation_total,Total generation,總發電量,history,2019,274.1412,TWh,Taiwan (national),moeaea_generation_annual,"Energy Administration, 發電量年資料 (annual generation)",column 總發電量_全國(統計數值),https://data.gov.tw/dataset/16481,downloaded,Gross generation including self-generation
generation_total,Total generation,總發電量,history,2020,280.1723,TWh,Taiwan (national),moeaea_generation_annual,"Energy Administration, 發電量年資料 (annual generation)",column 總發電量_全國(統計數值),https://data.gov.tw/dataset/16481,downloaded,Gross generation including self-generation
generation_total,Total generation,總發電量,history,2021,291.414,TWh,Taiwan (national),moeaea_generation_annual,"Energy Administration, 發電量年資料 (annual generation)",column 總發電量_全國(統計數值),https://data.gov.tw/dataset/16481,downloaded,Gross generation including self-generation
generation_total,Total generation,總發電量,history,2022,288.4083,TWh,Taiwan (national),moeaea_generation_annual,"Energy Administration, 發電量年資料 (annual generation)",column 總發電量_全國(統計數值),https://data.gov.tw/dataset/16481,downloaded,Gross generation including self-generation
generation_total,Total generation,總發電量,history,2023,282.8592,TWh,Taiwan (national),moeaea_generation_annual,"Energy Administration, 發電量年資料 (annual generation)",column 總發電量_全國(統計數值),https://data.gov.tw/dataset/16481,downloaded,Gross generation including self-generation
generation_total,Total generation,總發電量,history,2024,289.3859,TWh,Taiwan (national),moeaea_generation_annual,"Energy Administration, 發電量年資料 (annual generation)",column 總發電量_全國(統計數值),https://data.gov.tw/dataset/16481,downloaded,Gross generation including self-generation
generation_total,Total generation,總發電量,history,2025,289.7052,TWh,Taiwan (national),moeaea_generation_annual,"Energy Administration, 發電量年資料 (annual generation)",column 總發電量_全國(統計數值),https://data.gov.tw/dataset/16481,downloaded,Gross generation including self-generation
generation_waste,Generation: Waste,發電量：廢棄物,history,2005,3.0538,TWh,Taiwan (national),moeaea_generation_annual,"Energy Administration, 發電量年資料 (annual generation)",column 再生能源_廢棄物_全國(統計數值),https://data.gov.tw/dataset/16481,downloaded,
generation_waste,Generation: Waste,發電量：廢棄物,history,2006,3.0567,TWh,Taiwan (national),moeaea_generation_annual,"Energy Administration, 發電量年資料 (annual generation)",column 再生能源_廢棄物_全國(統計數值),https://data.gov.tw/dataset/16481,downloaded,
generation_waste,Generation: Waste,發電量：廢棄物,history,2007,3.1633,TWh,Taiwan (national),moeaea_generation_annual,"Energy Administration, 發電量年資料 (annual generation)",column 再生能源_廢棄物_全國(統計數值),https://data.gov.tw/dataset/16481,downloaded,
generation_waste,Generation: Waste,發電量：廢棄物,history,2008,3.0887,TWh,Taiwan (national),moeaea_generation_annual,"Energy Administration, 發電量年資料 (annual generation)",column 再生能源_廢棄物_全國(統計數值),https://data.gov.tw/dataset/16481,downloaded,
generation_waste,Generation: Waste,發電量：廢棄物,history,2009,3.0361,TWh,Taiwan (national),moeaea_generation_annual,"Energy Administration, 發電量年資料 (annual generation)",column 再生能源_廢棄物_全國(統計數值),https://data.gov.tw/dataset/16481,downloaded,
generation_waste,Generation: Waste,發電量：廢棄物,history,2010,3.1276,TWh,Taiwan (national),moeaea_generation_annual,"Energy Administration, 發電量年資料 (annual generation)",column 再生能源_廢棄物_全國(統計數值),https://data.gov.tw/dataset/16481,downloaded,
generation_waste,Generation: Waste,發電量：廢棄物,history,2011,3.1969,TWh,Taiwan (national),moeaea_generation_annual,"Energy Administration, 發電量年資料 (annual generation)",column 再生能源_廢棄物_全國(統計數值),https://data.gov.tw/dataset/16481,downloaded,
generation_waste,Generation: Waste,發電量：廢棄物,history,2012,3.1777,TWh,Taiwan (national),moeaea_generation_annual,"Energy Administration, 發電量年資料 (annual generation)",column 再生能源_廢棄物_全國(統計數值),https://data.gov.tw/dataset/16481,downloaded,
generation_waste,Generation: Waste,發電量：廢棄物,history,2013,3.2457,TWh,Taiwan (national),moeaea_generation_annual,"Energy Administration, 發電量年資料 (annual generation)",column 再生能源_廢棄物_全國(統計數值),https://data.gov.tw/dataset/16481,downloaded,
generation_waste,Generation: Waste,發電量：廢棄物,history,2014,3.3255,TWh,Taiwan (national),moeaea_generation_annual,"Energy Administration, 發電量年資料 (annual generation)",column 再生能源_廢棄物_全國(統計數值),https://data.gov.tw/dataset/16481,downloaded,
generation_waste,Generation: Waste,發電量：廢棄物,history,2015,3.3842,TWh,Taiwan (national),moeaea_generation_annual,"Energy Administration, 發電量年資料 (annual generation)",column 再生能源_廢棄物_全國(統計數值),https://data.gov.tw/dataset/16481,downloaded,
generation_waste,Generation: Waste,發電量：廢棄物,history,2016,3.3966,TWh,Taiwan (national),moeaea_generation_annual,"Energy Administration, 發電量年資料 (annual generation)",column 再生能源_廢棄物_全國(統計數值),https://data.gov.tw/dataset/16481,downloaded,
generation_waste,Generation: Waste,發電量：廢棄物,history,2017,3.341,TWh,Taiwan (national),moeaea_generation_annual,"Energy Administration, 發電量年資料 (annual generation)",column 再生能源_廢棄物_全國(統計數值),https://data.gov.tw/dataset/16481,downloaded,
generation_waste,Generation: Waste,發電量：廢棄物,history,2018,3.5666,TWh,Taiwan (national),moeaea_generation_annual,"Energy Administration, 發電量年資料 (annual generation)",column 再生能源_廢棄物_全國(統計數值),https://data.gov.tw/dataset/16481,downloaded,
generation_waste,Generation: Waste,發電量：廢棄物,history,2019,3.6349,TWh,Taiwan (national),moeaea_generation_annual,"Energy Administration, 發電量年資料 (annual generation)",column 再生能源_廢棄物_全國(統計數值),https://data.gov.tw/dataset/16481,downloaded,
generation_waste,Generation: Waste,發電量：廢棄物,history,2020,3.5697,TWh,Taiwan (national),moeaea_generation_annual,"Energy Administration, 發電量年資料 (annual generation)",column 再生能源_廢棄物_全國(統計數值),https://data.gov.tw/dataset/16481,downloaded,
generation_waste,Generation: Waste,發電量：廢棄物,history,2021,3.6045,TWh,Taiwan (national),moeaea_generation_annual,"Energy Administration, 發電量年資料 (annual generation)",column 再生能源_廢棄物_全國(統計數值),https://data.gov.tw/dataset/16481,downloaded,
generation_waste,Generation: Waste,發電量：廢棄物,history,2022,3.6088,TWh,Taiwan (national),moeaea_generation_annual,"Energy Administration, 發電量年資料 (annual generation)",column 再生能源_廢棄物_全國(統計數值),https://data.gov.tw/dataset/16481,downloaded,
generation_waste,Generation: Waste,發電量：廢棄物,history,2023,3.6223,TWh,Taiwan (national),moeaea_generation_annual,"Energy Administration, 發電量年資料 (annual generation)",column 再生能源_廢棄物_全國(統計數值),https://data.gov.tw/dataset/16481,downloaded,
generation_waste,Generation: Waste,發電量：廢棄物,history,2024,3.6459,TWh,Taiwan (national),moeaea_generation_annual,"Energy Administration, 發電量年資料 (annual generation)",column 再生能源_廢棄物_全國(統計數值),https://data.gov.tw/dataset/16481,downloaded,
generation_waste,Generation: Waste,發電量：廢棄物,history,2025,3.8497,TWh,Taiwan (national),moeaea_generation_annual,"Energy Administration, 發電量年資料 (annual generation)",column 再生能源_廢棄物_全國(統計數值),https://data.gov.tw/dataset/16481,downloaded,
generation_wind,Generation: Wind,發電量：風力,history,2005,0.0913,TWh,Taiwan (national),moeaea_generation_annual,"Energy Administration, 發電量年資料 (annual generation)",column 再生能源_風力_全國(統計數值),https://data.gov.tw/dataset/16481,downloaded,
generation_wind,Generation: Wind,發電量：風力,history,2006,0.2761,TWh,Taiwan (national),moeaea_generation_annual,"Energy Administration, 發電量年資料 (annual generation)",column 再生能源_風力_全國(統計數值),https://data.gov.tw/dataset/16481,downloaded,
generation_wind,Generation: Wind,發電量：風力,history,2007,0.4395,TWh,Taiwan (national),moeaea_generation_annual,"Energy Administration, 發電量年資料 (annual generation)",column 再生能源_風力_全國(統計數值),https://data.gov.tw/dataset/16481,downloaded,
generation_wind,Generation: Wind,發電量：風力,history,2008,0.5883,TWh,Taiwan (national),moeaea_generation_annual,"Energy Administration, 發電量年資料 (annual generation)",column 再生能源_風力_全國(統計數值),https://data.gov.tw/dataset/16481,downloaded,
generation_wind,Generation: Wind,發電量：風力,history,2009,0.7866,TWh,Taiwan (national),moeaea_generation_annual,"Energy Administration, 發電量年資料 (annual generation)",column 再生能源_風力_全國(統計數值),https://data.gov.tw/dataset/16481,downloaded,
generation_wind,Generation: Wind,發電量：風力,history,2010,1.0263,TWh,Taiwan (national),moeaea_generation_annual,"Energy Administration, 發電量年資料 (annual generation)",column 再生能源_風力_全國(統計數值),https://data.gov.tw/dataset/16481,downloaded,
generation_wind,Generation: Wind,發電量：風力,history,2011,1.4927,TWh,Taiwan (national),moeaea_generation_annual,"Energy Administration, 發電量年資料 (annual generation)",column 再生能源_風力_全國(統計數值),https://data.gov.tw/dataset/16481,downloaded,
generation_wind,Generation: Wind,發電量：風力,history,2012,1.4135,TWh,Taiwan (national),moeaea_generation_annual,"Energy Administration, 發電量年資料 (annual generation)",column 再生能源_風力_全國(統計數值),https://data.gov.tw/dataset/16481,downloaded,
generation_wind,Generation: Wind,發電量：風力,history,2013,1.64,TWh,Taiwan (national),moeaea_generation_annual,"Energy Administration, 發電量年資料 (annual generation)",column 再生能源_風力_全國(統計數值),https://data.gov.tw/dataset/16481,downloaded,
generation_wind,Generation: Wind,發電量：風力,history,2014,1.5005,TWh,Taiwan (national),moeaea_generation_annual,"Energy Administration, 發電量年資料 (annual generation)",column 再生能源_風力_全國(統計數值),https://data.gov.tw/dataset/16481,downloaded,
generation_wind,Generation: Wind,發電量：風力,history,2015,1.5252,TWh,Taiwan (national),moeaea_generation_annual,"Energy Administration, 發電量年資料 (annual generation)",column 再生能源_風力_全國(統計數值),https://data.gov.tw/dataset/16481,downloaded,
generation_wind,Generation: Wind,發電量：風力,history,2016,1.4571,TWh,Taiwan (national),moeaea_generation_annual,"Energy Administration, 發電量年資料 (annual generation)",column 再生能源_風力_全國(統計數值),https://data.gov.tw/dataset/16481,downloaded,
generation_wind,Generation: Wind,發電量：風力,history,2017,1.7225,TWh,Taiwan (national),moeaea_generation_annual,"Energy Administration, 發電量年資料 (annual generation)",column 再生能源_風力_全國(統計數值),https://data.gov.tw/dataset/16481,downloaded,
generation_wind,Generation: Wind,發電量：風力,history,2018,1.7095,TWh,Taiwan (national),moeaea_generation_annual,"Energy Administration, 發電量年資料 (annual generation)",column 再生能源_風力_全國(統計數值),https://data.gov.tw/dataset/16481,downloaded,
generation_wind,Generation: Wind,發電量：風力,history,2019,1.8922,TWh,Taiwan (national),moeaea_generation_annual,"Energy Administration, 發電量年資料 (annual generation)",column 再生能源_風力_全國(統計數值),https://data.gov.tw/dataset/16481,downloaded,
generation_wind,Generation: Wind,發電量：風力,history,2020,2.3089,TWh,Taiwan (national),moeaea_generation_annual,"Energy Administration, 發電量年資料 (annual generation)",column 再生能源_風力_全國(統計數值),https://data.gov.tw/dataset/16481,downloaded,
generation_wind,Generation: Wind,發電量：風力,history,2021,2.2708,TWh,Taiwan (national),moeaea_generation_annual,"Energy Administration, 發電量年資料 (annual generation)",column 再生能源_風力_全國(統計數值),https://data.gov.tw/dataset/16481,downloaded,
generation_wind,Generation: Wind,發電量：風力,history,2022,3.5775,TWh,Taiwan (national),moeaea_generation_annual,"Energy Administration, 發電量年資料 (annual generation)",column 再生能源_風力_全國(統計數值),https://data.gov.tw/dataset/16481,downloaded,
generation_wind,Generation: Wind,發電量：風力,history,2023,6.2383,TWh,Taiwan (national),moeaea_generation_annual,"Energy Administration, 發電量年資料 (annual generation)",column 再生能源_風力_全國(統計數值),https://data.gov.tw/dataset/16481,downloaded,
generation_wind,Generation: Wind,發電量：風力,history,2024,10.5098,TWh,Taiwan (national),moeaea_generation_annual,"Energy Administration, 發電量年資料 (annual generation)",column 再生能源_風力_全國(統計數值),https://data.gov.tw/dataset/16481,downloaded,
generation_wind,Generation: Wind,發電量：風力,history,2025,12.2033,TWh,Taiwan (national),moeaea_generation_annual,"Energy Administration, 發電量年資料 (annual generation)",column 再生能源_風力_全國(統計數值),https://data.gov.tw/dataset/16481,downloaded,
grid_emission_factor,Grid emission factor,電力排碳係數,history,2005,0.555,kg CO2e/kWh,Taiwan (national),moeaea_indicators_annual,"Energy Administration, 能源指標年資料 (annual energy indicators)",column 電力排碳係數(公斤CO2e/度),https://data.gov.tw/dataset/8308,downloaded,
grid_emission_factor,Grid emission factor,電力排碳係數,history,2006,0.562,kg CO2e/kWh,Taiwan (national),moeaea_indicators_annual,"Energy Administration, 能源指標年資料 (annual energy indicators)",column 電力排碳係數(公斤CO2e/度),https://data.gov.tw/dataset/8308,downloaded,
grid_emission_factor,Grid emission factor,電力排碳係數,history,2007,0.558,kg CO2e/kWh,Taiwan (national),moeaea_indicators_annual,"Energy Administration, 能源指標年資料 (annual energy indicators)",column 電力排碳係數(公斤CO2e/度),https://data.gov.tw/dataset/8308,downloaded,
grid_emission_factor,Grid emission factor,電力排碳係數,history,2008,0.555,kg CO2e/kWh,Taiwan (national),moeaea_indicators_annual,"Energy Administration, 能源指標年資料 (annual energy indicators)",column 電力排碳係數(公斤CO2e/度),https://data.gov.tw/dataset/8308,downloaded,
grid_emission_factor,Grid emission factor,電力排碳係數,history,2009,0.543,kg CO2e/kWh,Taiwan (national),moeaea_indicators_annual,"Energy Administration, 能源指標年資料 (annual energy indicators)",column 電力排碳係數(公斤CO2e/度),https://data.gov.tw/dataset/8308,downloaded,
grid_emission_factor,Grid emission factor,電力排碳係數,history,2010,0.534,kg CO2e/kWh,Taiwan (national),moeaea_indicators_annual,"Energy Administration, 能源指標年資料 (annual energy indicators)",column 電力排碳係數(公斤CO2e/度),https://data.gov.tw/dataset/8308,downloaded,
grid_emission_factor,Grid emission factor,電力排碳係數,history,2011,0.534,kg CO2e/kWh,Taiwan (national),moeaea_indicators_annual,"Energy Administration, 能源指標年資料 (annual energy indicators)",column 電力排碳係數(公斤CO2e/度),https://data.gov.tw/dataset/8308,downloaded,
grid_emission_factor,Grid emission factor,電力排碳係數,history,2012,0.529,kg CO2e/kWh,Taiwan (national),moeaea_indicators_annual,"Energy Administration, 能源指標年資料 (annual energy indicators)",column 電力排碳係數(公斤CO2e/度),https://data.gov.tw/dataset/8308,downloaded,
grid_emission_factor,Grid emission factor,電力排碳係數,history,2013,0.519,kg CO2e/kWh,Taiwan (national),moeaea_indicators_annual,"Energy Administration, 能源指標年資料 (annual energy indicators)",column 電力排碳係數(公斤CO2e/度),https://data.gov.tw/dataset/8308,downloaded,
grid_emission_factor,Grid emission factor,電力排碳係數,history,2014,0.518,kg CO2e/kWh,Taiwan (national),moeaea_indicators_annual,"Energy Administration, 能源指標年資料 (annual energy indicators)",column 電力排碳係數(公斤CO2e/度),https://data.gov.tw/dataset/8308,downloaded,
grid_emission_factor,Grid emission factor,電力排碳係數,history,2015,0.525,kg CO2e/kWh,Taiwan (national),moeaea_indicators_annual,"Energy Administration, 能源指標年資料 (annual energy indicators)",column 電力排碳係數(公斤CO2e/度),https://data.gov.tw/dataset/8308,downloaded,
grid_emission_factor,Grid emission factor,電力排碳係數,history,2016,0.53,kg CO2e/kWh,Taiwan (national),moeaea_indicators_annual,"Energy Administration, 能源指標年資料 (annual energy indicators)",column 電力排碳係數(公斤CO2e/度),https://data.gov.tw/dataset/8308,downloaded,
grid_emission_factor,Grid emission factor,電力排碳係數,history,2017,0.554,kg CO2e/kWh,Taiwan (national),moeaea_indicators_annual,"Energy Administration, 能源指標年資料 (annual energy indicators)",column 電力排碳係數(公斤CO2e/度),https://data.gov.tw/dataset/8308,downloaded,
grid_emission_factor,Grid emission factor,電力排碳係數,history,2018,0.533,kg CO2e/kWh,Taiwan (national),moeaea_indicators_annual,"Energy Administration, 能源指標年資料 (annual energy indicators)",column 電力排碳係數(公斤CO2e/度),https://data.gov.tw/dataset/8308,downloaded,
grid_emission_factor,Grid emission factor,電力排碳係數,history,2019,0.509,kg CO2e/kWh,Taiwan (national),moeaea_indicators_annual,"Energy Administration, 能源指標年資料 (annual energy indicators)",column 電力排碳係數(公斤CO2e/度),https://data.gov.tw/dataset/8308,downloaded,
grid_emission_factor,Grid emission factor,電力排碳係數,history,2020,0.502,kg CO2e/kWh,Taiwan (national),moeaea_indicators_annual,"Energy Administration, 能源指標年資料 (annual energy indicators)",column 電力排碳係數(公斤CO2e/度),https://data.gov.tw/dataset/8308,downloaded,
grid_emission_factor,Grid emission factor,電力排碳係數,history,2021,0.509,kg CO2e/kWh,Taiwan (national),moeaea_indicators_annual,"Energy Administration, 能源指標年資料 (annual energy indicators)",column 電力排碳係數(公斤CO2e/度),https://data.gov.tw/dataset/8308,downloaded,
grid_emission_factor,Grid emission factor,電力排碳係數,history,2022,0.495,kg CO2e/kWh,Taiwan (national),moeaea_indicators_annual,"Energy Administration, 能源指標年資料 (annual energy indicators)",column 電力排碳係數(公斤CO2e/度),https://data.gov.tw/dataset/8308,downloaded,
grid_emission_factor,Grid emission factor,電力排碳係數,history,2023,0.494,kg CO2e/kWh,Taiwan (national),moeaea_indicators_annual,"Energy Administration, 能源指標年資料 (annual energy indicators)",column 電力排碳係數(公斤CO2e/度),https://data.gov.tw/dataset/8308,downloaded,
grid_emission_factor,Grid emission factor,電力排碳係數,history,2024,0.474,kg CO2e/kWh,Taiwan (national),moeaea_indicators_annual,"Energy Administration, 能源指標年資料 (annual energy indicators)",column 電力排碳係數(公斤CO2e/度),https://data.gov.tw/dataset/8308,downloaded,
grid_emission_factor,Grid emission factor,電力排碳係數,history,2025,0.467,kg CO2e/kWh,Taiwan (national),moeaea_indicators_annual,"Energy Administration, 能源指標年資料 (annual energy indicators)",column 電力排碳係數(公斤CO2e/度),https://data.gov.tw/dataset/8308,downloaded,
home_elec_summer_air_conditioner,"Household electricity, summer (Jun-Sep): Air conditioners",家庭夏月用電：冷氣機,history,2024,50.42,%,Households (survey),moeaea_household_appliances_2024,"Energy Administration, Residential Sector Energy Statistics 2024 (家庭用電資訊百科)","Figure 13, pp. 26-27 (PDF p. 15)",https://energypark.org.tw/,downloaded,
home_elec_summer_computer,"Household electricity, summer (Jun-Sep): Computers",家庭夏月用電：電腦(桌機、筆電、平板),history,2024,1.38,%,Households (survey),moeaea_household_appliances_2024,"Energy Administration, Residential Sector Energy Statistics 2024 (家庭用電資訊百科)","Figure 13, pp. 26-27 (PDF p. 15)",https://energypark.org.tw/,downloaded,
home_elec_summer_dehumidifier,"Household electricity, summer (Jun-Sep): Dehumidifiers",家庭夏月用電：除濕機,history,2024,1.45,%,Households (survey),moeaea_household_appliances_2024,"Energy Administration, Residential Sector Energy Statistics 2024 (家庭用電資訊百科)","Figure 13, pp. 26-27 (PDF p. 15)",https://energypark.org.tw/,downloaded,
home_elec_summer_hot_water_pot,"Household electricity, summer (Jun-Sep): Electric hot-water pots",家庭夏月用電：電熱水瓶,history,2024,2.2,%,Households (survey),moeaea_household_appliances_2024,"Energy Administration, Residential Sector Energy Statistics 2024 (家庭用電資訊百科)","Figure 13, pp. 26-27 (PDF p. 15)",https://energypark.org.tw/,downloaded,
home_elec_summer_lighting,"Household electricity, summer (Jun-Sep): Lighting",家庭夏月用電：照明,history,2024,6.49,%,Households (survey),moeaea_household_appliances_2024,"Energy Administration, Residential Sector Energy Statistics 2024 (家庭用電資訊百科)","Figure 13, pp. 26-27 (PDF p. 15)",https://energypark.org.tw/,downloaded,
home_elec_summer_other,"Household electricity, summer (Jun-Sep): Other appliances",家庭夏月用電：其他,history,2024,13.89,%,Households (survey),moeaea_household_appliances_2024,"Energy Administration, Residential Sector Energy Statistics 2024 (家庭用電資訊百科)","Figure 13, pp. 26-27 (PDF p. 15)",https://energypark.org.tw/,downloaded,
home_elec_summer_refrigerator,"Household electricity, summer (Jun-Sep): Refrigerators",家庭夏月用電：電冰箱,history,2024,8.91,%,Households (survey),moeaea_household_appliances_2024,"Energy Administration, Residential Sector Energy Statistics 2024 (家庭用電資訊百科)","Figure 13, pp. 26-27 (PDF p. 15)",https://energypark.org.tw/,downloaded,
home_elec_summer_rice_cooker,"Household electricity, summer (Jun-Sep): Rice cookers",家庭夏月用電：電鍋/電子鍋/IH電子鍋,history,2024,3.21,%,Households (survey),moeaea_household_appliances_2024,"Energy Administration, Residential Sector Energy Statistics 2024 (家庭用電資訊百科)","Figure 13, pp. 26-27 (PDF p. 15)",https://energypark.org.tw/,downloaded,
home_elec_summer_tv,"Household electricity, summer (Jun-Sep): Televisions",家庭夏月用電：電視機,history,2024,3.26,%,Households (survey),moeaea_household_appliances_2024,"Energy Administration, Residential Sector Energy Statistics 2024 (家庭用電資訊百科)","Figure 13, pp. 26-27 (PDF p. 15)",https://energypark.org.tw/,downloaded,
home_elec_summer_water_boiler,"Household electricity, summer (Jun-Sep): Water boilers (開飲機)",家庭夏月用電：開飲機,history,2024,2.02,%,Households (survey),moeaea_household_appliances_2024,"Energy Administration, Residential Sector Energy Statistics 2024 (家庭用電資訊百科)","Figure 13, pp. 26-27 (PDF p. 15)",https://energypark.org.tw/,downloaded,
home_elec_summer_water_heater,"Household electricity, summer (Jun-Sep): Electric water heaters",家庭夏月用電：電熱水器,history,2024,6.78,%,Households (survey),moeaea_household_appliances_2024,"Energy Administration, Residential Sector Energy Statistics 2024 (家庭用電資訊百科)","Figure 13, pp. 26-27 (PDF p. 15)",https://energypark.org.tw/,downloaded,
home_elec_year_air_conditioner,"Household electricity, whole year: Air conditioners",家庭全年用電：冷氣機,history,2024,29.57,%,Households (survey),moeaea_household_appliances_2024,"Energy Administration, Residential Sector Energy Statistics 2024 (家庭用電資訊百科)","Figure 12, pp. 24-25 (PDF p. 14)",https://energypark.org.tw/,downloaded,
home_elec_year_computer,"Household electricity, whole year: Computers",家庭全年用電：電腦(桌機、筆電、平板),history,2024,2.05,%,Households (survey),moeaea_household_appliances_2024,"Energy Administration, Residential Sector Energy Statistics 2024 (家庭用電資訊百科)","Figure 12, pp. 24-25 (PDF p. 14)",https://energypark.org.tw/,downloaded,
home_elec_year_dehumidifier,"Household electricity, whole year: Dehumidifiers",家庭全年用電：除濕機,history,2024,1.94,%,Households (survey),moeaea_household_appliances_2024,"Energy Administration, Residential Sector Energy Statistics 2024 (家庭用電資訊百科)","Figure 12, pp. 24-25 (PDF p. 14)",https://energypark.org.tw/,downloaded,
home_elec_year_hot_water_pot,"Household electricity, whole year: Electric hot-water pots",家庭全年用電：電熱水瓶,history,2024,3.1,%,Households (survey),moeaea_household_appliances_2024,"Energy Administration, Residential Sector Energy Statistics 2024 (家庭用電資訊百科)","Figure 12, pp. 24-25 (PDF p. 14)",https://energypark.org.tw/,downloaded,
home_elec_year_lighting,"Household electricity, whole year: Lighting",家庭全年用電：照明,history,2024,9.13,%,Households (survey),moeaea_household_appliances_2024,"Energy Administration, Residential Sector Energy Statistics 2024 (家庭用電資訊百科)","Figure 12, pp. 24-25 (PDF p. 14)",https://energypark.org.tw/,downloaded,
home_elec_year_other,"Household electricity, whole year: Other appliances",家庭全年用電：其他,history,2024,20.17,%,Households (survey),moeaea_household_appliances_2024,"Energy Administration, Residential Sector Energy Statistics 2024 (家庭用電資訊百科)","Figure 12, pp. 24-25 (PDF p. 14)",https://energypark.org.tw/,downloaded,"Whole year: 'other (39 appliances)' 14.12% plus vacuum cleaners 1.74%, set-top boxes 1.65%, water dispensers 1.34% and hair dryers 1.32%, which the summer figure does not list separately"
home_elec_year_refrigerator,"Household electricity, whole year: Refrigerators",家庭全年用電：電冰箱,history,2024,12.54,%,Households (survey),moeaea_household_appliances_2024,"Energy Administration, Residential Sector Energy Statistics 2024 (家庭用電資訊百科)","Figure 12, pp. 24-25 (PDF p. 14)",https://energypark.org.tw/,downloaded,
home_elec_year_rice_cooker,"Household electricity, whole year: Rice cookers",家庭全年用電：電鍋/電子鍋/IH電子鍋,history,2024,4.58,%,Households (survey),moeaea_household_appliances_2024,"Energy Administration, Residential Sector Energy Statistics 2024 (家庭用電資訊百科)","Figure 12, pp. 24-25 (PDF p. 14)",https://energypark.org.tw/,downloaded,
home_elec_year_tv,"Household electricity, whole year: Televisions",家庭全年用電：電視機,history,2024,4.51,%,Households (survey),moeaea_household_appliances_2024,"Energy Administration, Residential Sector Energy Statistics 2024 (家庭用電資訊百科)","Figure 12, pp. 24-25 (PDF p. 14)",https://energypark.org.tw/,downloaded,
home_elec_year_water_boiler,"Household electricity, whole year: Water boilers (開飲機)",家庭全年用電：開飲機,history,2024,2.85,%,Households (survey),moeaea_household_appliances_2024,"Energy Administration, Residential Sector Energy Statistics 2024 (家庭用電資訊百科)","Figure 12, pp. 24-25 (PDF p. 14)",https://energypark.org.tw/,downloaded,
home_elec_year_water_heater,"Household electricity, whole year: Electric water heaters",家庭全年用電：電熱水器,history,2024,9.55,%,Households (survey),moeaea_household_appliances_2024,"Energy Administration, Residential Sector Energy Statistics 2024 (家庭用電資訊百科)","Figure 12, pp. 24-25 (PDF p. 14)",https://energypark.org.tw/,downloaded,
import_dependence,Imported energy dependence,進口能源依存度,history,2005,99.9016,%,Taiwan (national),moeaea_indicators_annual,"Energy Administration, 能源指標年資料 (annual energy indicators)",column 進口能源依存度(%),https://data.gov.tw/dataset/8308,downloaded,
import_dependence,Imported energy dependence,進口能源依存度,history,2006,99.9058,%,Taiwan (national),moeaea_indicators_annual,"Energy Administration, 能源指標年資料 (annual energy indicators)",column 進口能源依存度(%),https://data.gov.tw/dataset/8308,downloaded,
import_dependence,Imported energy dependence,進口能源依存度,history,2007,99.8982,%,Taiwan (national),moeaea_indicators_annual,"Energy Administration, 能源指標年資料 (annual energy indicators)",column 進口能源依存度(%),https://data.gov.tw/dataset/8308,downloaded,
import_dependence,Imported energy dependence,進口能源依存度,history,2008,99.8324,%,Taiwan (national),moeaea_indicators_annual,"Energy Administration, 能源指標年資料 (annual energy indicators)",column 進口能源依存度(%),https://data.gov.tw/dataset/8308,downloaded,
import_dependence,Imported energy dependence,進口能源依存度,history,2009,99.8541,%,Taiwan (national),moeaea_indicators_annual,"Energy Administration, 能源指標年資料 (annual energy indicators)",column 進口能源依存度(%),https://data.gov.tw/dataset/8308,downloaded,
import_dependence,Imported energy dependence,進口能源依存度,history,2010,99.8688,%,Taiwan (national),moeaea_indicators_annual,"Energy Administration, 能源指標年資料 (annual energy indicators)",column 進口能源依存度(%),https://data.gov.tw/dataset/8308,downloaded,
import_dependence,Imported energy dependence,進口能源依存度,history,2011,99.8659,%,Taiwan (national),moeaea_indicators_annual,"Energy Administration, 能源指標年資料 (annual energy indicators)",column 進口能源依存度(%),https://data.gov.tw/dataset/8308,downloaded,
import_dependence,Imported energy dependence,進口能源依存度,history,2012,99.8763,%,Taiwan (national),moeaea_indicators_annual,"Energy Administration, 能源指標年資料 (annual energy indicators)",column 進口能源依存度(%),https://data.gov.tw/dataset/8308,downloaded,
import_dependence,Imported energy dependence,進口能源依存度,history,2013,99.8843,%,Taiwan (national),moeaea_indicators_annual,"Energy Administration, 能源指標年資料 (annual energy indicators)",column 進口能源依存度(%),https://data.gov.tw/dataset/8308,downloaded,
import_dependence,Imported energy dependence,進口能源依存度,history,2014,99.8626,%,Taiwan (national),moeaea_indicators_annual,"Energy Administration, 能源指標年資料 (annual energy indicators)",column 進口能源依存度(%),https://data.gov.tw/dataset/8308,downloaded,
import_dependence,Imported energy dependence,進口能源依存度,history,2015,99.8177,%,Taiwan (national),moeaea_indicators_annual,"Energy Administration, 能源指標年資料 (annual energy indicators)",column 進口能源依存度(%),https://data.gov.tw/dataset/8308,downloaded,
import_dependence,Imported energy dependence,進口能源依存度,history,2016,99.8308,%,Taiwan (national),moeaea_indicators_annual,"Energy Administration, 能源指標年資料 (annual energy indicators)",column 進口能源依存度(%),https://data.gov.tw/dataset/8308,downloaded,
import_dependence,Imported energy dependence,進口能源依存度,history,2017,99.8246,%,Taiwan (national),moeaea_indicators_annual,"Energy Administration, 能源指標年資料 (annual energy indicators)",column 進口能源依存度(%),https://data.gov.tw/dataset/8308,downloaded,
import_dependence,Imported energy dependence,進口能源依存度,history,2018,99.2976,%,Taiwan (national),moeaea_indicators_annual,"Energy Administration, 能源指標年資料 (annual energy indicators)",column 進口能源依存度(%),https://data.gov.tw/dataset/8308,downloaded,
import_dependence,Imported energy dependence,進口能源依存度,history,2019,99.2132,%,Taiwan (national),moeaea_indicators_annual,"Energy Administration, 能源指標年資料 (annual energy indicators)",column 進口能源依存度(%),https://data.gov.tw/dataset/8308,downloaded,
import_dependence,Imported energy dependence,進口能源依存度,history,2020,99.1798,%,Taiwan (national),moeaea_indicators_annual,"Energy Administration, 能源指標年資料 (annual energy indicators)",column 進口能源依存度(%),https://data.gov.tw/dataset/8308,downloaded,
import_dependence,Imported energy dependence,進口能源依存度,history,2021,99.1507,%,Taiwan (national),moeaea_indicators_annual,"Energy Administration, 能源指標年資料 (annual energy indicators)",column 進口能源依存度(%),https://data.gov.tw/dataset/8308,downloaded,
import_dependence,Imported energy dependence,進口能源依存度,history,2022,99.1807,%,Taiwan (national),moeaea_indicators_annual,"Energy Administration, 能源指標年資料 (annual energy indicators)",column 進口能源依存度(%),https://data.gov.tw/dataset/8308,downloaded,
import_dependence,Imported energy dependence,進口能源依存度,history,2023,99.1675,%,Taiwan (national),moeaea_indicators_annual,"Energy Administration, 能源指標年資料 (annual energy indicators)",column 進口能源依存度(%),https://data.gov.tw/dataset/8308,downloaded,
import_dependence,Imported energy dependence,進口能源依存度,history,2024,99.0246,%,Taiwan (national),moeaea_indicators_annual,"Energy Administration, 能源指標年資料 (annual energy indicators)",column 進口能源依存度(%),https://data.gov.tw/dataset/8308,downloaded,
import_dependence,Imported energy dependence,進口能源依存度,history,2025,99.0272,%,Taiwan (national),moeaea_indicators_annual,"Energy Administration, 能源指標年資料 (annual energy indicators)",column 進口能源依存度(%),https://data.gov.tw/dataset/8308,downloaded,
industry_branch_basic_metals,Industry: Basic metals (steel),工業：基本金屬（鋼鐵）,history,2005,41.9855,TWh,Taiwan (national),moeaea_energy_balance,"Energy Administration, energy balance 1982-2025 (toe units)","sheet 094, item 59 金屬基本工業, column 總計",https://ea01.moeaea.gov.tw/a0303/02/publication/annually/,downloaded,
industry_branch_basic_metals,Industry: Basic metals (steel),工業：基本金屬（鋼鐵）,history,2006,43.9601,TWh,Taiwan (national),moeaea_energy_balance,"Energy Administration, energy balance 1982-2025 (toe units)","sheet 095, item 59 金屬基本工業, column 總計",https://ea01.moeaea.gov.tw/a0303/02/publication/annually/,downloaded,
industry_branch_basic_metals,Industry: Basic metals (steel),工業：基本金屬（鋼鐵）,history,2007,44.0316,TWh,Taiwan (national),moeaea_energy_balance,"Energy Administration, energy balance 1982-2025 (toe units)","sheet 096, item 59 金屬基本工業, column 總計",https://ea01.moeaea.gov.tw/a0303/02/publication/annually/,downloaded,
industry_branch_basic_metals,Industry: Basic metals (steel),工業：基本金屬（鋼鐵）,history,2008,43.1167,TWh,Taiwan (national),moeaea_energy_balance,"Energy Administration, energy balance 1982-2025 (toe units)","sheet 097, item 59 金屬基本工業, column 總計",https://ea01.moeaea.gov.tw/a0303/02/publication/annually/,downloaded,
industry_branch_basic_metals,Industry: Basic metals (steel),工業：基本金屬（鋼鐵）,history,2009,36.6545,TWh,Taiwan (national),moeaea_energy_balance,"Energy Administration, energy balance 1982-2025 (toe units)","sheet 098, item 59 金屬基本工業, column 總計",https://ea01.moeaea.gov.tw/a0303/02/publication/annually/,downloaded,
industry_branch_basic_metals,Industry: Basic metals (steel),工業：基本金屬（鋼鐵）,history,2010,46.3965,TWh,Taiwan (national),moeaea_energy_balance,"Energy Administration, energy balance 1982-2025 (toe units)","sheet 099, item 59 金屬基本工業, column 總計",https://ea01.moeaea.gov.tw/a0303/02/publication/annually/,downloaded,
industry_branch_basic_metals,Industry: Basic metals (steel),工業：基本金屬（鋼鐵）,history,2011,48.0375,TWh,Taiwan (national),moeaea_energy_balance,"Energy Administration, energy balance 1982-2025 (toe units)","sheet 100, item 59 金屬基本工業, column 總計",https://ea01.moeaea.gov.tw/a0303/02/publication/annually/,downloaded,
industry_branch_basic_metals,Industry: Basic metals (steel),工業：基本金屬（鋼鐵）,history,2012,47.0691,TWh,Taiwan (national),moeaea_energy_balance,"Energy Administration, energy balance 1982-2025 (toe units)","sheet 101, item 59 金屬基本工業, column 總計",https://ea01.moeaea.gov.tw/a0303/02/publication/annually/,downloaded,
industry_branch_basic_metals,Industry: Basic metals (steel),工業：基本金屬（鋼鐵）,history,2013,49.9744,TWh,Taiwan (national),moeaea_energy_balance,"Energy Administration, energy balance 1982-2025 (toe units)","sheet 102, item 59 金屬基本工業, column 總計",https://ea01.moeaea.gov.tw/a0303/02/publication/annually/,downloaded,
industry_branch_basic_metals,Industry: Basic metals (steel),工業：基本金屬（鋼鐵）,history,2014,48.1167,TWh,Taiwan (national),moeaea_energy_balance,"Energy Administration, energy balance 1982-2025 (toe units)","sheet 103, item 59 金屬基本工業, column 總計",https://ea01.moeaea.gov.tw/a0303/02/publication/annually/,downloaded,
industry_branch_basic_metals,Industry: Basic metals (steel),工業：基本金屬（鋼鐵）,history,2015,45.6732,TWh,Taiwan (national),moeaea_energy_balance,"Energy Administration, energy balance 1982-2025 (toe units)","sheet 104, item 59 金屬基本工業, column 總計",https://ea01.moeaea.gov.tw/a0303/02/publication/annually/,downloaded,
industry_branch_basic_metals,Industry: Basic metals (steel),工業：基本金屬（鋼鐵）,history,2016,46.1923,TWh,Taiwan (national),moeaea_energy_balance,"Energy Administration, energy balance 1982-2025 (toe units)","sheet 105, item 59 金屬基本工業, column 總計",https://ea01.moeaea.gov.tw/a0303/02/publication/annually/,downloaded,
industry_branch_basic_metals,Industry: Basic metals (steel),工業：基本金屬（鋼鐵）,history,2017,46.267,TWh,Taiwan (national),moeaea_energy_balance,"Energy Administration, energy balance 1982-2025 (toe units)","sheet 106, item 59 金屬基本工業, column 總計",https://ea01.moeaea.gov.tw/a0303/02/publication/annually/,downloaded,
industry_branch_basic_metals,Industry: Basic metals (steel),工業：基本金屬（鋼鐵）,history,2018,49.311,TWh,Taiwan (national),moeaea_energy_balance,"Energy Administration, energy balance 1982-2025 (toe units)","sheet 107, item 59 基本金屬製造業, column 總計",https://ea01.moeaea.gov.tw/a0303/02/publication/annually/,downloaded,
industry_branch_basic_metals,Industry: Basic metals (steel),工業：基本金屬（鋼鐵）,history,2019,46.473,TWh,Taiwan (national),moeaea_energy_balance,"Energy Administration, energy balance 1982-2025 (toe units)","sheet 108, item 59 基本金屬製造業, column 總計",https://ea01.moeaea.gov.tw/a0303/02/publication/annually/,downloaded,
industry_branch_basic_metals,Industry: Basic metals (steel),工業：基本金屬（鋼鐵）,history,2020,46.2986,TWh,Taiwan (national),moeaea_energy_balance,"Energy Administration, energy balance 1982-2025 (toe units)","sheet 109, item 59 基本金屬製造業, column 總計",https://ea01.moeaea.gov.tw/a0303/02/publication/annually/,downloaded,
industry_branch_basic_metals,Industry: Basic metals (steel),工業：基本金屬（鋼鐵）,history,2021,51.0097,TWh,Taiwan (national),moeaea_energy_balance,"Energy Administration, energy balance 1982-2025 (toe units)","sheet 110, item 59 基本金屬製造業, column 總計",https://ea01.moeaea.gov.tw/a0303/02/publication/annually/,downloaded,
industry_branch_basic_metals,Industry: Basic metals (steel),工業：基本金屬（鋼鐵）,history,2022,47.5458,TWh,Taiwan (national),moeaea_energy_balance,"Energy Administration, energy balance 1982-2025 (toe units)","sheet 111, item 59 基本金屬製造業, column 總計",https://ea01.moeaea.gov.tw/a0303/02/publication/annually/,downloaded,
industry_branch_basic_metals,Industry: Basic metals (steel),工業：基本金屬（鋼鐵）,history,2023,45.5261,TWh,Taiwan (national),moeaea_energy_balance,"Energy Administration, energy balance 1982-2025 (toe units)","sheet 112, item 59 基本金屬製造業, column 總計",https://ea01.moeaea.gov.tw/a0303/02/publication/annually/,downloaded,
industry_branch_basic_metals,Industry: Basic metals (steel),工業：基本金屬（鋼鐵）,history,2024,43.7459,TWh,Taiwan (national),moeaea_energy_balance,"Energy Administration, energy balance 1982-2025 (toe units)","sheet 113, item 59 基本金屬製造業, column 總計",https://ea01.moeaea.gov.tw/a0303/02/publication/annually/,downloaded,
industry_branch_basic_metals,Industry: Basic metals (steel),工業：基本金屬（鋼鐵）,history,2025,40.1952,TWh,Taiwan (national),moeaea_energy_balance,"Energy Administration, energy balance 1982-2025 (toe units)","sheet 114, item 59 基本金屬製造業, column 總計",https://ea01.moeaea.gov.tw/a0303/02/publication/annually/,downloaded,
industry_branch_chemicals,Industry: Chemicals and fertilisers,工業：化學材料及肥料,history,2005,80.7611,TWh,Taiwan (national),moeaea_energy_balance,"Energy Administration, energy balance 1982-2025 (toe units)","sheet 094, item 43 化學材料製造業, column 總計",https://ea01.moeaea.gov.tw/a0303/02/publication/annually/,downloaded,
industry_branch_chemicals,Industry: Chemicals and fertilisers,工業：化學材料及肥料,history,2006,87.5978,TWh,Taiwan (national),moeaea_energy_balance,"Energy Administration, energy balance 1982-2025 (toe units)","sheet 095, item 43 化學材料製造業, column 總計",https://ea01.moeaea.gov.tw/a0303/02/publication/annually/,downloaded,
industry_branch_chemicals,Industry: Chemicals and fertilisers,工業：化學材料及肥料,history,2007,93.1441,TWh,Taiwan (national),moeaea_energy_balance,"Energy Administration, energy balance 1982-2025 (toe units)","sheet 096, item 43 化學材料製造業, column 總計",https://ea01.moeaea.gov.tw/a0303/02/publication/annually/,downloaded,
industry_branch_chemicals,Industry: Chemicals and fertilisers,工業：化學材料及肥料,history,2008,80.5448,TWh,Taiwan (national),moeaea_energy_balance,"Energy Administration, energy balance 1982-2025 (toe units)","sheet 097, item 43 化學材料製造業, column 總計",https://ea01.moeaea.gov.tw/a0303/02/publication/annually/,downloaded,
industry_branch_chemicals,Industry: Chemicals and fertilisers,工業：化學材料及肥料,history,2009,80.9118,TWh,Taiwan (national),moeaea_energy_balance,"Energy Administration, energy balance 1982-2025 (toe units)","sheet 098, item 43 化學材料製造業, column 總計",https://ea01.moeaea.gov.tw/a0303/02/publication/annually/,downloaded,
industry_branch_chemicals,Industry: Chemicals and fertilisers,工業：化學材料及肥料,history,2010,87.4147,TWh,Taiwan (national),moeaea_energy_balance,"Energy Administration, energy balance 1982-2025 (toe units)","sheet 099, item 43 化學材料製造業, column 總計",https://ea01.moeaea.gov.tw/a0303/02/publication/annually/,downloaded,
industry_branch_chemicals,Industry: Chemicals and fertilisers,工業：化學材料及肥料,history,2011,83.3826,TWh,Taiwan (national),moeaea_energy_balance,"Energy Administration, energy balance 1982-2025 (toe units)","sheet 100, item 43 化學材料製造業, column 總計",https://ea01.moeaea.gov.tw/a0303/02/publication/annually/,downloaded,
industry_branch_chemicals,Industry: Chemicals and fertilisers,工業：化學材料及肥料,history,2012,80.3112,TWh,Taiwan (national),moeaea_energy_balance,"Energy Administration, energy balance 1982-2025 (toe units)","sheet 101, item 43 化學材料製造業, column 總計",https://ea01.moeaea.gov.tw/a0303/02/publication/annually/,downloaded,
industry_branch_chemicals,Industry: Chemicals and fertilisers,工業：化學材料及肥料,history,2013,80.8446,TWh,Taiwan (national),moeaea_energy_balance,"Energy Administration, energy balance 1982-2025 (toe units)","sheet 102, item 43 化學材料製造業, column 總計",https://ea01.moeaea.gov.tw/a0303/02/publication/annually/,downloaded,
industry_branch_chemicals,Industry: Chemicals and fertilisers,工業：化學材料及肥料,history,2014,79.8517,TWh,Taiwan (national),moeaea_energy_balance,"Energy Administration, energy balance 1982-2025 (toe units)","sheet 103, item 43 化學材料製造業, column 總計",https://ea01.moeaea.gov.tw/a0303/02/publication/annually/,downloaded,
industry_branch_chemicals,Industry: Chemicals and fertilisers,工業：化學材料及肥料,history,2015,78.0242,TWh,Taiwan (national),moeaea_energy_balance,"Energy Administration, energy balance 1982-2025 (toe units)","sheet 104, item 43 化學材料製造業, column 總計",https://ea01.moeaea.gov.tw/a0303/02/publication/annually/,downloaded,
industry_branch_chemicals,Industry: Chemicals and fertilisers,工業：化學材料及肥料,history,2016,79.8337,TWh,Taiwan (national),moeaea_energy_balance,"Energy Administration, energy balance 1982-2025 (toe units)","sheet 105, item 43 化學材料製造業, column 總計",https://ea01.moeaea.gov.tw/a0303/02/publication/annually/,downloaded,
industry_branch_chemicals,Industry: Chemicals and fertilisers,工業：化學材料及肥料,history,2017,78.0714,TWh,Taiwan (national),moeaea_energy_balance,"Energy Administration, energy balance 1982-2025 (toe units)","sheet 106, item 43 化學材料製造業, column 總計",https://ea01.moeaea.gov.tw/a0303/02/publication/annually/,downloaded,
industry_branch_chemicals,Industry: Chemicals and fertilisers,工業：化學材料及肥料,history,2018,85.3864,TWh,Taiwan (national),moeaea_energy_balance,"Energy Administration, energy balance 1982-2025 (toe units)","sheet 107, item 43 化學材料及肥料製造業, column 總計",https://ea01.moeaea.gov.tw/a0303/02/publication/annually/,downloaded,
industry_branch_chemicals,Industry: Chemicals and fertilisers,工業：化學材料及肥料,history,2019,82.8259,TWh,Taiwan (national),moeaea_energy_balance,"Energy Administration, energy balance 1982-2025 (toe units)","sheet 108, item 43 化學材料及肥料製造業, column 總計",https://ea01.moeaea.gov.tw/a0303/02/publication/annually/,downloaded,
industry_branch_chemicals,Industry: Chemicals and fertilisers,工業：化學材料及肥料,history,2020,81.5148,TWh,Taiwan (national),moeaea_energy_balance,"Energy Administration, energy balance 1982-2025 (toe units)","sheet 109, item 43 化學材料及肥料製造業, column 總計",https://ea01.moeaea.gov.tw/a0303/02/publication/annually/,downloaded,
industry_branch_chemicals,Industry: Chemicals and fertilisers,工業：化學材料及肥料,history,2021,87.5009,TWh,Taiwan (national),moeaea_energy_balance,"Energy Administration, energy balance 1982-2025 (toe units)","sheet 110, item 43 化學材料及肥料製造業, column 總計",https://ea01.moeaea.gov.tw/a0303/02/publication/annually/,downloaded,
industry_branch_chemicals,Industry: Chemicals and fertilisers,工業：化學材料及肥料,history,2022,77.2713,TWh,Taiwan (national),moeaea_energy_balance,"Energy Administration, energy balance 1982-2025 (toe units)","sheet 111, item 43 化學材料及肥料製造業, column 總計",https://ea01.moeaea.gov.tw/a0303/02/publication/annually/,downloaded,
industry_branch_chemicals,Industry: Chemicals and fertilisers,工業：化學材料及肥料,history,2023,71.8996,TWh,Taiwan (national),moeaea_energy_balance,"Energy Administration, energy balance 1982-2025 (toe units)","sheet 112, item 43 化學材料及肥料製造業, column 總計",https://ea01.moeaea.gov.tw/a0303/02/publication/annually/,downloaded,
industry_branch_chemicals,Industry: Chemicals and fertilisers,工業：化學材料及肥料,history,2024,71.5056,TWh,Taiwan (national),moeaea_energy_balance,"Energy Administration, energy balance 1982-2025 (toe units)","sheet 113, item 43 化學材料及肥料製造業, column 總計",https://ea01.moeaea.gov.tw/a0303/02/publication/annually/,downloaded,
industry_branch_chemicals,Industry: Chemicals and fertilisers,工業：化學材料及肥料,history,2025,69.807,TWh,Taiwan (national),moeaea_energy_balance,"Energy Administration, energy balance 1982-2025 (toe units)","sheet 114, item 43 化學材料及肥料製造業, column 總計",https://ea01.moeaea.gov.tw/a0303/02/publication/annually/,downloaded,
industry_branch_electronics,Industry: Electronics and electrical equipment,工業：電子產品及電力設備,history,2005,30.6357,TWh,Taiwan (national),moeaea_energy_balance,"Energy Administration, energy balance 1982-2025 (toe units)","sheet 094, item 65 電腦通信及視聽電子產品製造業, column 總計",https://ea01.moeaea.gov.tw/a0303/02/publication/annually/,downloaded,
industry_branch_electronics,Industry: Electronics and electrical equipment,工業：電子產品及電力設備,history,2006,33.1821,TWh,Taiwan (national),moeaea_energy_balance,"Energy Administration, energy balance 1982-2025 (toe units)","sheet 095, item 65 電腦通信及視聽電子產品製造業, column 總計",https://ea01.moeaea.gov.tw/a0303/02/publication/annually/,downloaded,
industry_branch_electronics,Industry: Electronics and electrical equipment,工業：電子產品及電力設備,history,2007,36.1673,TWh,Taiwan (national),moeaea_energy_balance,"Energy Administration, energy balance 1982-2025 (toe units)","sheet 096, item 65 電腦通信及視聽電子產品製造業, column 總計",https://ea01.moeaea.gov.tw/a0303/02/publication/annually/,downloaded,
industry_branch_electronics,Industry: Electronics and electrical equipment,工業：電子產品及電力設備,history,2008,37.6609,TWh,Taiwan (national),moeaea_energy_balance,"Energy Administration, energy balance 1982-2025 (toe units)","sheet 097, item 65 電腦通信及視聽電子產品製造業, column 總計",https://ea01.moeaea.gov.tw/a0303/02/publication/annually/,downloaded,
industry_branch_electronics,Industry: Electronics and electrical equipment,工業：電子產品及電力設備,history,2009,36.006,TWh,Taiwan (national),moeaea_energy_balance,"Energy Administration, energy balance 1982-2025 (toe units)","sheet 098, item 65 電腦通信及視聽電子產品製造業, column 總計",https://ea01.moeaea.gov.tw/a0303/02/publication/annually/,downloaded,
industry_branch_electronics,Industry: Electronics and electrical equipment,工業：電子產品及電力設備,history,2010,41.2058,TWh,Taiwan (national),moeaea_energy_balance,"Energy Administration, energy balance 1982-2025 (toe units)","sheet 099, item 65 電腦通信及視聽電子產品製造業, column 總計",https://ea01.moeaea.gov.tw/a0303/02/publication/annually/,downloaded,
industry_branch_electronics,Industry: Electronics and electrical equipment,工業：電子產品及電力設備,history,2011,43.5309,TWh,Taiwan (national),moeaea_energy_balance,"Energy Administration, energy balance 1982-2025 (toe units)","sheet 100, item 65 電腦通信及視聽電子產品製造業, column 總計",https://ea01.moeaea.gov.tw/a0303/02/publication/annually/,downloaded,
industry_branch_electronics,Industry: Electronics and electrical equipment,工業：電子產品及電力設備,history,2012,44.9942,TWh,Taiwan (national),moeaea_energy_balance,"Energy Administration, energy balance 1982-2025 (toe units)","sheet 101, item 65 電腦通信及視聽電子產品製造業, column 總計",https://ea01.moeaea.gov.tw/a0303/02/publication/annually/,downloaded,
industry_branch_electronics,Industry: Electronics and electrical equipment,工業：電子產品及電力設備,history,2013,47.121,TWh,Taiwan (national),moeaea_energy_balance,"Energy Administration, energy balance 1982-2025 (toe units)","sheet 102, item 65 電腦通信及視聽電子產品製造業, column 總計",https://ea01.moeaea.gov.tw/a0303/02/publication/annually/,downloaded,
industry_branch_electronics,Industry: Electronics and electrical equipment,工業：電子產品及電力設備,history,2014,48.9784,TWh,Taiwan (national),moeaea_energy_balance,"Energy Administration, energy balance 1982-2025 (toe units)","sheet 103, item 65 電腦通信及視聽電子產品製造業, column 總計",https://ea01.moeaea.gov.tw/a0303/02/publication/annually/,downloaded,
industry_branch_electronics,Industry: Electronics and electrical equipment,工業：電子產品及電力設備,history,2015,50.1239,TWh,Taiwan (national),moeaea_energy_balance,"Energy Administration, energy balance 1982-2025 (toe units)","sheet 104, item 65 電腦通信及視聽電子產品製造業, column 總計",https://ea01.moeaea.gov.tw/a0303/02/publication/annually/,downloaded,
industry_branch_electronics,Industry: Electronics and electrical equipment,工業：電子產品及電力設備,history,2016,52.5434,TWh,Taiwan (national),moeaea_energy_balance,"Energy Administration, energy balance 1982-2025 (toe units)","sheet 105, item 65 電腦通信及視聽電子產品製造業, column 總計",https://ea01.moeaea.gov.tw/a0303/02/publication/annually/,downloaded,
industry_branch_electronics,Industry: Electronics and electrical equipment,工業：電子產品及電力設備,history,2017,54.948,TWh,Taiwan (national),moeaea_energy_balance,"Energy Administration, energy balance 1982-2025 (toe units)","sheet 106, item 65 電腦通信及視聽電子產品製造業, column 總計",https://ea01.moeaea.gov.tw/a0303/02/publication/annually/,downloaded,
industry_branch_electronics,Industry: Electronics and electrical equipment,工業：電子產品及電力設備,history,2018,55.215,TWh,Taiwan (national),moeaea_energy_balance,"Energy Administration, energy balance 1982-2025 (toe units)","sheet 107, item 65 電子產品及電力設備製造業, column 總計",https://ea01.moeaea.gov.tw/a0303/02/publication/annually/,downloaded,
industry_branch_electronics,Industry: Electronics and electrical equipment,工業：電子產品及電力設備,history,2019,56.1304,TWh,Taiwan (national),moeaea_energy_balance,"Energy Administration, energy balance 1982-2025 (toe units)","sheet 108, item 65 電子產品及電力設備製造業, column 總計",https://ea01.moeaea.gov.tw/a0303/02/publication/annually/,downloaded,
industry_branch_electronics,Industry: Electronics and electrical equipment,工業：電子產品及電力設備,history,2020,60.1201,TWh,Taiwan (national),moeaea_energy_balance,"Energy Administration, energy balance 1982-2025 (toe units)","sheet 109, item 65 電子產品及電力設備製造業, column 總計",https://ea01.moeaea.gov.tw/a0303/02/publication/annually/,downloaded,
industry_branch_electronics,Industry: Electronics and electrical equipment,工業：電子產品及電力設備,history,2021,64.6344,TWh,Taiwan (national),moeaea_energy_balance,"Energy Administration, energy balance 1982-2025 (toe units)","sheet 110, item 65 電子產品及電力設備製造業, column 總計",https://ea01.moeaea.gov.tw/a0303/02/publication/annually/,downloaded,
industry_branch_electronics,Industry: Electronics and electrical equipment,工業：電子產品及電力設備,history,2022,66.7298,TWh,Taiwan (national),moeaea_energy_balance,"Energy Administration, energy balance 1982-2025 (toe units)","sheet 111, item 65 電子產品及電力設備製造業, column 總計",https://ea01.moeaea.gov.tw/a0303/02/publication/annually/,downloaded,
industry_branch_electronics,Industry: Electronics and electrical equipment,工業：電子產品及電力設備,history,2023,68.0305,TWh,Taiwan (national),moeaea_energy_balance,"Energy Administration, energy balance 1982-2025 (toe units)","sheet 112, item 65 電子產品及電力設備製造業, column 總計",https://ea01.moeaea.gov.tw/a0303/02/publication/annually/,downloaded,
industry_branch_electronics,Industry: Electronics and electrical equipment,工業：電子產品及電力設備,history,2024,71.1683,TWh,Taiwan (national),moeaea_energy_balance,"Energy Administration, energy balance 1982-2025 (toe units)","sheet 113, item 65 電子產品及電力設備製造業, column 總計",https://ea01.moeaea.gov.tw/a0303/02/publication/annually/,downloaded,
industry_branch_electronics,Industry: Electronics and electrical equipment,工業：電子產品及電力設備,history,2025,75.2128,TWh,Taiwan (national),moeaea_energy_balance,"Energy Administration, energy balance 1982-2025 (toe units)","sheet 114, item 65 電子產品及電力設備製造業, column 總計",https://ea01.moeaea.gov.tw/a0303/02/publication/annually/,downloaded,
industry_branch_non_metallic,"Industry: Cement, glass, ceramics",工業：非金屬礦物（水泥、玻璃、陶瓷）,history,2005,32.6005,TWh,Taiwan (national),moeaea_energy_balance,"Energy Administration, energy balance 1982-2025 (toe units)","sheet 094, item 54 非金屬礦物製品製造業, column 總計",https://ea01.moeaea.gov.tw/a0303/02/publication/annually/,downloaded,
industry_branch_non_metallic,"Industry: Cement, glass, ceramics",工業：非金屬礦物（水泥、玻璃、陶瓷）,history,2006,33.0691,TWh,Taiwan (national),moeaea_energy_balance,"Energy Administration, energy balance 1982-2025 (toe units)","sheet 095, item 54 非金屬礦物製品製造業, column 總計",https://ea01.moeaea.gov.tw/a0303/02/publication/annually/,downloaded,
industry_branch_non_metallic,"Industry: Cement, glass, ceramics",工業：非金屬礦物（水泥、玻璃、陶瓷）,history,2007,31.4015,TWh,Taiwan (national),moeaea_energy_balance,"Energy Administration, energy balance 1982-2025 (toe units)","sheet 096, item 54 非金屬礦物製品製造業, column 總計",https://ea01.moeaea.gov.tw/a0303/02/publication/annually/,downloaded,
industry_branch_non_metallic,"Industry: Cement, glass, ceramics",工業：非金屬礦物（水泥、玻璃、陶瓷）,history,2008,29.7714,TWh,Taiwan (national),moeaea_energy_balance,"Energy Administration, energy balance 1982-2025 (toe units)","sheet 097, item 54 非金屬礦物製品製造業, column 總計",https://ea01.moeaea.gov.tw/a0303/02/publication/annually/,downloaded,
industry_branch_non_metallic,"Industry: Cement, glass, ceramics",工業：非金屬礦物（水泥、玻璃、陶瓷）,history,2009,26.3285,TWh,Taiwan (national),moeaea_energy_balance,"Energy Administration, energy balance 1982-2025 (toe units)","sheet 098, item 54 非金屬礦物製品製造業, column 總計",https://ea01.moeaea.gov.tw/a0303/02/publication/annually/,downloaded,
industry_branch_non_metallic,"Industry: Cement, glass, ceramics",工業：非金屬礦物（水泥、玻璃、陶瓷）,history,2010,27.5721,TWh,Taiwan (national),moeaea_energy_balance,"Energy Administration, energy balance 1982-2025 (toe units)","sheet 099, item 54 非金屬礦物製品製造業, column 總計",https://ea01.moeaea.gov.tw/a0303/02/publication/annually/,downloaded,
industry_branch_non_metallic,"Industry: Cement, glass, ceramics",工業：非金屬礦物（水泥、玻璃、陶瓷）,history,2011,31.9853,TWh,Taiwan (national),moeaea_energy_balance,"Energy Administration, energy balance 1982-2025 (toe units)","sheet 100, item 54 非金屬礦物製品製造業, column 總計",https://ea01.moeaea.gov.tw/a0303/02/publication/annually/,downloaded,
industry_branch_non_metallic,"Industry: Cement, glass, ceramics",工業：非金屬礦物（水泥、玻璃、陶瓷）,history,2012,30.7968,TWh,Taiwan (national),moeaea_energy_balance,"Energy Administration, energy balance 1982-2025 (toe units)","sheet 101, item 54 非金屬礦物製品製造業, column 總計",https://ea01.moeaea.gov.tw/a0303/02/publication/annually/,downloaded,
industry_branch_non_metallic,"Industry: Cement, glass, ceramics",工業：非金屬礦物（水泥、玻璃、陶瓷）,history,2013,31.3987,TWh,Taiwan (national),moeaea_energy_balance,"Energy Administration, energy balance 1982-2025 (toe units)","sheet 102, item 54 非金屬礦物製品製造業, column 總計",https://ea01.moeaea.gov.tw/a0303/02/publication/annually/,downloaded,
industry_branch_non_metallic,"Industry: Cement, glass, ceramics",工業：非金屬礦物（水泥、玻璃、陶瓷）,history,2014,27.7861,TWh,Taiwan (national),moeaea_energy_balance,"Energy Administration, energy balance 1982-2025 (toe units)","sheet 103, item 54 非金屬礦物製品製造業, column 總計",https://ea01.moeaea.gov.tw/a0303/02/publication/annually/,downloaded,
industry_branch_non_metallic,"Industry: Cement, glass, ceramics",工業：非金屬礦物（水泥、玻璃、陶瓷）,history,2015,27.4154,TWh,Taiwan (national),moeaea_energy_balance,"Energy Administration, energy balance 1982-2025 (toe units)","sheet 104, item 54 非金屬礦物製品製造業, column 總計",https://ea01.moeaea.gov.tw/a0303/02/publication/annually/,downloaded,
industry_branch_non_metallic,"Industry: Cement, glass, ceramics",工業：非金屬礦物（水泥、玻璃、陶瓷）,history,2016,25.5048,TWh,Taiwan (national),moeaea_energy_balance,"Energy Administration, energy balance 1982-2025 (toe units)","sheet 105, item 54 非金屬礦物製品製造業, column 總計",https://ea01.moeaea.gov.tw/a0303/02/publication/annually/,downloaded,
industry_branch_non_metallic,"Industry: Cement, glass, ceramics",工業：非金屬礦物（水泥、玻璃、陶瓷）,history,2017,24.0292,TWh,Taiwan (national),moeaea_energy_balance,"Energy Administration, energy balance 1982-2025 (toe units)","sheet 106, item 54 非金屬礦物製品製造業, column 總計",https://ea01.moeaea.gov.tw/a0303/02/publication/annually/,downloaded,
industry_branch_non_metallic,"Industry: Cement, glass, ceramics",工業：非金屬礦物（水泥、玻璃、陶瓷）,history,2018,21.9893,TWh,Taiwan (national),moeaea_energy_balance,"Energy Administration, energy balance 1982-2025 (toe units)","sheet 107, item 54 非金屬礦物製品製造業, column 總計",https://ea01.moeaea.gov.tw/a0303/02/publication/annually/,downloaded,
industry_branch_non_metallic,"Industry: Cement, glass, ceramics",工業：非金屬礦物（水泥、玻璃、陶瓷）,history,2019,22.2854,TWh,Taiwan (national),moeaea_energy_balance,"Energy Administration, energy balance 1982-2025 (toe units)","sheet 108, item 54 非金屬礦物製品製造業, column 總計",https://ea01.moeaea.gov.tw/a0303/02/publication/annually/,downloaded,
industry_branch_non_metallic,"Industry: Cement, glass, ceramics",工業：非金屬礦物（水泥、玻璃、陶瓷）,history,2020,21.9542,TWh,Taiwan (national),moeaea_energy_balance,"Energy Administration, energy balance 1982-2025 (toe units)","sheet 109, item 54 非金屬礦物製品製造業, column 總計",https://ea01.moeaea.gov.tw/a0303/02/publication/annually/,downloaded,
industry_branch_non_metallic,"Industry: Cement, glass, ceramics",工業：非金屬礦物（水泥、玻璃、陶瓷）,history,2021,22.8328,TWh,Taiwan (national),moeaea_energy_balance,"Energy Administration, energy balance 1982-2025 (toe units)","sheet 110, item 54 非金屬礦物製品製造業, column 總計",https://ea01.moeaea.gov.tw/a0303/02/publication/annually/,downloaded,
industry_branch_non_metallic,"Industry: Cement, glass, ceramics",工業：非金屬礦物（水泥、玻璃、陶瓷）,history,2022,21.2431,TWh,Taiwan (national),moeaea_energy_balance,"Energy Administration, energy balance 1982-2025 (toe units)","sheet 111, item 54 非金屬礦物製品製造業, column 總計",https://ea01.moeaea.gov.tw/a0303/02/publication/annually/,downloaded,
industry_branch_non_metallic,"Industry: Cement, glass, ceramics",工業：非金屬礦物（水泥、玻璃、陶瓷）,history,2023,19.2342,TWh,Taiwan (national),moeaea_energy_balance,"Energy Administration, energy balance 1982-2025 (toe units)","sheet 112, item 54 非金屬礦物製品製造業, column 總計",https://ea01.moeaea.gov.tw/a0303/02/publication/annually/,downloaded,
industry_branch_non_metallic,"Industry: Cement, glass, ceramics",工業：非金屬礦物（水泥、玻璃、陶瓷）,history,2024,18.435,TWh,Taiwan (national),moeaea_energy_balance,"Energy Administration, energy balance 1982-2025 (toe units)","sheet 113, item 54 非金屬礦物製品製造業, column 總計",https://ea01.moeaea.gov.tw/a0303/02/publication/annually/,downloaded,
industry_branch_non_metallic,"Industry: Cement, glass, ceramics",工業：非金屬礦物（水泥、玻璃、陶瓷）,history,2025,18.8879,TWh,Taiwan (national),moeaea_energy_balance,"Energy Administration, energy balance 1982-2025 (toe units)","sheet 114, item 54 非金屬礦物製品製造業, column 總計",https://ea01.moeaea.gov.tw/a0303/02/publication/annually/,downloaded,
industry_branch_other,Industry: Other branches,工業：其他行業,history,2005,45.432,TWh,Taiwan (national),moeaea_energy_balance,"Energy Administration, energy balance 1982-2025 (toe units)","sheet 094, item 35 工業部門 minus the branches above",https://ea01.moeaea.gov.tw/a0303/02/publication/annually/,downloaded,
industry_branch_other,Industry: Other branches,工業：其他行業,history,2006,45.5525,TWh,Taiwan (national),moeaea_energy_balance,"Energy Administration, energy balance 1982-2025 (toe units)","sheet 095, item 35 工業部門 minus the branches above",https://ea01.moeaea.gov.tw/a0303/02/publication/annually/,downloaded,
industry_branch_other,Industry: Other branches,工業：其他行業,history,2007,46.8412,TWh,Taiwan (national),moeaea_energy_balance,"Energy Administration, energy balance 1982-2025 (toe units)","sheet 096, item 35 工業部門 minus the branches above",https://ea01.moeaea.gov.tw/a0303/02/publication/annually/,downloaded,
industry_branch_other,Industry: Other branches,工業：其他行業,history,2008,45.7286,TWh,Taiwan (national),moeaea_energy_balance,"Energy Administration, energy balance 1982-2025 (toe units)","sheet 097, item 35 工業部門 minus the branches above",https://ea01.moeaea.gov.tw/a0303/02/publication/annually/,downloaded,
industry_branch_other,Industry: Other branches,工業：其他行業,history,2009,43.6021,TWh,Taiwan (national),moeaea_energy_balance,"Energy Administration, energy balance 1982-2025 (toe units)","sheet 098, item 35 工業部門 minus the branches above",https://ea01.moeaea.gov.tw/a0303/02/publication/annually/,downloaded,
industry_branch_other,Industry: Other branches,工業：其他行業,history,2010,48.2135,TWh,Taiwan (national),moeaea_energy_balance,"Energy Administration, energy balance 1982-2025 (toe units)","sheet 099, item 35 工業部門 minus the branches above",https://ea01.moeaea.gov.tw/a0303/02/publication/annually/,downloaded,
industry_branch_other,Industry: Other branches,工業：其他行業,history,2011,49.6668,TWh,Taiwan (national),moeaea_energy_balance,"Energy Administration, energy balance 1982-2025 (toe units)","sheet 100, item 35 工業部門 minus the branches above",https://ea01.moeaea.gov.tw/a0303/02/publication/annually/,downloaded,
industry_branch_other,Industry: Other branches,工業：其他行業,history,2012,50.1205,TWh,Taiwan (national),moeaea_energy_balance,"Energy Administration, energy balance 1982-2025 (toe units)","sheet 101, item 35 工業部門 minus the branches above",https://ea01.moeaea.gov.tw/a0303/02/publication/annually/,downloaded,
industry_branch_other,Industry: Other branches,工業：其他行業,history,2013,49.9957,TWh,Taiwan (national),moeaea_energy_balance,"Energy Administration, energy balance 1982-2025 (toe units)","sheet 102, item 35 工業部門 minus the branches above",https://ea01.moeaea.gov.tw/a0303/02/publication/annually/,downloaded,
industry_branch_other,Industry: Other branches,工業：其他行業,history,2014,51.5549,TWh,Taiwan (national),moeaea_energy_balance,"Energy Administration, energy balance 1982-2025 (toe units)","sheet 103, item 35 工業部門 minus the branches above",https://ea01.moeaea.gov.tw/a0303/02/publication/annually/,downloaded,
industry_branch_other,Industry: Other branches,工業：其他行業,history,2015,51.6042,TWh,Taiwan (national),moeaea_energy_balance,"Energy Administration, energy balance 1982-2025 (toe units)","sheet 104, item 35 工業部門 minus the branches above",https://ea01.moeaea.gov.tw/a0303/02/publication/annually/,downloaded,
industry_branch_other,Industry: Other branches,工業：其他行業,history,2016,52.7779,TWh,Taiwan (national),moeaea_energy_balance,"Energy Administration, energy balance 1982-2025 (toe units)","sheet 105, item 35 工業部門 minus the branches above",https://ea01.moeaea.gov.tw/a0303/02/publication/annually/,downloaded,
industry_branch_other,Industry: Other branches,工業：其他行業,history,2017,54.6548,TWh,Taiwan (national),moeaea_energy_balance,"Energy Administration, energy balance 1982-2025 (toe units)","sheet 106, item 35 工業部門 minus the branches above",https://ea01.moeaea.gov.tw/a0303/02/publication/annually/,downloaded,
industry_branch_other,Industry: Other branches,工業：其他行業,history,2018,51.1599,TWh,Taiwan (national),moeaea_energy_balance,"Energy Administration, energy balance 1982-2025 (toe units)","sheet 107, item 35 工業部門 minus the branches above",https://ea01.moeaea.gov.tw/a0303/02/publication/annually/,downloaded,
industry_branch_other,Industry: Other branches,工業：其他行業,history,2019,50.2746,TWh,Taiwan (national),moeaea_energy_balance,"Energy Administration, energy balance 1982-2025 (toe units)","sheet 108, item 35 工業部門 minus the branches above",https://ea01.moeaea.gov.tw/a0303/02/publication/annually/,downloaded,
industry_branch_other,Industry: Other branches,工業：其他行業,history,2020,51.1163,TWh,Taiwan (national),moeaea_energy_balance,"Energy Administration, energy balance 1982-2025 (toe units)","sheet 109, item 35 工業部門 minus the branches above",https://ea01.moeaea.gov.tw/a0303/02/publication/annually/,downloaded,
industry_branch_other,Industry: Other branches,工業：其他行業,history,2021,53.9535,TWh,Taiwan (national),moeaea_energy_balance,"Energy Administration, energy balance 1982-2025 (toe units)","sheet 110, item 35 工業部門 minus the branches above",https://ea01.moeaea.gov.tw/a0303/02/publication/annually/,downloaded,
industry_branch_other,Industry: Other branches,工業：其他行業,history,2022,52.1426,TWh,Taiwan (national),moeaea_energy_balance,"Energy Administration, energy balance 1982-2025 (toe units)","sheet 111, item 35 工業部門 minus the branches above",https://ea01.moeaea.gov.tw/a0303/02/publication/annually/,downloaded,
industry_branch_other,Industry: Other branches,工業：其他行業,history,2023,49.7301,TWh,Taiwan (national),moeaea_energy_balance,"Energy Administration, energy balance 1982-2025 (toe units)","sheet 112, item 35 工業部門 minus the branches above",https://ea01.moeaea.gov.tw/a0303/02/publication/annually/,downloaded,
industry_branch_other,Industry: Other branches,工業：其他行業,history,2024,51.2001,TWh,Taiwan (national),moeaea_energy_balance,"Energy Administration, energy balance 1982-2025 (toe units)","sheet 113, item 35 工業部門 minus the branches above",https://ea01.moeaea.gov.tw/a0303/02/publication/annually/,downloaded,
industry_branch_other,Industry: Other branches,工業：其他行業,history,2025,50.5679,TWh,Taiwan (national),moeaea_energy_balance,"Energy Administration, energy balance 1982-2025 (toe units)","sheet 114, item 35 工業部門 minus the branches above",https://ea01.moeaea.gov.tw/a0303/02/publication/annually/,downloaded,
industry_branch_paper,Industry: Pulp and paper,工業：紙漿及紙製品,history,2005,13.5921,TWh,Taiwan (national),moeaea_energy_balance,"Energy Administration, energy balance 1982-2025 (toe units)","sheet 094, item 41 紙漿、紙及紙製品業, column 總計",https://ea01.moeaea.gov.tw/a0303/02/publication/annually/,downloaded,
industry_branch_paper,Industry: Pulp and paper,工業：紙漿及紙製品,history,2006,13.3542,TWh,Taiwan (national),moeaea_energy_balance,"Energy Administration, energy balance 1982-2025 (toe units)","sheet 095, item 41 紙漿、紙及紙製品業, column 總計",https://ea01.moeaea.gov.tw/a0303/02/publication/annually/,downloaded,
industry_branch_paper,Industry: Pulp and paper,工業：紙漿及紙製品,history,2007,13.2239,TWh,Taiwan (national),moeaea_energy_balance,"Energy Administration, energy balance 1982-2025 (toe units)","sheet 096, item 41 紙漿、紙及紙製品業, column 總計",https://ea01.moeaea.gov.tw/a0303/02/publication/annually/,downloaded,
industry_branch_paper,Industry: Pulp and paper,工業：紙漿及紙製品,history,2008,12.0706,TWh,Taiwan (national),moeaea_energy_balance,"Energy Administration, energy balance 1982-2025 (toe units)","sheet 097, item 41 紙漿、紙及紙製品業, column 總計",https://ea01.moeaea.gov.tw/a0303/02/publication/annually/,downloaded,
industry_branch_paper,Industry: Pulp and paper,工業：紙漿及紙製品,history,2009,11.1143,TWh,Taiwan (national),moeaea_energy_balance,"Energy Administration, energy balance 1982-2025 (toe units)","sheet 098, item 41 紙漿、紙及紙製品業, column 總計",https://ea01.moeaea.gov.tw/a0303/02/publication/annually/,downloaded,
industry_branch_paper,Industry: Pulp and paper,工業：紙漿及紙製品,history,2010,12.2516,TWh,Taiwan (national),moeaea_energy_balance,"Energy Administration, energy balance 1982-2025 (toe units)","sheet 099, item 41 紙漿、紙及紙製品業, column 總計",https://ea01.moeaea.gov.tw/a0303/02/publication/annually/,downloaded,
industry_branch_paper,Industry: Pulp and paper,工業：紙漿及紙製品,history,2011,12.9912,TWh,Taiwan (national),moeaea_energy_balance,"Energy Administration, energy balance 1982-2025 (toe units)","sheet 100, item 41 紙漿、紙及紙製品業, column 總計",https://ea01.moeaea.gov.tw/a0303/02/publication/annually/,downloaded,
industry_branch_paper,Industry: Pulp and paper,工業：紙漿及紙製品,history,2012,13.0279,TWh,Taiwan (national),moeaea_energy_balance,"Energy Administration, energy balance 1982-2025 (toe units)","sheet 101, item 41 紙漿、紙及紙製品業, column 總計",https://ea01.moeaea.gov.tw/a0303/02/publication/annually/,downloaded,
industry_branch_paper,Industry: Pulp and paper,工業：紙漿及紙製品,history,2013,12.763,TWh,Taiwan (national),moeaea_energy_balance,"Energy Administration, energy balance 1982-2025 (toe units)","sheet 102, item 41 紙漿、紙及紙製品業, column 總計",https://ea01.moeaea.gov.tw/a0303/02/publication/annually/,downloaded,
industry_branch_paper,Industry: Pulp and paper,工業：紙漿及紙製品,history,2014,12.7007,TWh,Taiwan (national),moeaea_energy_balance,"Energy Administration, energy balance 1982-2025 (toe units)","sheet 103, item 41 紙漿、紙及紙製品業, column 總計",https://ea01.moeaea.gov.tw/a0303/02/publication/annually/,downloaded,
industry_branch_paper,Industry: Pulp and paper,工業：紙漿及紙製品,history,2015,11.5054,TWh,Taiwan (national),moeaea_energy_balance,"Energy Administration, energy balance 1982-2025 (toe units)","sheet 104, item 41 紙漿、紙及紙製品業, column 總計",https://ea01.moeaea.gov.tw/a0303/02/publication/annually/,downloaded,
industry_branch_paper,Industry: Pulp and paper,工業：紙漿及紙製品,history,2016,11.069,TWh,Taiwan (national),moeaea_energy_balance,"Energy Administration, energy balance 1982-2025 (toe units)","sheet 105, item 41 紙漿、紙及紙製品業, column 總計",https://ea01.moeaea.gov.tw/a0303/02/publication/annually/,downloaded,
industry_branch_paper,Industry: Pulp and paper,工業：紙漿及紙製品,history,2017,10.7593,TWh,Taiwan (national),moeaea_energy_balance,"Energy Administration, energy balance 1982-2025 (toe units)","sheet 106, item 41 紙漿、紙及紙製品業, column 總計",https://ea01.moeaea.gov.tw/a0303/02/publication/annually/,downloaded,
industry_branch_paper,Industry: Pulp and paper,工業：紙漿及紙製品,history,2018,11.796,TWh,Taiwan (national),moeaea_energy_balance,"Energy Administration, energy balance 1982-2025 (toe units)","sheet 107, item 41 紙漿、紙及紙製品製造業, column 總計",https://ea01.moeaea.gov.tw/a0303/02/publication/annually/,downloaded,
industry_branch_paper,Industry: Pulp and paper,工業：紙漿及紙製品,history,2019,11.52,TWh,Taiwan (national),moeaea_energy_balance,"Energy Administration, energy balance 1982-2025 (toe units)","sheet 108, item 41 紙漿、紙及紙製品製造業, column 總計",https://ea01.moeaea.gov.tw/a0303/02/publication/annually/,downloaded,
industry_branch_paper,Industry: Pulp and paper,工業：紙漿及紙製品,history,2020,11.8462,TWh,Taiwan (national),moeaea_energy_balance,"Energy Administration, energy balance 1982-2025 (toe units)","sheet 109, item 41 紙漿、紙及紙製品製造業, column 總計",https://ea01.moeaea.gov.tw/a0303/02/publication/annually/,downloaded,
industry_branch_paper,Industry: Pulp and paper,工業：紙漿及紙製品,history,2021,12.1139,TWh,Taiwan (national),moeaea_energy_balance,"Energy Administration, energy balance 1982-2025 (toe units)","sheet 110, item 41 紙漿、紙及紙製品製造業, column 總計",https://ea01.moeaea.gov.tw/a0303/02/publication/annually/,downloaded,
industry_branch_paper,Industry: Pulp and paper,工業：紙漿及紙製品,history,2022,11.7683,TWh,Taiwan (national),moeaea_energy_balance,"Energy Administration, energy balance 1982-2025 (toe units)","sheet 111, item 41 紙漿、紙及紙製品製造業, column 總計",https://ea01.moeaea.gov.tw/a0303/02/publication/annually/,downloaded,
industry_branch_paper,Industry: Pulp and paper,工業：紙漿及紙製品,history,2023,9.8707,TWh,Taiwan (national),moeaea_energy_balance,"Energy Administration, energy balance 1982-2025 (toe units)","sheet 112, item 41 紙漿、紙及紙製品製造業, column 總計",https://ea01.moeaea.gov.tw/a0303/02/publication/annually/,downloaded,
industry_branch_paper,Industry: Pulp and paper,工業：紙漿及紙製品,history,2024,9.3127,TWh,Taiwan (national),moeaea_energy_balance,"Energy Administration, energy balance 1982-2025 (toe units)","sheet 113, item 41 紙漿、紙及紙製品製造業, column 總計",https://ea01.moeaea.gov.tw/a0303/02/publication/annually/,downloaded,
industry_branch_paper,Industry: Pulp and paper,工業：紙漿及紙製品,history,2025,8.9113,TWh,Taiwan (national),moeaea_energy_balance,"Energy Administration, energy balance 1982-2025 (toe units)","sheet 114, item 41 紙漿、紙及紙製品製造業, column 總計",https://ea01.moeaea.gov.tw/a0303/02/publication/annually/,downloaded,
industry_branch_textiles,Industry: Textiles,工業：紡織成衣,history,2005,19.8955,TWh,Taiwan (national),moeaea_energy_balance,"Energy Administration, energy balance 1982-2025 (toe units)","sheet 094, item 38 紡織成衣及服飾業, column 總計",https://ea01.moeaea.gov.tw/a0303/02/publication/annually/,downloaded,
industry_branch_textiles,Industry: Textiles,工業：紡織成衣,history,2006,18.2154,TWh,Taiwan (national),moeaea_energy_balance,"Energy Administration, energy balance 1982-2025 (toe units)","sheet 095, item 38 紡織成衣及服飾業, column 總計",https://ea01.moeaea.gov.tw/a0303/02/publication/annually/,downloaded,
industry_branch_textiles,Industry: Textiles,工業：紡織成衣,history,2007,17.7234,TWh,Taiwan (national),moeaea_energy_balance,"Energy Administration, energy balance 1982-2025 (toe units)","sheet 096, item 38 紡織成衣及服飾業, column 總計",https://ea01.moeaea.gov.tw/a0303/02/publication/annually/,downloaded,
industry_branch_textiles,Industry: Textiles,工業：紡織成衣,history,2008,16.2162,TWh,Taiwan (national),moeaea_energy_balance,"Energy Administration, energy balance 1982-2025 (toe units)","sheet 097, item 38 紡織成衣及服飾業, column 總計",https://ea01.moeaea.gov.tw/a0303/02/publication/annually/,downloaded,
industry_branch_textiles,Industry: Textiles,工業：紡織成衣,history,2009,14.1259,TWh,Taiwan (national),moeaea_energy_balance,"Energy Administration, energy balance 1982-2025 (toe units)","sheet 098, item 38 紡織成衣及服飾業, column 總計",https://ea01.moeaea.gov.tw/a0303/02/publication/annually/,downloaded,
industry_branch_textiles,Industry: Textiles,工業：紡織成衣,history,2010,16.1721,TWh,Taiwan (national),moeaea_energy_balance,"Energy Administration, energy balance 1982-2025 (toe units)","sheet 099, item 38 紡織成衣及服飾業, column 總計",https://ea01.moeaea.gov.tw/a0303/02/publication/annually/,downloaded,
industry_branch_textiles,Industry: Textiles,工業：紡織成衣,history,2011,15.4664,TWh,Taiwan (national),moeaea_energy_balance,"Energy Administration, energy balance 1982-2025 (toe units)","sheet 100, item 38 紡織成衣及服飾業, column 總計",https://ea01.moeaea.gov.tw/a0303/02/publication/annually/,downloaded,
industry_branch_textiles,Industry: Textiles,工業：紡織成衣,history,2012,15.61,TWh,Taiwan (national),moeaea_energy_balance,"Energy Administration, energy balance 1982-2025 (toe units)","sheet 101, item 38 紡織成衣及服飾業, column 總計",https://ea01.moeaea.gov.tw/a0303/02/publication/annually/,downloaded,
industry_branch_textiles,Industry: Textiles,工業：紡織成衣,history,2013,15.7583,TWh,Taiwan (national),moeaea_energy_balance,"Energy Administration, energy balance 1982-2025 (toe units)","sheet 102, item 38 紡織成衣及服飾業, column 總計",https://ea01.moeaea.gov.tw/a0303/02/publication/annually/,downloaded,
industry_branch_textiles,Industry: Textiles,工業：紡織成衣,history,2014,15.3551,TWh,Taiwan (national),moeaea_energy_balance,"Energy Administration, energy balance 1982-2025 (toe units)","sheet 103, item 38 紡織成衣及服飾業, column 總計",https://ea01.moeaea.gov.tw/a0303/02/publication/annually/,downloaded,
industry_branch_textiles,Industry: Textiles,工業：紡織成衣,history,2015,14.0899,TWh,Taiwan (national),moeaea_energy_balance,"Energy Administration, energy balance 1982-2025 (toe units)","sheet 104, item 38 紡織成衣及服飾業, column 總計",https://ea01.moeaea.gov.tw/a0303/02/publication/annually/,downloaded,
industry_branch_textiles,Industry: Textiles,工業：紡織成衣,history,2016,12.8463,TWh,Taiwan (national),moeaea_energy_balance,"Energy Administration, energy balance 1982-2025 (toe units)","sheet 105, item 38 紡織成衣及服飾業, column 總計",https://ea01.moeaea.gov.tw/a0303/02/publication/annually/,downloaded,
industry_branch_textiles,Industry: Textiles,工業：紡織成衣,history,2017,12.5111,TWh,Taiwan (national),moeaea_energy_balance,"Energy Administration, energy balance 1982-2025 (toe units)","sheet 106, item 38 紡織成衣及服飾業, column 總計",https://ea01.moeaea.gov.tw/a0303/02/publication/annually/,downloaded,
industry_branch_textiles,Industry: Textiles,工業：紡織成衣,history,2018,13.2772,TWh,Taiwan (national),moeaea_energy_balance,"Energy Administration, energy balance 1982-2025 (toe units)","sheet 107, item 38 紡織成衣及服飾品製造業, column 總計",https://ea01.moeaea.gov.tw/a0303/02/publication/annually/,downloaded,
industry_branch_textiles,Industry: Textiles,工業：紡織成衣,history,2019,12.4472,TWh,Taiwan (national),moeaea_energy_balance,"Energy Administration, energy balance 1982-2025 (toe units)","sheet 108, item 38 紡織成衣及服飾品製造業, column 總計",https://ea01.moeaea.gov.tw/a0303/02/publication/annually/,downloaded,
industry_branch_textiles,Industry: Textiles,工業：紡織成衣,history,2020,10.3352,TWh,Taiwan (national),moeaea_energy_balance,"Energy Administration, energy balance 1982-2025 (toe units)","sheet 109, item 38 紡織成衣及服飾品製造業, column 總計",https://ea01.moeaea.gov.tw/a0303/02/publication/annually/,downloaded,
industry_branch_textiles,Industry: Textiles,工業：紡織成衣,history,2021,11.4524,TWh,Taiwan (national),moeaea_energy_balance,"Energy Administration, energy balance 1982-2025 (toe units)","sheet 110, item 38 紡織成衣及服飾品製造業, column 總計",https://ea01.moeaea.gov.tw/a0303/02/publication/annually/,downloaded,
industry_branch_textiles,Industry: Textiles,工業：紡織成衣,history,2022,10.6361,TWh,Taiwan (national),moeaea_energy_balance,"Energy Administration, energy balance 1982-2025 (toe units)","sheet 111, item 38 紡織成衣及服飾品製造業, column 總計",https://ea01.moeaea.gov.tw/a0303/02/publication/annually/,downloaded,
industry_branch_textiles,Industry: Textiles,工業：紡織成衣,history,2023,8.9275,TWh,Taiwan (national),moeaea_energy_balance,"Energy Administration, energy balance 1982-2025 (toe units)","sheet 112, item 38 紡織成衣及服飾品製造業, column 總計",https://ea01.moeaea.gov.tw/a0303/02/publication/annually/,downloaded,
industry_branch_textiles,Industry: Textiles,工業：紡織成衣,history,2024,8.9824,TWh,Taiwan (national),moeaea_energy_balance,"Energy Administration, energy balance 1982-2025 (toe units)","sheet 113, item 38 紡織成衣及服飾品製造業, column 總計",https://ea01.moeaea.gov.tw/a0303/02/publication/annually/,downloaded,
industry_branch_textiles,Industry: Textiles,工業：紡織成衣,history,2025,8.0725,TWh,Taiwan (national),moeaea_energy_balance,"Energy Administration, energy balance 1982-2025 (toe units)","sheet 114, item 38 紡織成衣及服飾品製造業, column 總計",https://ea01.moeaea.gov.tw/a0303/02/publication/annually/,downloaded,
line_losses,Line losses,線路損失率,history,2005,4.76,%,Taiwan (national),moeaea_indicators_annual,"Energy Administration, 能源指標年資料 (annual energy indicators)",column 線路損失率(%),https://data.gov.tw/dataset/8308,downloaded,
line_losses,Line losses,線路損失率,history,2006,4.85,%,Taiwan (national),moeaea_indicators_annual,"Energy Administration, 能源指標年資料 (annual energy indicators)",column 線路損失率(%),https://data.gov.tw/dataset/8308,downloaded,
line_losses,Line losses,線路損失率,history,2007,4.75,%,Taiwan (national),moeaea_indicators_annual,"Energy Administration, 能源指標年資料 (annual energy indicators)",column 線路損失率(%),https://data.gov.tw/dataset/8308,downloaded,
line_losses,Line losses,線路損失率,history,2008,4.58,%,Taiwan (national),moeaea_indicators_annual,"Energy Administration, 能源指標年資料 (annual energy indicators)",column 線路損失率(%),https://data.gov.tw/dataset/8308,downloaded,
line_losses,Line losses,線路損失率,history,2009,4.86,%,Taiwan (national),moeaea_indicators_annual,"Energy Administration, 能源指標年資料 (annual energy indicators)",column 線路損失率(%),https://data.gov.tw/dataset/8308,downloaded,
line_losses,Line losses,線路損失率,history,2010,4.66,%,Taiwan (national),moeaea_indicators_annual,"Energy Administration, 能源指標年資料 (annual energy indicators)",column 線路損失率(%),https://data.gov.tw/dataset/8308,downloaded,
line_losses,Line losses,線路損失率,history,2011,4.76,%,Taiwan (national),moeaea_indicators_annual,"Energy Administration, 能源指標年資料 (annual energy indicators)",column 線路損失率(%),https://data.gov.tw/dataset/8308,downloaded,
line_losses,Line losses,線路損失率,history,2012,4.42,%,Taiwan (national),moeaea_indicators_annual,"Energy Administration, 能源指標年資料 (annual energy indicators)",column 線路損失率(%),https://data.gov.tw/dataset/8308,downloaded,
line_losses,Line losses,線路損失率,history,2013,4.25,%,Taiwan (national),moeaea_indicators_annual,"Energy Administration, 能源指標年資料 (annual energy indicators)",column 線路損失率(%),https://data.gov.tw/dataset/8308,downloaded,
line_losses,Line losses,線路損失率,history,2014,4.09,%,Taiwan (national),moeaea_indicators_annual,"Energy Administration, 能源指標年資料 (annual energy indicators)",column 線路損失率(%),https://data.gov.tw/dataset/8308,downloaded,
line_losses,Line losses,線路損失率,history,2015,3.72,%,Taiwan (national),moeaea_indicators_annual,"Energy Administration, 能源指標年資料 (annual energy indicators)",column 線路損失率(%),https://data.gov.tw/dataset/8308,downloaded,
line_losses,Line losses,線路損失率,history,2016,3.85,%,Taiwan (national),moeaea_indicators_annual,"Energy Administration, 能源指標年資料 (annual energy indicators)",column 線路損失率(%),https://data.gov.tw/dataset/8308,downloaded,
line_losses,Line losses,線路損失率,history,2017,3.82,%,Taiwan (national),moeaea_indicators_annual,"Energy Administration, 能源指標年資料 (annual energy indicators)",column 線路損失率(%),https://data.gov.tw/dataset/8308,downloaded,
line_losses,Line losses,線路損失率,history,2018,3.94,%,Taiwan (national),moeaea_indicators_annual,"Energy Administration, 能源指標年資料 (annual energy indicators)",column 線路損失率(%),https://data.gov.tw/dataset/8308,downloaded,
line_losses,Line losses,線路損失率,history,2019,3.86,%,Taiwan (national),moeaea_indicators_annual,"Energy Administration, 能源指標年資料 (annual energy indicators)",column 線路損失率(%),https://data.gov.tw/dataset/8308,downloaded,
line_losses,Line losses,線路損失率,history,2020,3.97,%,Taiwan (national),moeaea_indicators_annual,"Energy Administration, 能源指標年資料 (annual energy indicators)",column 線路損失率(%),https://data.gov.tw/dataset/8308,downloaded,
line_losses,Line losses,線路損失率,history,2021,3.53,%,Taiwan (national),moeaea_indicators_annual,"Energy Administration, 能源指標年資料 (annual energy indicators)",column 線路損失率(%),https://data.gov.tw/dataset/8308,downloaded,
line_losses,Line losses,線路損失率,history,2022,3.82,%,Taiwan (national),moeaea_indicators_annual,"Energy Administration, 能源指標年資料 (annual energy indicators)",column 線路損失率(%),https://data.gov.tw/dataset/8308,downloaded,
line_losses,Line losses,線路損失率,history,2023,3.2,%,Taiwan (national),moeaea_indicators_annual,"Energy Administration, 能源指標年資料 (annual energy indicators)",column 線路損失率(%),https://data.gov.tw/dataset/8308,downloaded,
line_losses,Line losses,線路損失率,history,2024,2.93,%,Taiwan (national),moeaea_indicators_annual,"Energy Administration, 能源指標年資料 (annual energy indicators)",column 線路損失率(%),https://data.gov.tw/dataset/8308,downloaded,
line_losses,Line losses,線路損失率,history,2025,3.19,%,Taiwan (national),moeaea_indicators_annual,"Energy Administration, 能源指標年資料 (annual energy indicators)",column 線路損失率(%),https://data.gov.tw/dataset/8308,downloaded,
load_factor,System load factor,負載率,history,2005,69.97,%,Taiwan (national),moeaea_indicators_annual,"Energy Administration, 能源指標年資料 (annual energy indicators)",column 負載率(%),https://data.gov.tw/dataset/8308,downloaded,
load_factor,System load factor,負載率,history,2006,69.99,%,Taiwan (national),moeaea_indicators_annual,"Energy Administration, 能源指標年資料 (annual energy indicators)",column 負載率(%),https://data.gov.tw/dataset/8308,downloaded,
load_factor,System load factor,負載率,history,2007,70.27,%,Taiwan (national),moeaea_indicators_annual,"Energy Administration, 能源指標年資料 (annual energy indicators)",column 負載率(%),https://data.gov.tw/dataset/8308,downloaded,
load_factor,System load factor,負載率,history,2008,72.78,%,Taiwan (national),moeaea_indicators_annual,"Energy Administration, 能源指標年資料 (annual energy indicators)",column 負載率(%),https://data.gov.tw/dataset/8308,downloaded,
load_factor,System load factor,負載率,history,2009,71.27,%,Taiwan (national),moeaea_indicators_annual,"Energy Administration, 能源指標年資料 (annual energy indicators)",column 負載率(%),https://data.gov.tw/dataset/8308,downloaded,
load_factor,System load factor,負載率,history,2010,71.69,%,Taiwan (national),moeaea_indicators_annual,"Energy Administration, 能源指標年資料 (annual energy indicators)",column 負載率(%),https://data.gov.tw/dataset/8308,downloaded,
load_factor,System load factor,負載率,history,2011,71.98,%,Taiwan (national),moeaea_indicators_annual,"Energy Administration, 能源指標年資料 (annual energy indicators)",column 負載率(%),https://data.gov.tw/dataset/8308,downloaded,
load_factor,System load factor,負載率,history,2012,72.86,%,Taiwan (national),moeaea_indicators_annual,"Energy Administration, 能源指標年資料 (annual energy indicators)",column 負載率(%),https://data.gov.tw/dataset/8308,downloaded,
load_factor,System load factor,負載率,history,2013,71.75,%,Taiwan (national),moeaea_indicators_annual,"Energy Administration, 能源指標年資料 (annual energy indicators)",column 負載率(%),https://data.gov.tw/dataset/8308,downloaded,
load_factor,System load factor,負載率,history,2014,71.87,%,Taiwan (national),moeaea_indicators_annual,"Energy Administration, 能源指標年資料 (annual energy indicators)",column 負載率(%),https://data.gov.tw/dataset/8308,downloaded,
load_factor,System load factor,負載率,history,2015,70.96,%,Taiwan (national),moeaea_indicators_annual,"Energy Administration, 能源指標年資料 (annual energy indicators)",column 負載率(%),https://data.gov.tw/dataset/8308,downloaded,
load_factor,System load factor,負載率,history,2016,71.67,%,Taiwan (national),moeaea_indicators_annual,"Energy Administration, 能源指標年資料 (annual energy indicators)",column 負載率(%),https://data.gov.tw/dataset/8308,downloaded,
load_factor,System load factor,負載率,history,2017,72.75,%,Taiwan (national),moeaea_indicators_annual,"Energy Administration, 能源指標年資料 (annual energy indicators)",column 負載率(%),https://data.gov.tw/dataset/8308,downloaded,
load_factor,System load factor,負載率,history,2018,71.87,%,Taiwan (national),moeaea_indicators_annual,"Energy Administration, 能源指標年資料 (annual energy indicators)",column 負載率(%),https://data.gov.tw/dataset/8308,downloaded,
load_factor,System load factor,負載率,history,2019,71.59,%,Taiwan (national),moeaea_indicators_annual,"Energy Administration, 能源指標年資料 (annual energy indicators)",column 負載率(%),https://data.gov.tw/dataset/8308,downloaded,
load_factor,System load factor,負載率,history,2020,72.12,%,Taiwan (national),moeaea_indicators_annual,"Energy Administration, 能源指標年資料 (annual energy indicators)",column 負載率(%),https://data.gov.tw/dataset/8308,downloaded,
load_factor,System load factor,負載率,history,2021,73.59,%,Taiwan (national),moeaea_indicators_annual,"Energy Administration, 能源指標年資料 (annual energy indicators)",column 負載率(%),https://data.gov.tw/dataset/8308,downloaded,
load_factor,System load factor,負載率,history,2022,70.83,%,Taiwan (national),moeaea_indicators_annual,"Energy Administration, 能源指標年資料 (annual energy indicators)",column 負載率(%),https://data.gov.tw/dataset/8308,downloaded,
load_factor,System load factor,負載率,history,2023,71.46,%,Taiwan (national),moeaea_indicators_annual,"Energy Administration, 能源指標年資料 (annual energy indicators)",column 負載率(%),https://data.gov.tw/dataset/8308,downloaded,
load_factor,System load factor,負載率,history,2024,70.86,%,Taiwan (national),moeaea_indicators_annual,"Energy Administration, 能源指標年資料 (annual energy indicators)",column 負載率(%),https://data.gov.tw/dataset/8308,downloaded,
load_factor,System load factor,負載率,history,2025,72.39,%,Taiwan (national),moeaea_indicators_annual,"Energy Administration, 能源指標年資料 (annual energy indicators)",column 負載率(%),https://data.gov.tw/dataset/8308,downloaded,
night_capability,Night net peak capability,夜間淨尖峰能力,projection,2025,42.139,GW,Taipower system,moea_psd_fy2024,"MOEA, supply-demand report 113年度 (FY2024)","Table 3-2, p. 20 (PDF p. 24)",https://data.gov.tw/dataset/16437,downloaded,
night_capability,Night net peak capability,夜間淨尖峰能力,projection,2026,43.347,GW,Taipower system,moea_psd_fy2024,"MOEA, supply-demand report 113年度 (FY2024)","Table 3-2, p. 20 (PDF p. 24)",https://data.gov.tw/dataset/16437,downloaded,
night_capability,Night net peak capability,夜間淨尖峰能力,projection,2027,44.338,GW,Taipower system,moea_psd_fy2024,"MOEA, supply-demand report 113年度 (FY2024)","Table 3-2, p. 20 (PDF p. 24)",https://data.gov.tw/dataset/16437,downloaded,
night_capability,Night net peak capability,夜間淨尖峰能力,projection,2028,44.887,GW,Taipower system,moea_psd_fy2024,"MOEA, supply-demand report 113年度 (FY2024)","Table 3-2, p. 20 (PDF p. 24)",https://data.gov.tw/dataset/16437,downloaded,
night_capability,Night net peak capability,夜間淨尖峰能力,projection,2029,45.951,GW,Taipower system,moea_psd_fy2024,"MOEA, supply-demand report 113年度 (FY2024)","Table 3-2, p. 20 (PDF p. 24)",https://data.gov.tw/dataset/16437,downloaded,
night_capability,Night net peak capability,夜間淨尖峰能力,projection,2030,50.479,GW,Taipower system,moea_psd_fy2024,"MOEA, supply-demand report 113年度 (FY2024)","Table 3-2, p. 20 (PDF p. 24)",https://data.gov.tw/dataset/16437,downloaded,
night_capability,Night net peak capability,夜間淨尖峰能力,projection,2031,53.966,GW,Taipower system,moea_psd_fy2024,"MOEA, supply-demand report 113年度 (FY2024)","Table 3-2, p. 20 (PDF p. 24)",https://data.gov.tw/dataset/16437,downloaded,
night_capability,Night net peak capability,夜間淨尖峰能力,projection,2032,56.825,GW,Taipower system,moea_psd_fy2024,"MOEA, supply-demand report 113年度 (FY2024)","Table 3-2, p. 20 (PDF p. 24)",https://data.gov.tw/dataset/16437,downloaded,
night_capability,Night net peak capability,夜間淨尖峰能力,projection,2033,57.503,GW,Taipower system,moea_psd_fy2024,"MOEA, supply-demand report 113年度 (FY2024)","Table 3-2, p. 20 (PDF p. 24)",https://data.gov.tw/dataset/16437,downloaded,
night_capability,Night net peak capability,夜間淨尖峰能力,projection,2034,56.923,GW,Taipower system,moea_psd_fy2024,"MOEA, supply-demand report 113年度 (FY2024)","Table 3-2, p. 20 (PDF p. 24)",https://data.gov.tw/dataset/16437,downloaded,
night_peak_load,Night peak load,夜尖峰負載,history,2023,36.146,GW,Taipower system,moea_psd_fy2024,"MOEA, supply-demand report 113年度 (FY2024)","Section 2.2(3), p. 5 (PDF p. 9)",https://data.gov.tw/dataset/16437,downloaded,Derived: 2024 value minus the reported 1155 MW increase
night_peak_load,Night peak load,夜尖峰負載,history,2024,37.301,GW,Taipower system,moea_psd_fy2024,"MOEA, supply-demand report 113年度 (FY2024)","Section 2.2(3), p. 5 (PDF p. 9)",https://data.gov.tw/dataset/16437,downloaded,Actual
night_peak_load,Night peak load,夜尖峰負載,projection,2025,36.888,GW,Taipower system,moea_psd_fy2024,"MOEA, supply-demand report 113年度 (FY2024)","Table 3-2, p. 20 (PDF p. 24)",https://data.gov.tw/dataset/16437,downloaded,2025 is an actual value in the report
night_peak_load,Night peak load,夜尖峰負載,projection,2026,38.106,GW,Taipower system,moea_psd_fy2024,"MOEA, supply-demand report 113年度 (FY2024)","Table 3-2, p. 20 (PDF p. 24)",https://data.gov.tw/dataset/16437,downloaded,
night_peak_load,Night peak load,夜尖峰負載,projection,2027,39.304,GW,Taipower system,moea_psd_fy2024,"MOEA, supply-demand report 113年度 (FY2024)","Table 3-2, p. 20 (PDF p. 24)",https://data.gov.tw/dataset/16437,downloaded,
night_peak_load,Night peak load,夜尖峰負載,projection,2028,40.338,GW,Taipower system,moea_psd_fy2024,"MOEA, supply-demand report 113年度 (FY2024)","Table 3-2, p. 20 (PDF p. 24)",https://data.gov.tw/dataset/16437,downloaded,
night_peak_load,Night peak load,夜尖峰負載,projection,2029,41.183,GW,Taipower system,moea_psd_fy2024,"MOEA, supply-demand report 113年度 (FY2024)","Table 3-2, p. 20 (PDF p. 24)",https://data.gov.tw/dataset/16437,downloaded,
night_peak_load,Night peak load,夜尖峰負載,projection,2030,42.22,GW,Taipower system,moea_psd_fy2024,"MOEA, supply-demand report 113年度 (FY2024)","Table 3-2, p. 20 (PDF p. 24)",https://data.gov.tw/dataset/16437,downloaded,
night_peak_load,Night peak load,夜尖峰負載,projection,2031,43.154,GW,Taipower system,moea_psd_fy2024,"MOEA, supply-demand report 113年度 (FY2024)","Table 3-2, p. 20 (PDF p. 24)",https://data.gov.tw/dataset/16437,downloaded,
night_peak_load,Night peak load,夜尖峰負載,projection,2032,44.092,GW,Taipower system,moea_psd_fy2024,"MOEA, supply-demand report 113年度 (FY2024)","Table 3-2, p. 20 (PDF p. 24)",https://data.gov.tw/dataset/16437,downloaded,
night_peak_load,Night peak load,夜尖峰負載,projection,2033,45.046,GW,Taipower system,moea_psd_fy2024,"MOEA, supply-demand report 113年度 (FY2024)","Table 3-2, p. 20 (PDF p. 24)",https://data.gov.tw/dataset/16437,downloaded,
night_peak_load,Night peak load,夜尖峰負載,projection,2034,45.973,GW,Taipower system,moea_psd_fy2024,"MOEA, supply-demand report 113年度 (FY2024)","Table 3-2, p. 20 (PDF p. 24)",https://data.gov.tw/dataset/16437,downloaded,
night_reserve_margin,Night reserve margin,夜間備用容量率,projection,2025,14.2,%,Taipower system,moea_psd_fy2024,"MOEA, supply-demand report 113年度 (FY2024)","Table 3-2, p. 20 (PDF p. 24)",https://data.gov.tw/dataset/16437,downloaded,
night_reserve_margin,Night reserve margin,夜間備用容量率,projection,2026,13.8,%,Taipower system,moea_psd_fy2024,"MOEA, supply-demand report 113年度 (FY2024)","Table 3-2, p. 20 (PDF p. 24)",https://data.gov.tw/dataset/16437,downloaded,
night_reserve_margin,Night reserve margin,夜間備用容量率,projection,2027,12.8,%,Taipower system,moea_psd_fy2024,"MOEA, supply-demand report 113年度 (FY2024)","Table 3-2, p. 20 (PDF p. 24)",https://data.gov.tw/dataset/16437,downloaded,
night_reserve_margin,Night reserve margin,夜間備用容量率,projection,2028,11.3,%,Taipower system,moea_psd_fy2024,"MOEA, supply-demand report 113年度 (FY2024)","Table 3-2, p. 20 (PDF p. 24)",https://data.gov.tw/dataset/16437,downloaded,
night_reserve_margin,Night reserve margin,夜間備用容量率,projection,2029,11.6,%,Taipower system,moea_psd_fy2024,"MOEA, supply-demand report 113年度 (FY2024)","Table 3-2, p. 20 (PDF p. 24)",https://data.gov.tw/dataset/16437,downloaded,
night_reserve_margin,Night reserve margin,夜間備用容量率,projection,2030,19.6,%,Taipower system,moea_psd_fy2024,"MOEA, supply-demand report 113年度 (FY2024)","Table 3-2, p. 20 (PDF p. 24)",https://data.gov.tw/dataset/16437,downloaded,
night_reserve_margin,Night reserve margin,夜間備用容量率,projection,2031,25.1,%,Taipower system,moea_psd_fy2024,"MOEA, supply-demand report 113年度 (FY2024)","Table 3-2, p. 20 (PDF p. 24)",https://data.gov.tw/dataset/16437,downloaded,
night_reserve_margin,Night reserve margin,夜間備用容量率,projection,2032,28.9,%,Taipower system,moea_psd_fy2024,"MOEA, supply-demand report 113年度 (FY2024)","Table 3-2, p. 20 (PDF p. 24)",https://data.gov.tw/dataset/16437,downloaded,
night_reserve_margin,Night reserve margin,夜間備用容量率,projection,2033,27.7,%,Taipower system,moea_psd_fy2024,"MOEA, supply-demand report 113年度 (FY2024)","Table 3-2, p. 20 (PDF p. 24)",https://data.gov.tw/dataset/16437,downloaded,
night_reserve_margin,Night reserve margin,夜間備用容量率,projection,2034,23.8,%,Taipower system,moea_psd_fy2024,"MOEA, supply-demand report 113年度 (FY2024)","Table 3-2, p. 20 (PDF p. 24)",https://data.gov.tw/dataset/16437,downloaded,
peak_load,Peak load (day),尖峰負載（日間）,history,1982,6.918,GW,Taipower system,taipower_peak_annual,"Taipower, 歷年尖峰負載及備用容量率 (annual peak load)",column 尖峰負載(MW),https://data.gov.tw/dataset/8307,downloaded,
peak_load,Peak load (day),尖峰負載（日間）,history,1983,7.808,GW,Taipower system,taipower_peak_annual,"Taipower, 歷年尖峰負載及備用容量率 (annual peak load)",column 尖峰負載(MW),https://data.gov.tw/dataset/8307,downloaded,
peak_load,Peak load (day),尖峰負載（日間）,history,1984,8.517,GW,Taipower system,taipower_peak_annual,"Taipower, 歷年尖峰負載及備用容量率 (annual peak load)",column 尖峰負載(MW),https://data.gov.tw/dataset/8307,downloaded,
peak_load,Peak load (day),尖峰負載（日間）,history,1985,8.716,GW,Taipower system,taipower_peak_annual,"Taipower, 歷年尖峰負載及備用容量率 (annual peak load)",column 尖峰負載(MW),https://data.gov.tw/dataset/8307,downloaded,
peak_load,Peak load (day),尖峰負載（日間）,history,1986,9.9,GW,Taipower system,taipower_peak_annual,"Taipower, 歷年尖峰負載及備用容量率 (annual peak load)",column 尖峰負載(MW),https://data.gov.tw/dataset/8307,downloaded,
peak_load,Peak load (day),尖峰負載（日間）,history,1987,11.113,GW,Taipower system,taipower_peak_annual,"Taipower, 歷年尖峰負載及備用容量率 (annual peak load)",column 尖峰負載(MW),https://data.gov.tw/dataset/8307,downloaded,
peak_load,Peak load (day),尖峰負載（日間）,history,1988,12.331,GW,Taipower system,taipower_peak_annual,"Taipower, 歷年尖峰負載及備用容量率 (annual peak load)",column 尖峰負載(MW),https://data.gov.tw/dataset/8307,downloaded,
peak_load,Peak load (day),尖峰負載（日間）,history,1989,13.422,GW,Taipower system,taipower_peak_annual,"Taipower, 歷年尖峰負載及備用容量率 (annual peak load)",column 尖峰負載(MW),https://data.gov.tw/dataset/8307,downloaded,
peak_load,Peak load (day),尖峰負載（日間）,history,1990,14.511,GW,Taipower system,taipower_peak_annual,"Taipower, 歷年尖峰負載及備用容量率 (annual peak load)",column 尖峰負載(MW),https://data.gov.tw/dataset/8307,downloaded,
peak_load,Peak load (day),尖峰負載（日間）,history,1991,15.321,GW,Taipower system,taipower_peak_annual,"Taipower, 歷年尖峰負載及備用容量率 (annual peak load)",column 尖峰負載(MW),https://data.gov.tw/dataset/8307,downloaded,
peak_load,Peak load (day),尖峰負載（日間）,history,1992,16.704,GW,Taipower system,taipower_peak_annual,"Taipower, 歷年尖峰負載及備用容量率 (annual peak load)",column 尖峰負載(MW),https://data.gov.tw/dataset/8307,downloaded,
peak_load,Peak load (day),尖峰負載（日間）,history,1993,17.666,GW,Taipower system,taipower_peak_annual,"Taipower, 歷年尖峰負載及備用容量率 (annual peak load)",column 尖峰負載(MW),https://data.gov.tw/dataset/8307,downloaded,
peak_load,Peak load (day),尖峰負載（日間）,history,1994,18.61,GW,Taipower system,taipower_peak_annual,"Taipower, 歷年尖峰負載及備用容量率 (annual peak load)",column 尖峰負載(MW),https://data.gov.tw/dataset/8307,downloaded,
peak_load,Peak load (day),尖峰負載（日間）,history,1995,19.933,GW,Taipower system,taipower_peak_annual,"Taipower, 歷年尖峰負載及備用容量率 (annual peak load)",column 尖峰負載(MW),https://data.gov.tw/dataset/8307,downloaded,
peak_load,Peak load (day),尖峰負載（日間）,history,1996,21.762,GW,Taipower system,taipower_peak_annual,"Taipower, 歷年尖峰負載及備用容量率 (annual peak load)",column 尖峰負載(MW),https://data.gov.tw/dataset/8307,downloaded,
peak_load,Peak load (day),尖峰負載（日間）,history,1997,22.237,GW,Taipower system,taipower_peak_annual,"Taipower, 歷年尖峰負載及備用容量率 (annual peak load)",column 尖峰負載(MW),https://data.gov.tw/dataset/8307,downloaded,
peak_load,Peak load (day),尖峰負載（日間）,history,1998,23.83,GW,Taipower system,taipower_peak_annual,"Taipower, 歷年尖峰負載及備用容量率 (annual peak load)",column 尖峰負載(MW),https://data.gov.tw/dataset/8307,downloaded,
peak_load,Peak load (day),尖峰負載（日間）,history,1999,24.206,GW,Taipower system,taipower_peak_annual,"Taipower, 歷年尖峰負載及備用容量率 (annual peak load)",column 尖峰負載(MW),https://data.gov.tw/dataset/8307,downloaded,
peak_load,Peak load (day),尖峰負載（日間）,history,2000,25.854,GW,Taipower system,taipower_peak_annual,"Taipower, 歷年尖峰負載及備用容量率 (annual peak load)",column 尖峰負載(MW),https://data.gov.tw/dataset/8307,downloaded,
peak_load,Peak load (day),尖峰負載（日間）,history,2001,26.29,GW,Taipower system,taipower_peak_annual,"Taipower, 歷年尖峰負載及備用容量率 (annual peak load)",column 尖峰負載(MW),https://data.gov.tw/dataset/8307,downloaded,
peak_load,Peak load (day),尖峰負載（日間）,history,2002,27.117,GW,Taipower system,taipower_peak_annual,"Taipower, 歷年尖峰負載及備用容量率 (annual peak load)",column 尖峰負載(MW),https://data.gov.tw/dataset/8307,downloaded,
peak_load,Peak load (day),尖峰負載（日間）,history,2003,28.594,GW,Taipower system,taipower_peak_annual,"Taipower, 歷年尖峰負載及備用容量率 (annual peak load)",column 尖峰負載(MW),https://data.gov.tw/dataset/8307,downloaded,
peak_load,Peak load (day),尖峰負載（日間）,history,2004,29.034,GW,Taipower system,taipower_peak_annual,"Taipower, 歷年尖峰負載及備用容量率 (annual peak load)",column 尖峰負載(MW),https://data.gov.tw/dataset/8307,downloaded,
peak_load,Peak load (day),尖峰負載（日間）,history,2005,30.943,GW,Taipower system,taipower_peak_annual,"Taipower, 歷年尖峰負載及備用容量率 (annual peak load)",column 尖峰負載(MW),https://data.gov.tw/dataset/8307,downloaded,
peak_load,Peak load (day),尖峰負載（日間）,history,2006,32.06,GW,Taipower system,taipower_peak_annual,"Taipower, 歷年尖峰負載及備用容量率 (annual peak load)",column 尖峰負載(MW),https://data.gov.tw/dataset/8307,downloaded,
peak_load,Peak load (day),尖峰負載（日間）,history,2007,32.791,GW,Taipower system,taipower_peak_annual,"Taipower, 歷年尖峰負載及備用容量率 (annual peak load)",column 尖峰負載(MW),https://data.gov.tw/dataset/8307,downloaded,
peak_load,Peak load (day),尖峰負載（日間）,history,2008,31.32,GW,Taipower system,taipower_peak_annual,"Taipower, 歷年尖峰負載及備用容量率 (annual peak load)",column 尖峰負載(MW),https://data.gov.tw/dataset/8307,downloaded,
peak_load,Peak load (day),尖峰負載（日間）,history,2009,31.011,GW,Taipower system,taipower_peak_annual,"Taipower, 歷年尖峰負載及備用容量率 (annual peak load)",column 尖峰負載(MW),https://data.gov.tw/dataset/8307,downloaded,
peak_load,Peak load (day),尖峰負載（日間）,history,2010,33.023,GW,Taipower system,taipower_peak_annual,"Taipower, 歷年尖峰負載及備用容量率 (annual peak load)",column 尖峰負載(MW),https://data.gov.tw/dataset/8307,downloaded,
peak_load,Peak load (day),尖峰負載（日間）,history,2011,33.787,GW,Taipower system,taipower_peak_annual,"Taipower, 歷年尖峰負載及備用容量率 (annual peak load)",column 尖峰負載(MW),https://data.gov.tw/dataset/8307,downloaded,
peak_load,Peak load (day),尖峰負載（日間）,history,2012,33.081,GW,Taipower system,taipower_peak_annual,"Taipower, 歷年尖峰負載及備用容量率 (annual peak load)",column 尖峰負載(MW),https://data.gov.tw/dataset/8307,downloaded,
peak_load,Peak load (day),尖峰負載（日間）,history,2013,33.957,GW,Taipower system,taipower_peak_annual,"Taipower, 歷年尖峰負載及備用容量率 (annual peak load)",column 尖峰負載(MW),https://data.gov.tw/dataset/8307,downloaded,
peak_load,Peak load (day),尖峰負載（日間）,history,2014,34.821,GW,Taipower system,taipower_peak_annual,"Taipower, 歷年尖峰負載及備用容量率 (annual peak load)",column 尖峰負載(MW),https://data.gov.tw/dataset/8307,downloaded,
peak_load,Peak load (day),尖峰負載（日間）,history,2015,35.248,GW,Taipower system,taipower_peak_annual,"Taipower, 歷年尖峰負載及備用容量率 (annual peak load)",column 尖峰負載(MW),https://data.gov.tw/dataset/8307,downloaded,
peak_load,Peak load (day),尖峰負載（日間）,history,2016,35.864,GW,Taipower system,taipower_peak_annual,"Taipower, 歷年尖峰負載及備用容量率 (annual peak load)",column 尖峰負載(MW),https://data.gov.tw/dataset/8307,downloaded,
peak_load,Peak load (day),尖峰負載（日間）,history,2017,36.259,GW,Taipower system,taipower_peak_annual,"Taipower, 歷年尖峰負載及備用容量率 (annual peak load)",column 尖峰負載(MW),https://data.gov.tw/dataset/8307,downloaded,
peak_load,Peak load (day),尖峰負載（日間）,history,2018,37.057,GW,Taipower system,taipower_peak_annual,"Taipower, 歷年尖峰負載及備用容量率 (annual peak load)",column 尖峰負載(MW),https://data.gov.tw/dataset/8307,downloaded,
peak_load,Peak load (day),尖峰負載（日間）,history,2019,37.067,GW,Taipower system,taipower_peak_annual,"Taipower, 歷年尖峰負載及備用容量率 (annual peak load)",column 尖峰負載(MW),https://data.gov.tw/dataset/8307,downloaded,
peak_load,Peak load (day),尖峰負載（日間）,history,2020,37.715,GW,Taipower system,taipower_peak_annual,"Taipower, 歷年尖峰負載及備用容量率 (annual peak load)",column 尖峰負載(MW),https://data.gov.tw/dataset/8307,downloaded,
peak_load,Peak load (day),尖峰負載（日間）,history,2021,38.701,GW,Taipower system,taipower_peak_annual,"Taipower, 歷年尖峰負載及備用容量率 (annual peak load)",column 尖峰負載(MW),https://data.gov.tw/dataset/8307,downloaded,
peak_load,Peak load (day),尖峰負載（日間）,history,2022,40.593,GW,Taipower system,taipower_peak_annual,"Taipower, 歷年尖峰負載及備用容量率 (annual peak load)",column 尖峰負載(MW),https://data.gov.tw/dataset/8307,downloaded,
peak_load,Peak load (day),尖峰負載（日間）,history,2023,39.489,GW,Taipower system,taipower_peak_annual,"Taipower, 歷年尖峰負載及備用容量率 (annual peak load)",column 尖峰負載(MW),https://data.gov.tw/dataset/8307,downloaded,
peak_load,Peak load (day),尖峰負載（日間）,history,2024,40.882,GW,Taipower system,taipower_peak_annual,"Taipower, 歷年尖峰負載及備用容量率 (annual peak load)",column 尖峰負載(MW),https://data.gov.tw/dataset/8307,downloaded,
peak_load,Peak load (day),尖峰負載（日間）,history,2025,40.752,GW,Taipower system,taipower_peak_annual,"Taipower, 歷年尖峰負載及備用容量率 (annual peak load)",column 尖峰負載(MW),https://data.gov.tw/dataset/8307,downloaded,
planned_add_gas,Planned gas additions,燃氣機組新增規劃,projection,2024,2.2472,GW,Taipower system,moea_psd_fy2024,"MOEA, supply-demand report 113年度 (FY2024)","Figure 3-3, p. 18 (PDF p. 22); transcribed in official/moea_thermal_schedule_2024_2034.csv",https://data.gov.tw/dataset/16437,downloaded,"Units: Tatan new gas #8 (1123.6 MW, month 4), Tatan new gas #9 (1123.6 MW, month 12)"
planned_add_gas,Planned gas additions,燃氣機組新增規劃,projection,2025,3.313,GW,Taipower system,moea_psd_fy2024,"MOEA, supply-demand report 113年度 (FY2024)","Figure 3-3, p. 18 (PDF p. 22); transcribed in official/moea_thermal_schedule_2024_2034.csv",https://data.gov.tw/dataset/16437,downloaded,"Units: Tatan new gas #7 (913 MW, month 7), Hsinta new gas #1 (1300 MW, month 6), Sun Ba #3 (1100 MW, month 5)"
planned_add_gas,Planned gas additions,燃氣機組新增規劃,projection,2026,5.2,GW,Taipower system,moea_psd_fy2024,"MOEA, supply-demand report 113年度 (FY2024)","Figure 3-3, p. 18 (PDF p. 22); transcribed in official/moea_thermal_schedule_2024_2034.csv",https://data.gov.tw/dataset/16437,downloaded,"Units: Taichung new gas #1 (1300 MW, month 3), Hsinta new gas #2 (1300 MW, month 5), Taichung new gas #2 (1300 MW, month 11), Hsinta new gas #3 (1300 MW, month 11)"
planned_add_gas,Planned gas additions,燃氣機組新增規劃,projection,2028,1.25,GW,Taipower system,moea_psd_fy2024,"MOEA, supply-demand report 113年度 (FY2024)","Figure 3-3, p. 18 (PDF p. 22); transcribed in official/moea_thermal_schedule_2024_2034.csv",https://data.gov.tw/dataset/16437,downloaded,"Units: Kuokuang phase 2 (1250 MW, month 12)"
planned_add_gas,Planned gas additions,燃氣機組新增規劃,projection,2029,3.51,GW,Taipower system,moea_psd_fy2024,"MOEA, supply-demand report 113年度 (FY2024)","Figure 3-3, p. 18 (PDF p. 22); transcribed in official/moea_thermal_schedule_2024_2034.csv",https://data.gov.tw/dataset/16437,downloaded,"Units: Talin new gas #1 (550 MW, month 10), Tunghsiao new gas #4 (560 MW, month 12), Mailiao CC #1 (1200 MW, month 12), Mailiao CC #2 (1200 MW, month 12)"
planned_add_gas,Planned gas additions,燃氣機組新增規劃,projection,2030,2.23,GW,Taipower system,moea_psd_fy2024,"MOEA, supply-demand report 113年度 (FY2024)","Figure 3-3, p. 18 (PDF p. 22); transcribed in official/moea_thermal_schedule_2024_2034.csv",https://data.gov.tw/dataset/16437,downloaded,"Units: Talin new gas #2 (550 MW, month 2), Tunghsiao new gas #5 (560 MW, month 4), Tunghsiao new gas #6 (560 MW, month 8), Tunghsiao new gas #7 (560 MW, month 12)"
planned_add_gas,Planned gas additions,燃氣機組新增規劃,projection,2031,1.86,GW,Taipower system,moea_psd_fy2024,"MOEA, supply-demand report 113年度 (FY2024)","Figure 3-3, p. 18 (PDF p. 22); transcribed in official/moea_thermal_schedule_2024_2034.csv",https://data.gov.tw/dataset/16437,downloaded,"Units: Taichung new gas #3 (1300 MW, month 4), Tunghsiao new gas #8 (560 MW, month 4)"
planned_add_gas,Planned gas additions,燃氣機組新增規劃,projection,2032,3.9,GW,Taipower system,moea_psd_fy2024,"MOEA, supply-demand report 113年度 (FY2024)","Figure 3-3, p. 18 (PDF p. 22); transcribed in official/moea_thermal_schedule_2024_2034.csv",https://data.gov.tw/dataset/16437,downloaded,"Units: Taichung new gas #4 (1300 MW, month 4), Hsieh-ho new gas #1 (1300 MW, month 4), New gas (site not given) (1300 MW, month 6)"
planned_add_gas,Planned gas additions,燃氣機組新增規劃,projection,2033,2.6,GW,Taipower system,moea_psd_fy2024,"MOEA, supply-demand report 113年度 (FY2024)","Figure 3-3, p. 18 (PDF p. 22); transcribed in official/moea_thermal_schedule_2024_2034.csv",https://data.gov.tw/dataset/16437,downloaded,"Units: Taichung new gas #5 (1300 MW, month 4), New gas (site not given) (1300 MW, month 6)"
planned_add_gas,Planned gas additions,燃氣機組新增規劃,projection,2034,1.3,GW,Taipower system,moea_psd_fy2024,"MOEA, supply-demand report 113年度 (FY2024)","Figure 3-3, p. 18 (PDF p. 22); transcribed in official/moea_thermal_schedule_2024_2034.csv",https://data.gov.tw/dataset/16437,downloaded,"Units: Taichung new gas #6 (1300 MW, month 4)"
planned_retire_coal,Planned coal retirements,燃煤機組除役規劃,projection,2024,0.6,GW,Taipower system,moea_psd_fy2024,"MOEA, supply-demand report 113年度 (FY2024)","Figure 3-3, p. 18 (PDF p. 22); transcribed in official/moea_thermal_schedule_2024_2034.csv",https://data.gov.tw/dataset/16437,downloaded,"Units: Mailiao coal #2 (600 MW, month 9)"
planned_retire_coal,Planned coal retirements,燃煤機組除役規劃,projection,2025,1.75,GW,Taipower system,moea_psd_fy2024,"MOEA, supply-demand report 113年度 (FY2024)","Figure 3-3, p. 18 (PDF p. 22); transcribed in official/moea_thermal_schedule_2024_2034.csv",https://data.gov.tw/dataset/16437,downloaded,"Units: Hsinta coal #3 (550 MW, month 12), Mailiao coal #3 (600 MW, month 10), Mailiao coal #1 (600 MW, month 12)"
planned_retire_coal,Planned coal retirements,燃煤機組除役規劃,projection,2026,1.65,GW,Taipower system,moea_psd_fy2024,"MOEA, supply-demand report 113年度 (FY2024)","Figure 3-3, p. 18 (PDF p. 22); transcribed in official/moea_thermal_schedule_2024_2034.csv",https://data.gov.tw/dataset/16437,downloaded,"Units: Hsinta coal #4 (550 MW, month 12), Taichung coal #2 (550 MW, month 12), Taichung coal #1 (550 MW, month 12)"
planned_retire_coal,Planned coal retirements,燃煤機組除役規劃,projection,2031,1.1,GW,Taipower system,moea_psd_fy2024,"MOEA, supply-demand report 113年度 (FY2024)","Figure 3-3, p. 18 (PDF p. 22); transcribed in official/moea_thermal_schedule_2024_2034.csv",https://data.gov.tw/dataset/16437,downloaded,"Units: Taichung coal #4 (550 MW, month 10), Taichung coal #3 (550 MW, month 10)"
planned_retire_coal,Planned coal retirements,燃煤機組除役規劃,projection,2032,1.1,GW,Taipower system,moea_psd_fy2024,"MOEA, supply-demand report 113年度 (FY2024)","Figure 3-3, p. 18 (PDF p. 22); transcribed in official/moea_thermal_schedule_2024_2034.csv",https://data.gov.tw/dataset/16437,downloaded,"Units: Taichung coal #6 (550 MW, month 12), Taichung coal #5 (550 MW, month 12)"
planned_retire_coal,Planned coal retirements,燃煤機組除役規劃,projection,2033,1.1,GW,Taipower system,moea_psd_fy2024,"MOEA, supply-demand report 113年度 (FY2024)","Figure 3-3, p. 18 (PDF p. 22); transcribed in official/moea_thermal_schedule_2024_2034.csv",https://data.gov.tw/dataset/16437,downloaded,"Units: Taichung coal #8 (550 MW, month 12), Taichung coal #7 (550 MW, month 12)"
planned_retire_coal,Planned coal retirements,燃煤機組除役規劃,projection,2034,1.1,GW,Taipower system,moea_psd_fy2024,"MOEA, supply-demand report 113年度 (FY2024)","Figure 3-3, p. 18 (PDF p. 22); transcribed in official/moea_thermal_schedule_2024_2034.csv",https://data.gov.tw/dataset/16437,downloaded,"Units: Taichung coal #10 (550 MW, month 12), Taichung coal #9 (550 MW, month 12)"
planned_retire_gas,Planned gas retirements,燃氣機組除役規劃,projection,2025,1.222,GW,Taipower system,moea_psd_fy2024,"MOEA, supply-demand report 113年度 (FY2024)","Figure 3-3, p. 18 (PDF p. 22); transcribed in official/moea_thermal_schedule_2024_2034.csv",https://data.gov.tw/dataset/16437,downloaded,"Units: Tunghsiao gas #4-5 (772 MW, month 3), Chang Sheng #2 (450 MW, month 7)"
planned_retire_gas,Planned gas retirements,燃氣機組除役規劃,projection,2026,0.45,GW,Taipower system,moea_psd_fy2024,"MOEA, supply-demand report 113年度 (FY2024)","Figure 3-3, p. 18 (PDF p. 22); transcribed in official/moea_thermal_schedule_2024_2034.csv",https://data.gov.tw/dataset/16437,downloaded,"Units: Chang Sheng #1 (450 MW, month 10)"
planned_retire_gas,Planned gas retirements,燃氣機組除役規劃,projection,2028,0.48,GW,Taipower system,moea_psd_fy2024,"MOEA, supply-demand report 113年度 (FY2024)","Figure 3-3, p. 18 (PDF p. 22); transcribed in official/moea_thermal_schedule_2024_2034.csv",https://data.gov.tw/dataset/16437,downloaded,"Units: Kuokuang #1 (480 MW, month 10)"
planned_retire_gas,Planned gas retirements,燃氣機組除役規劃,projection,2029,0.3212,GW,Taipower system,moea_psd_fy2024,"MOEA, supply-demand report 113年度 (FY2024)","Figure 3-3, p. 18 (PDF p. 22); transcribed in official/moea_thermal_schedule_2024_2034.csv",https://data.gov.tw/dataset/16437,downloaded,"Units: Tunghsiao gas #6 (321.2 MW, month 12)"
planned_retire_gas,Planned gas retirements,燃氣機組除役規劃,projection,2033,1.1178,GW,Taipower system,moea_psd_fy2024,"MOEA, supply-demand report 113年度 (FY2024)","Figure 3-3, p. 18 (PDF p. 22); transcribed in official/moea_thermal_schedule_2024_2034.csv",https://data.gov.tw/dataset/16437,downloaded,"Units: Nanpu gas #1-4 (1117.8 MW, month 12)"
planned_retire_gas,Planned gas retirements,燃氣機組除役規劃,projection,2034,0.55,GW,Taipower system,moea_psd_fy2024,"MOEA, supply-demand report 113年度 (FY2024)","Figure 3-3, p. 18 (PDF p. 22); transcribed in official/moea_thermal_schedule_2024_2034.csv",https://data.gov.tw/dataset/16437,downloaded,"Units: Talin #6 (550 MW, month 12)"
planned_retire_oil,Planned oil retirements,燃油機組除役規劃,projection,2032,1.0,GW,Taipower system,moea_psd_fy2024,"MOEA, supply-demand report 113年度 (FY2024)","Figure 3-3, p. 18 (PDF p. 22); transcribed in official/moea_thermal_schedule_2024_2034.csv",https://data.gov.tw/dataset/16437,downloaded,"Units: Hsieh-ho oil #3-4 (1000 MW, month 12)"
re_capacity_share,Renewable share of capacity,再生能源裝置容量占比,history,2005,6.0457,%,Taiwan (national),moeaea_indicators_annual,"Energy Administration, 能源指標年資料 (annual energy indicators)",column 再生能源裝置容量占總裝置容量比例(%),https://data.gov.tw/dataset/8308,downloaded,
re_capacity_share,Renewable share of capacity,再生能源裝置容量占比,history,2006,6.0211,%,Taiwan (national),moeaea_indicators_annual,"Energy Administration, 能源指標年資料 (annual energy indicators)",column 再生能源裝置容量占總裝置容量比例(%),https://data.gov.tw/dataset/8308,downloaded,
re_capacity_share,Renewable share of capacity,再生能源裝置容量占比,history,2007,6.1483,%,Taiwan (national),moeaea_indicators_annual,"Energy Administration, 能源指標年資料 (annual energy indicators)",column 再生能源裝置容量占總裝置容量比例(%),https://data.gov.tw/dataset/8308,downloaded,
re_capacity_share,Renewable share of capacity,再生能源裝置容量占比,history,2008,6.267,%,Taiwan (national),moeaea_indicators_annual,"Energy Administration, 能源指標年資料 (annual energy indicators)",column 再生能源裝置容量占總裝置容量比例(%),https://data.gov.tw/dataset/8308,downloaded,
re_capacity_share,Renewable share of capacity,再生能源裝置容量占比,history,2009,6.3229,%,Taiwan (national),moeaea_indicators_annual,"Energy Administration, 能源指標年資料 (annual energy indicators)",column 再生能源裝置容量占總裝置容量比例(%),https://data.gov.tw/dataset/8308,downloaded,
re_capacity_share,Renewable share of capacity,再生能源裝置容量占比,history,2010,6.5456,%,Taiwan (national),moeaea_indicators_annual,"Energy Administration, 能源指標年資料 (annual energy indicators)",column 再生能源裝置容量占總裝置容量比例(%),https://data.gov.tw/dataset/8308,downloaded,
re_capacity_share,Renewable share of capacity,再生能源裝置容量占比,history,2011,6.9721,%,Taiwan (national),moeaea_indicators_annual,"Energy Administration, 能源指標年資料 (annual energy indicators)",column 再生能源裝置容量占總裝置容量比例(%),https://data.gov.tw/dataset/8308,downloaded,
re_capacity_share,Renewable share of capacity,再生能源裝置容量占比,history,2012,7.4288,%,Taiwan (national),moeaea_indicators_annual,"Energy Administration, 能源指標年資料 (annual energy indicators)",column 再生能源裝置容量占總裝置容量比例(%),https://data.gov.tw/dataset/8308,downloaded,
re_capacity_share,Renewable share of capacity,再生能源裝置容量占比,history,2013,7.8195,%,Taiwan (national),moeaea_indicators_annual,"Energy Administration, 能源指標年資料 (annual energy indicators)",column 再生能源裝置容量占總裝置容量比例(%),https://data.gov.tw/dataset/8308,downloaded,
re_capacity_share,Renewable share of capacity,再生能源裝置容量占比,history,2014,8.3962,%,Taiwan (national),moeaea_indicators_annual,"Energy Administration, 能源指標年資料 (annual energy indicators)",column 再生能源裝置容量占總裝置容量比例(%),https://data.gov.tw/dataset/8308,downloaded,
re_capacity_share,Renewable share of capacity,再生能源裝置容量占比,history,2015,8.8961,%,Taiwan (national),moeaea_indicators_annual,"Energy Administration, 能源指標年資料 (annual energy indicators)",column 再生能源裝置容量占總裝置容量比例(%),https://data.gov.tw/dataset/8308,downloaded,
re_capacity_share,Renewable share of capacity,再生能源裝置容量占比,history,2016,9.5313,%,Taiwan (national),moeaea_indicators_annual,"Energy Administration, 能源指標年資料 (annual energy indicators)",column 再生能源裝置容量占總裝置容量比例(%),https://data.gov.tw/dataset/8308,downloaded,
re_capacity_share,Renewable share of capacity,再生能源裝置容量占比,history,2017,10.6693,%,Taiwan (national),moeaea_indicators_annual,"Energy Administration, 能源指標年資料 (annual energy indicators)",column 再生能源裝置容量占總裝置容量比例(%),https://data.gov.tw/dataset/8308,downloaded,
re_capacity_share,Renewable share of capacity,再生能源裝置容量占比,history,2018,11.8773,%,Taiwan (national),moeaea_indicators_annual,"Energy Administration, 能源指標年資料 (annual energy indicators)",column 再生能源裝置容量占總裝置容量比例(%),https://data.gov.tw/dataset/8308,downloaded,
re_capacity_share,Renewable share of capacity,再生能源裝置容量占比,history,2019,13.8913,%,Taiwan (national),moeaea_indicators_annual,"Energy Administration, 能源指標年資料 (annual energy indicators)",column 再生能源裝置容量占總裝置容量比例(%),https://data.gov.tw/dataset/8308,downloaded,
re_capacity_share,Renewable share of capacity,再生能源裝置容量占比,history,2020,16.5438,%,Taiwan (national),moeaea_indicators_annual,"Energy Administration, 能源指標年資料 (annual energy indicators)",column 再生能源裝置容量占總裝置容量比例(%),https://data.gov.tw/dataset/8308,downloaded,
re_capacity_share,Renewable share of capacity,再生能源裝置容量占比,history,2021,19.545,%,Taiwan (national),moeaea_indicators_annual,"Energy Administration, 能源指標年資料 (annual energy indicators)",column 再生能源裝置容量占總裝置容量比例(%),https://data.gov.tw/dataset/8308,downloaded,
re_capacity_share,Renewable share of capacity,再生能源裝置容量占比,history,2022,22.8137,%,Taiwan (national),moeaea_indicators_annual,"Energy Administration, 能源指標年資料 (annual energy indicators)",column 再生能源裝置容量占總裝置容量比例(%),https://data.gov.tw/dataset/8308,downloaded,
re_capacity_share,Renewable share of capacity,再生能源裝置容量占比,history,2023,28.0358,%,Taiwan (national),moeaea_indicators_annual,"Energy Administration, 能源指標年資料 (annual energy indicators)",column 再生能源裝置容量占總裝置容量比例(%),https://data.gov.tw/dataset/8308,downloaded,
re_capacity_share,Renewable share of capacity,再生能源裝置容量占比,history,2024,31.5422,%,Taiwan (national),moeaea_indicators_annual,"Energy Administration, 能源指標年資料 (annual energy indicators)",column 再生能源裝置容量占總裝置容量比例(%),https://data.gov.tw/dataset/8308,downloaded,
re_capacity_share,Renewable share of capacity,再生能源裝置容量占比,history,2025,32.7404,%,Taiwan (national),moeaea_indicators_annual,"Energy Administration, 能源指標年資料 (annual energy indicators)",column 再生能源裝置容量占總裝置容量比例(%),https://data.gov.tw/dataset/8308,downloaded,
re_share,Renewable share of generation,再生能源發電占比,history,2005,3.3145,%,Taiwan (national),moeaea_indicators_annual,"Energy Administration, 能源指標年資料 (annual energy indicators)",column 再生能源發電占總發電量比例(%),https://data.gov.tw/dataset/8308,downloaded,
re_share,Renewable share of generation,再生能源發電占比,history,2006,3.2878,%,Taiwan (national),moeaea_indicators_annual,"Energy Administration, 能源指標年資料 (annual energy indicators)",column 再生能源發電占總發電量比例(%),https://data.gov.tw/dataset/8308,downloaded,
re_share,Renewable share of generation,再生能源發電占比,history,2007,3.4242,%,Taiwan (national),moeaea_indicators_annual,"Energy Administration, 能源指標年資料 (annual energy indicators)",column 再生能源發電占總發電量比例(%),https://data.gov.tw/dataset/8308,downloaded,
re_share,Renewable share of generation,再生能源發電占比,history,2008,3.4657,%,Taiwan (national),moeaea_indicators_annual,"Energy Administration, 能源指標年資料 (annual energy indicators)",column 再生能源發電占總發電量比例(%),https://data.gov.tw/dataset/8308,downloaded,
re_share,Renewable share of generation,再生能源發電占比,history,2009,3.3948,%,Taiwan (national),moeaea_indicators_annual,"Energy Administration, 能源指標年資料 (annual energy indicators)",column 再生能源發電占總發電量比例(%),https://data.gov.tw/dataset/8308,downloaded,
re_share,Renewable share of generation,再生能源發電占比,history,2010,3.497,%,Taiwan (national),moeaea_indicators_annual,"Energy Administration, 能源指標年資料 (annual energy indicators)",column 再生能源發電占總發電量比例(%),https://data.gov.tw/dataset/8308,downloaded,
re_share,Renewable share of generation,再生能源發電占比,history,2011,3.5639,%,Taiwan (national),moeaea_indicators_annual,"Energy Administration, 能源指標年資料 (annual energy indicators)",column 再生能源發電占總發電量比例(%),https://data.gov.tw/dataset/8308,downloaded,
re_share,Renewable share of generation,再生能源發電占比,history,2012,4.2587,%,Taiwan (national),moeaea_indicators_annual,"Energy Administration, 能源指標年資料 (annual energy indicators)",column 再生能源發電占總發電量比例(%),https://data.gov.tw/dataset/8308,downloaded,
re_share,Renewable share of generation,再生能源發電占比,history,2013,4.3029,%,Taiwan (national),moeaea_indicators_annual,"Energy Administration, 能源指標年資料 (annual energy indicators)",column 再生能源發電占總發電量比例(%),https://data.gov.tw/dataset/8308,downloaded,
re_share,Renewable share of generation,再生能源發電占比,history,2014,3.8178,%,Taiwan (national),moeaea_indicators_annual,"Energy Administration, 能源指標年資料 (annual energy indicators)",column 再生能源發電占總發電量比例(%),https://data.gov.tw/dataset/8308,downloaded,
re_share,Renewable share of generation,再生能源發電占比,history,2015,4.0593,%,Taiwan (national),moeaea_indicators_annual,"Energy Administration, 能源指標年資料 (annual energy indicators)",column 再生能源發電占總發電量比例(%),https://data.gov.tw/dataset/8308,downloaded,
re_share,Renewable share of generation,再生能源發電占比,history,2016,4.821,%,Taiwan (national),moeaea_indicators_annual,"Energy Administration, 能源指標年資料 (annual energy indicators)",column 再生能源發電占總發電量比例(%),https://data.gov.tw/dataset/8308,downloaded,
re_share,Renewable share of generation,再生能源發電占比,history,2017,4.5768,%,Taiwan (national),moeaea_indicators_annual,"Energy Administration, 能源指標年資料 (annual energy indicators)",column 再生能源發電占總發電量比例(%),https://data.gov.tw/dataset/8308,downloaded,
re_share,Renewable share of generation,再生能源發電占比,history,2018,4.5775,%,Taiwan (national),moeaea_indicators_annual,"Energy Administration, 能源指標年資料 (annual energy indicators)",column 再生能源發電占總發電量比例(%),https://data.gov.tw/dataset/8308,downloaded,
re_share,Renewable share of generation,再生能源發電占比,history,2019,5.5496,%,Taiwan (national),moeaea_indicators_annual,"Energy Administration, 能源指標年資料 (annual energy indicators)",column 再生能源發電占總發電量比例(%),https://data.gov.tw/dataset/8308,downloaded,
re_share,Renewable share of generation,再生能源發電占比,history,2020,5.4819,%,Taiwan (national),moeaea_indicators_annual,"Energy Administration, 能源指標年資料 (annual energy indicators)",column 再生能源發電占總發電量比例(%),https://data.gov.tw/dataset/8308,downloaded,
re_share,Renewable share of generation,再生能源發電占比,history,2021,6.1464,%,Taiwan (national),moeaea_indicators_annual,"Energy Administration, 能源指標年資料 (annual energy indicators)",column 再生能源發電占總發電量比例(%),https://data.gov.tw/dataset/8308,downloaded,
re_share,Renewable share of generation,再生能源發電占比,history,2022,8.3599,%,Taiwan (national),moeaea_indicators_annual,"Energy Administration, 能源指標年資料 (annual energy indicators)",column 再生能源發電占總發電量比例(%),https://data.gov.tw/dataset/8308,downloaded,
re_share,Renewable share of generation,再生能源發電占比,history,2023,9.6981,%,Taiwan (national),moeaea_indicators_annual,"Energy Administration, 能源指標年資料 (annual energy indicators)",column 再生能源發電占總發電量比例(%),https://data.gov.tw/dataset/8308,downloaded,
re_share,Renewable share of generation,再生能源發電占比,history,2024,11.7936,%,Taiwan (national),moeaea_indicators_annual,"Energy Administration, 能源指標年資料 (annual energy indicators)",column 再生能源發電占總發電量比例(%),https://data.gov.tw/dataset/8308,downloaded,
re_share,Renewable share of generation,再生能源發電占比,history,2025,13.3229,%,Taiwan (national),moeaea_indicators_annual,"Energy Administration, 能源指標年資料 (annual energy indicators)",column 再生能源發電占總發電量比例(%),https://data.gov.tw/dataset/8308,downloaded,
re_share,Renewable share of generation,再生能源發電占比,target,2026,20.0,%,Taiwan (national),moea_psd_fy2024,"MOEA, supply-demand report 113年度 (FY2024)","Section 3.2(1), p. 11 (PDF p. 15)",https://data.gov.tw/dataset/16437,downloaded,Target date November 2026
re_share,Renewable share of generation,再生能源發電占比,target,2030,30.0,%,Taiwan (national),moea_psd_fy2024,"MOEA, supply-demand report 113年度 (FY2024)","Section 3.2(1), p. 11 (PDF p. 15)",https://data.gov.tw/dataset/16437,downloaded,
re_share,Renewable share of power supply,再生能源供電占比,target,2050,65.0,%,Taiwan (national),ndc_2050_pathway,"NDC, Taiwan's 2050 net-zero pathway (2022)",,https://ncsd.ndc.gov.tw/Fore/nsdn/about0/2050Path,search_summary,Range 60-70%; midpoint shown
reserve_margin,Reserve margin,備用容量率,history,1982,26.8,%,Taipower system,taipower_peak_annual,"Taipower, 歷年尖峰負載及備用容量率 (annual peak load)",column 備用容量率(％),https://data.gov.tw/dataset/8307,downloaded,
reserve_margin,Reserve margin,備用容量率,history,1983,29.2,%,Taipower system,taipower_peak_annual,"Taipower, 歷年尖峰負載及備用容量率 (annual peak load)",column 備用容量率(％),https://data.gov.tw/dataset/8307,downloaded,
reserve_margin,Reserve margin,備用容量率,history,1984,22.1,%,Taipower system,taipower_peak_annual,"Taipower, 歷年尖峰負載及備用容量率 (annual peak load)",column 備用容量率(％),https://data.gov.tw/dataset/8307,downloaded,
reserve_margin,Reserve margin,備用容量率,history,1985,55.1,%,Taipower system,taipower_peak_annual,"Taipower, 歷年尖峰負載及備用容量率 (annual peak load)",column 備用容量率(％),https://data.gov.tw/dataset/8307,downloaded,
reserve_margin,Reserve margin,備用容量率,history,1986,48.3,%,Taipower system,taipower_peak_annual,"Taipower, 歷年尖峰負載及備用容量率 (annual peak load)",column 備用容量率(％),https://data.gov.tw/dataset/8307,downloaded,
reserve_margin,Reserve margin,備用容量率,history,1987,35.0,%,Taipower system,taipower_peak_annual,"Taipower, 歷年尖峰負載及備用容量率 (annual peak load)",column 備用容量率(％),https://data.gov.tw/dataset/8307,downloaded,
reserve_margin,Reserve margin,備用容量率,history,1988,21.7,%,Taipower system,taipower_peak_annual,"Taipower, 歷年尖峰負載及備用容量率 (annual peak load)",column 備用容量率(％),https://data.gov.tw/dataset/8307,downloaded,
reserve_margin,Reserve margin,備用容量率,history,1989,14.0,%,Taipower system,taipower_peak_annual,"Taipower, 歷年尖峰負載及備用容量率 (annual peak load)",column 備用容量率(％),https://data.gov.tw/dataset/8307,downloaded,
reserve_margin,Reserve margin,備用容量率,history,1990,7.4,%,Taipower system,taipower_peak_annual,"Taipower, 歷年尖峰負載及備用容量率 (annual peak load)",column 備用容量率(％),https://data.gov.tw/dataset/8307,downloaded,
reserve_margin,Reserve margin,備用容量率,history,1991,4.8,%,Taipower system,taipower_peak_annual,"Taipower, 歷年尖峰負載及備用容量率 (annual peak load)",column 備用容量率(％),https://data.gov.tw/dataset/8307,downloaded,
reserve_margin,Reserve margin,備用容量率,history,1992,6.7,%,Taipower system,taipower_peak_annual,"Taipower, 歷年尖峰負載及備用容量率 (annual peak load)",column 備用容量率(％),https://data.gov.tw/dataset/8307,downloaded,
reserve_margin,Reserve margin,備用容量率,history,1993,4.2,%,Taipower system,taipower_peak_annual,"Taipower, 歷年尖峰負載及備用容量率 (annual peak load)",column 備用容量率(％),https://data.gov.tw/dataset/8307,downloaded,
reserve_margin,Reserve margin,備用容量率,history,1994,4.8,%,Taipower system,taipower_peak_annual,"Taipower, 歷年尖峰負載及備用容量率 (annual peak load)",column 備用容量率(％),https://data.gov.tw/dataset/8307,downloaded,
reserve_margin,Reserve margin,備用容量率,history,1995,4.7,%,Taipower system,taipower_peak_annual,"Taipower, 歷年尖峰負載及備用容量率 (annual peak load)",column 備用容量率(％),https://data.gov.tw/dataset/8307,downloaded,
reserve_margin,Reserve margin,備用容量率,history,1996,5.6,%,Taipower system,taipower_peak_annual,"Taipower, 歷年尖峰負載及備用容量率 (annual peak load)",column 備用容量率(％),https://data.gov.tw/dataset/8307,downloaded,
reserve_margin,Reserve margin,備用容量率,history,1997,11.0,%,Taipower system,taipower_peak_annual,"Taipower, 歷年尖峰負載及備用容量率 (annual peak load)",column 備用容量率(％),https://data.gov.tw/dataset/8307,downloaded,
reserve_margin,Reserve margin,備用容量率,history,1998,7.7,%,Taipower system,taipower_peak_annual,"Taipower, 歷年尖峰負載及備用容量率 (annual peak load)",column 備用容量率(％),https://data.gov.tw/dataset/8307,downloaded,
reserve_margin,Reserve margin,備用容量率,history,1999,12.5,%,Taipower system,taipower_peak_annual,"Taipower, 歷年尖峰負載及備用容量率 (annual peak load)",column 備用容量率(％),https://data.gov.tw/dataset/8307,downloaded,
reserve_margin,Reserve margin,備用容量率,history,2000,12.6,%,Taipower system,taipower_peak_annual,"Taipower, 歷年尖峰負載及備用容量率 (annual peak load)",column 備用容量率(％),https://data.gov.tw/dataset/8307,downloaded,
reserve_margin,Reserve margin,備用容量率,history,2001,13.2,%,Taipower system,taipower_peak_annual,"Taipower, 歷年尖峰負載及備用容量率 (annual peak load)",column 備用容量率(％),https://data.gov.tw/dataset/8307,downloaded,
reserve_margin,Reserve margin,備用容量率,history,2002,16.0,%,Taipower system,taipower_peak_annual,"Taipower, 歷年尖峰負載及備用容量率 (annual peak load)",column 備用容量率(％),https://data.gov.tw/dataset/8307,downloaded,
reserve_margin,Reserve margin,備用容量率,history,2003,14.6,%,Taipower system,taipower_peak_annual,"Taipower, 歷年尖峰負載及備用容量率 (annual peak load)",column 備用容量率(％),https://data.gov.tw/dataset/8307,downloaded,
reserve_margin,Reserve margin,備用容量率,history,2004,20.2,%,Taipower system,taipower_peak_annual,"Taipower, 歷年尖峰負載及備用容量率 (annual peak load)",column 備用容量率(％),https://data.gov.tw/dataset/8307,downloaded,
reserve_margin,Reserve margin,備用容量率,history,2005,16.3,%,Taipower system,taipower_peak_annual,"Taipower, 歷年尖峰負載及備用容量率 (annual peak load)",column 備用容量率(％),https://data.gov.tw/dataset/8307,downloaded,
reserve_margin,Reserve margin,備用容量率,history,2006,16.1,%,Taipower system,taipower_peak_annual,"Taipower, 歷年尖峰負載及備用容量率 (annual peak load)",column 備用容量率(％),https://data.gov.tw/dataset/8307,downloaded,
reserve_margin,Reserve margin,備用容量率,history,2007,16.2,%,Taipower system,taipower_peak_annual,"Taipower, 歷年尖峰負載及備用容量率 (annual peak load)",column 備用容量率(％),https://data.gov.tw/dataset/8307,downloaded,
reserve_margin,Reserve margin,備用容量率,history,2008,21.1,%,Taipower system,taipower_peak_annual,"Taipower, 歷年尖峰負載及備用容量率 (annual peak load)",column 備用容量率(％),https://data.gov.tw/dataset/8307,downloaded,
reserve_margin,Reserve margin,備用容量率,history,2009,28.1,%,Taipower system,taipower_peak_annual,"Taipower, 歷年尖峰負載及備用容量率 (annual peak load)",column 備用容量率(％),https://data.gov.tw/dataset/8307,downloaded,
reserve_margin,Reserve margin,備用容量率,history,2010,23.4,%,Taipower system,taipower_peak_annual,"Taipower, 歷年尖峰負載及備用容量率 (annual peak load)",column 備用容量率(％),https://data.gov.tw/dataset/8307,downloaded,
reserve_margin,Reserve margin,備用容量率,history,2011,20.6,%,Taipower system,taipower_peak_annual,"Taipower, 歷年尖峰負載及備用容量率 (annual peak load)",column 備用容量率(％),https://data.gov.tw/dataset/8307,downloaded,
reserve_margin,Reserve margin,備用容量率,history,2012,22.7,%,Taipower system,taipower_peak_annual,"Taipower, 歷年尖峰負載及備用容量率 (annual peak load)",column 備用容量率(％),https://data.gov.tw/dataset/8307,downloaded,
reserve_margin,Reserve margin,備用容量率,history,2013,17.5,%,Taipower system,taipower_peak_annual,"Taipower, 歷年尖峰負載及備用容量率 (annual peak load)",column 備用容量率(％),https://data.gov.tw/dataset/8307,downloaded,
reserve_margin,Reserve margin,備用容量率,history,2014,14.7,%,Taipower system,taipower_peak_annual,"Taipower, 歷年尖峰負載及備用容量率 (annual peak load)",column 備用容量率(％),https://data.gov.tw/dataset/8307,downloaded,
reserve_margin,Reserve margin,備用容量率,history,2015,11.5,%,Taipower system,taipower_peak_annual,"Taipower, 歷年尖峰負載及備用容量率 (annual peak load)",column 備用容量率(％),https://data.gov.tw/dataset/8307,downloaded,
reserve_margin,Reserve margin,備用容量率,history,2016,10.4,%,Taipower system,taipower_peak_annual,"Taipower, 歷年尖峰負載及備用容量率 (annual peak load)",column 備用容量率(％),https://data.gov.tw/dataset/8307,downloaded,
reserve_margin,Reserve margin,備用容量率,history,2017,9.8,%,Taipower system,taipower_peak_annual,"Taipower, 歷年尖峰負載及備用容量率 (annual peak load)",column 備用容量率(％),https://data.gov.tw/dataset/8307,downloaded,
reserve_margin,Reserve margin,備用容量率,history,2018,10.0,%,Taipower system,taipower_peak_annual,"Taipower, 歷年尖峰負載及備用容量率 (annual peak load)",column 備用容量率(％),https://data.gov.tw/dataset/8307,downloaded,
reserve_margin,Reserve margin,備用容量率,history,2019,16.8,%,Taipower system,taipower_peak_annual,"Taipower, 歷年尖峰負載及備用容量率 (annual peak load)",column 備用容量率(％),https://data.gov.tw/dataset/8307,downloaded,
reserve_margin,Reserve margin,備用容量率,history,2020,16.4,%,Taipower system,taipower_peak_annual,"Taipower, 歷年尖峰負載及備用容量率 (annual peak load)",column 備用容量率(％),https://data.gov.tw/dataset/8307,downloaded,
reserve_margin,Reserve margin,備用容量率,history,2021,13.5,%,Taipower system,taipower_peak_annual,"Taipower, 歷年尖峰負載及備用容量率 (annual peak load)",column 備用容量率(％),https://data.gov.tw/dataset/8307,downloaded,
reserve_margin,Reserve margin,備用容量率,history,2022,12.2,%,Taipower system,taipower_peak_annual,"Taipower, 歷年尖峰負載及備用容量率 (annual peak load)",column 備用容量率(％),https://data.gov.tw/dataset/8307,downloaded,Night-time reserve margin from 2022
reserve_margin,Reserve margin,備用容量率,history,2023,14.7,%,Taipower system,taipower_peak_annual,"Taipower, 歷年尖峰負載及備用容量率 (annual peak load)",column 備用容量率(％),https://data.gov.tw/dataset/8307,downloaded,Night-time reserve margin from 2022
reserve_margin,Reserve margin,備用容量率,history,2024,11.0,%,Taipower system,taipower_peak_annual,"Taipower, 歷年尖峰負載及備用容量率 (annual peak load)",column 備用容量率(％),https://data.gov.tw/dataset/8307,downloaded,Night-time reserve margin from 2022
reserve_margin,Reserve margin,備用容量率,history,2025,14.2,%,Taipower system,taipower_peak_annual,"Taipower, 歷年尖峰負載及備用容量率 (annual peak load)",column 備用容量率(％),https://data.gov.tw/dataset/8307,downloaded,Night-time reserve margin from 2022
sector_energy_agriculture,Energy use: Agriculture,能源消費：農業部門,history,2005,12.3248,TWh,Taiwan (national),moeaea_energy_balance,"Energy Administration, energy balance 1982-2025 (toe units)","sheet 094, item 80 農業部門, column 總計",https://ea01.moeaea.gov.tw/a0303/02/publication/annually/,downloaded,
sector_energy_agriculture,Energy use: Agriculture,能源消費：農業部門,history,2006,8.766,TWh,Taiwan (national),moeaea_energy_balance,"Energy Administration, energy balance 1982-2025 (toe units)","sheet 095, item 80 農業部門, column 總計",https://ea01.moeaea.gov.tw/a0303/02/publication/annually/,downloaded,
sector_energy_agriculture,Energy use: Agriculture,能源消費：農業部門,history,2007,6.6988,TWh,Taiwan (national),moeaea_energy_balance,"Energy Administration, energy balance 1982-2025 (toe units)","sheet 096, item 80 農業部門, column 總計",https://ea01.moeaea.gov.tw/a0303/02/publication/annually/,downloaded,
sector_energy_agriculture,Energy use: Agriculture,能源消費：農業部門,history,2008,8.398,TWh,Taiwan (national),moeaea_energy_balance,"Energy Administration, energy balance 1982-2025 (toe units)","sheet 097, item 80 農業部門, column 總計",https://ea01.moeaea.gov.tw/a0303/02/publication/annually/,downloaded,
sector_energy_agriculture,Energy use: Agriculture,能源消費：農業部門,history,2009,6.9823,TWh,Taiwan (national),moeaea_energy_balance,"Energy Administration, energy balance 1982-2025 (toe units)","sheet 098, item 80 農業部門, column 總計",https://ea01.moeaea.gov.tw/a0303/02/publication/annually/,downloaded,
sector_energy_agriculture,Energy use: Agriculture,能源消費：農業部門,history,2010,6.8124,TWh,Taiwan (national),moeaea_energy_balance,"Energy Administration, energy balance 1982-2025 (toe units)","sheet 099, item 80 農業部門, column 總計",https://ea01.moeaea.gov.tw/a0303/02/publication/annually/,downloaded,
sector_energy_agriculture,Energy use: Agriculture,能源消費：農業部門,history,2011,6.969,TWh,Taiwan (national),moeaea_energy_balance,"Energy Administration, energy balance 1982-2025 (toe units)","sheet 100, item 80 農業部門, column 總計",https://ea01.moeaea.gov.tw/a0303/02/publication/annually/,downloaded,
sector_energy_agriculture,Energy use: Agriculture,能源消費：農業部門,history,2012,7.4862,TWh,Taiwan (national),moeaea_energy_balance,"Energy Administration, energy balance 1982-2025 (toe units)","sheet 101, item 80 農業部門, column 總計",https://ea01.moeaea.gov.tw/a0303/02/publication/annually/,downloaded,
sector_energy_agriculture,Energy use: Agriculture,能源消費：農業部門,history,2013,7.6002,TWh,Taiwan (national),moeaea_energy_balance,"Energy Administration, energy balance 1982-2025 (toe units)","sheet 102, item 80 農業部門, column 總計",https://ea01.moeaea.gov.tw/a0303/02/publication/annually/,downloaded,
sector_energy_agriculture,Energy use: Agriculture,能源消費：農業部門,history,2014,7.9006,TWh,Taiwan (national),moeaea_energy_balance,"Energy Administration, energy balance 1982-2025 (toe units)","sheet 103, item 80 農業部門, column 總計",https://ea01.moeaea.gov.tw/a0303/02/publication/annually/,downloaded,
sector_energy_agriculture,Energy use: Agriculture,能源消費：農業部門,history,2015,7.7674,TWh,Taiwan (national),moeaea_energy_balance,"Energy Administration, energy balance 1982-2025 (toe units)","sheet 104, item 80 農業部門, column 總計",https://ea01.moeaea.gov.tw/a0303/02/publication/annually/,downloaded,
sector_energy_agriculture,Energy use: Agriculture,能源消費：農業部門,history,2016,7.7165,TWh,Taiwan (national),moeaea_energy_balance,"Energy Administration, energy balance 1982-2025 (toe units)","sheet 105, item 80 農業部門, column 總計",https://ea01.moeaea.gov.tw/a0303/02/publication/annually/,downloaded,
sector_energy_agriculture,Energy use: Agriculture,能源消費：農業部門,history,2017,7.5495,TWh,Taiwan (national),moeaea_energy_balance,"Energy Administration, energy balance 1982-2025 (toe units)","sheet 106, item 80 農業部門, column 總計",https://ea01.moeaea.gov.tw/a0303/02/publication/annually/,downloaded,
sector_energy_agriculture,Energy use: Agriculture,能源消費：農業部門,history,2018,8.6463,TWh,Taiwan (national),moeaea_energy_balance,"Energy Administration, energy balance 1982-2025 (toe units)","sheet 107, item 80 農業部門, column 總計",https://ea01.moeaea.gov.tw/a0303/02/publication/annually/,downloaded,
sector_energy_agriculture,Energy use: Agriculture,能源消費：農業部門,history,2019,8.7391,TWh,Taiwan (national),moeaea_energy_balance,"Energy Administration, energy balance 1982-2025 (toe units)","sheet 108, item 80 農業部門, column 總計",https://ea01.moeaea.gov.tw/a0303/02/publication/annually/,downloaded,
sector_energy_agriculture,Energy use: Agriculture,能源消費：農業部門,history,2020,8.2601,TWh,Taiwan (national),moeaea_energy_balance,"Energy Administration, energy balance 1982-2025 (toe units)","sheet 109, item 80 農業部門, column 總計",https://ea01.moeaea.gov.tw/a0303/02/publication/annually/,downloaded,
sector_energy_agriculture,Energy use: Agriculture,能源消費：農業部門,history,2021,8.251,TWh,Taiwan (national),moeaea_energy_balance,"Energy Administration, energy balance 1982-2025 (toe units)","sheet 110, item 80 農業部門, column 總計",https://ea01.moeaea.gov.tw/a0303/02/publication/annually/,downloaded,
sector_energy_agriculture,Energy use: Agriculture,能源消費：農業部門,history,2022,8.3998,TWh,Taiwan (national),moeaea_energy_balance,"Energy Administration, energy balance 1982-2025 (toe units)","sheet 111, item 80 農業部門, column 總計",https://ea01.moeaea.gov.tw/a0303/02/publication/annually/,downloaded,
sector_energy_agriculture,Energy use: Agriculture,能源消費：農業部門,history,2023,9.0261,TWh,Taiwan (national),moeaea_energy_balance,"Energy Administration, energy balance 1982-2025 (toe units)","sheet 112, item 80 農業部門, column 總計",https://ea01.moeaea.gov.tw/a0303/02/publication/annually/,downloaded,
sector_energy_agriculture,Energy use: Agriculture,能源消費：農業部門,history,2024,9.4677,TWh,Taiwan (national),moeaea_energy_balance,"Energy Administration, energy balance 1982-2025 (toe units)","sheet 113, item 80 農業部門, column 總計",https://ea01.moeaea.gov.tw/a0303/02/publication/annually/,downloaded,
sector_energy_agriculture,Energy use: Agriculture,能源消費：農業部門,history,2025,9.2846,TWh,Taiwan (national),moeaea_energy_balance,"Energy Administration, energy balance 1982-2025 (toe units)","sheet 114, item 80 農業部門, column 總計",https://ea01.moeaea.gov.tw/a0303/02/publication/annually/,downloaded,
sector_energy_energy_own_use,Energy use: Energy sector own use,能源消費：能源部門自用,history,2005,72.6675,TWh,Taiwan (national),moeaea_energy_balance,"Energy Administration, energy balance 1982-2025 (toe units)","sheet 094, item 22 能源部門自用, column 總計",https://ea01.moeaea.gov.tw/a0303/02/publication/annually/,downloaded,Energy sector own use is not final consumption; shown for completeness
sector_energy_energy_own_use,Energy use: Energy sector own use,能源消費：能源部門自用,history,2006,73.0954,TWh,Taiwan (national),moeaea_energy_balance,"Energy Administration, energy balance 1982-2025 (toe units)","sheet 095, item 22 能源部門自用, column 總計",https://ea01.moeaea.gov.tw/a0303/02/publication/annually/,downloaded,Energy sector own use is not final consumption; shown for completeness
sector_energy_energy_own_use,Energy use: Energy sector own use,能源消費：能源部門自用,history,2007,73.9971,TWh,Taiwan (national),moeaea_energy_balance,"Energy Administration, energy balance 1982-2025 (toe units)","sheet 096, item 22 能源部門自用, column 總計",https://ea01.moeaea.gov.tw/a0303/02/publication/annually/,downloaded,Energy sector own use is not final consumption; shown for completeness
sector_energy_energy_own_use,Energy use: Energy sector own use,能源消費：能源部門自用,history,2008,66.4302,TWh,Taiwan (national),moeaea_energy_balance,"Energy Administration, energy balance 1982-2025 (toe units)","sheet 097, item 22 能源部門自用, column 總計",https://ea01.moeaea.gov.tw/a0303/02/publication/annually/,downloaded,Energy sector own use is not final consumption; shown for completeness
sector_energy_energy_own_use,Energy use: Energy sector own use,能源消費：能源部門自用,history,2009,64.9401,TWh,Taiwan (national),moeaea_energy_balance,"Energy Administration, energy balance 1982-2025 (toe units)","sheet 098, item 22 能源部門自用, column 總計",https://ea01.moeaea.gov.tw/a0303/02/publication/annually/,downloaded,Energy sector own use is not final consumption; shown for completeness
sector_energy_energy_own_use,Energy use: Energy sector own use,能源消費：能源部門自用,history,2010,68.5768,TWh,Taiwan (national),moeaea_energy_balance,"Energy Administration, energy balance 1982-2025 (toe units)","sheet 099, item 22 能源部門自用, column 總計",https://ea01.moeaea.gov.tw/a0303/02/publication/annually/,downloaded,Energy sector own use is not final consumption; shown for completeness
sector_energy_energy_own_use,Energy use: Energy sector own use,能源消費：能源部門自用,history,2011,66.7381,TWh,Taiwan (national),moeaea_energy_balance,"Energy Administration, energy balance 1982-2025 (toe units)","sheet 100, item 22 能源部門自用, column 總計",https://ea01.moeaea.gov.tw/a0303/02/publication/annually/,downloaded,Energy sector own use is not final consumption; shown for completeness
sector_energy_energy_own_use,Energy use: Energy sector own use,能源消費：能源部門自用,history,2012,68.0278,TWh,Taiwan (national),moeaea_energy_balance,"Energy Administration, energy balance 1982-2025 (toe units)","sheet 101, item 22 能源部門自用, column 總計",https://ea01.moeaea.gov.tw/a0303/02/publication/annually/,downloaded,Energy sector own use is not final consumption; shown for completeness
sector_energy_energy_own_use,Energy use: Energy sector own use,能源消費：能源部門自用,history,2013,68.6409,TWh,Taiwan (national),moeaea_energy_balance,"Energy Administration, energy balance 1982-2025 (toe units)","sheet 102, item 22 能源部門自用, column 總計",https://ea01.moeaea.gov.tw/a0303/02/publication/annually/,downloaded,Energy sector own use is not final consumption; shown for completeness
sector_energy_energy_own_use,Energy use: Energy sector own use,能源消費：能源部門自用,history,2014,75.1972,TWh,Taiwan (national),moeaea_energy_balance,"Energy Administration, energy balance 1982-2025 (toe units)","sheet 103, item 22 能源部門自用, column 總計",https://ea01.moeaea.gov.tw/a0303/02/publication/annually/,downloaded,Energy sector own use is not final consumption; shown for completeness
sector_energy_energy_own_use,Energy use: Energy sector own use,能源消費：能源部門自用,history,2015,75.2472,TWh,Taiwan (national),moeaea_energy_balance,"Energy Administration, energy balance 1982-2025 (toe units)","sheet 104, item 22 能源部門自用, column 總計",https://ea01.moeaea.gov.tw/a0303/02/publication/annually/,downloaded,Energy sector own use is not final consumption; shown for completeness
sector_energy_energy_own_use,Energy use: Energy sector own use,能源消費：能源部門自用,history,2016,74.855,TWh,Taiwan (national),moeaea_energy_balance,"Energy Administration, energy balance 1982-2025 (toe units)","sheet 105, item 22 能源部門自用, column 總計",https://ea01.moeaea.gov.tw/a0303/02/publication/annually/,downloaded,Energy sector own use is not final consumption; shown for completeness
sector_energy_energy_own_use,Energy use: Energy sector own use,能源消費：能源部門自用,history,2017,73.8857,TWh,Taiwan (national),moeaea_energy_balance,"Energy Administration, energy balance 1982-2025 (toe units)","sheet 106, item 22 能源部門自用, column 總計",https://ea01.moeaea.gov.tw/a0303/02/publication/annually/,downloaded,Energy sector own use is not final consumption; shown for completeness
sector_energy_energy_own_use,Energy use: Energy sector own use,能源消費：能源部門自用,history,2018,77.1637,TWh,Taiwan (national),moeaea_energy_balance,"Energy Administration, energy balance 1982-2025 (toe units)","sheet 107, item 22 能源部門自用, column 總計",https://ea01.moeaea.gov.tw/a0303/02/publication/annually/,downloaded,Energy sector own use is not final consumption; shown for completeness
sector_energy_energy_own_use,Energy use: Energy sector own use,能源消費：能源部門自用,history,2019,78.1961,TWh,Taiwan (national),moeaea_energy_balance,"Energy Administration, energy balance 1982-2025 (toe units)","sheet 108, item 22 能源部門自用, column 總計",https://ea01.moeaea.gov.tw/a0303/02/publication/annually/,downloaded,Energy sector own use is not final consumption; shown for completeness
sector_energy_energy_own_use,Energy use: Energy sector own use,能源消費：能源部門自用,history,2020,73.9659,TWh,Taiwan (national),moeaea_energy_balance,"Energy Administration, energy balance 1982-2025 (toe units)","sheet 109, item 22 能源部門自用, column 總計",https://ea01.moeaea.gov.tw/a0303/02/publication/annually/,downloaded,Energy sector own use is not final consumption; shown for completeness
sector_energy_energy_own_use,Energy use: Energy sector own use,能源消費：能源部門自用,history,2021,75.879,TWh,Taiwan (national),moeaea_energy_balance,"Energy Administration, energy balance 1982-2025 (toe units)","sheet 110, item 22 能源部門自用, column 總計",https://ea01.moeaea.gov.tw/a0303/02/publication/annually/,downloaded,Energy sector own use is not final consumption; shown for completeness
sector_energy_energy_own_use,Energy use: Energy sector own use,能源消費：能源部門自用,history,2022,75.9862,TWh,Taiwan (national),moeaea_energy_balance,"Energy Administration, energy balance 1982-2025 (toe units)","sheet 111, item 22 能源部門自用, column 總計",https://ea01.moeaea.gov.tw/a0303/02/publication/annually/,downloaded,Energy sector own use is not final consumption; shown for completeness
sector_energy_energy_own_use,Energy use: Energy sector own use,能源消費：能源部門自用,history,2023,71.1307,TWh,Taiwan (national),moeaea_energy_balance,"Energy Administration, energy balance 1982-2025 (toe units)","sheet 112, item 22 能源部門自用, column 總計",https://ea01.moeaea.gov.tw/a0303/02/publication/annually/,downloaded,Energy sector own use is not final consumption; shown for completeness
sector_energy_energy_own_use,Energy use: Energy sector own use,能源消費：能源部門自用,history,2024,72.5147,TWh,Taiwan (national),moeaea_energy_balance,"Energy Administration, energy balance 1982-2025 (toe units)","sheet 113, item 22 能源部門自用, column 總計",https://ea01.moeaea.gov.tw/a0303/02/publication/annually/,downloaded,Energy sector own use is not final consumption; shown for completeness
sector_energy_energy_own_use,Energy use: Energy sector own use,能源消費：能源部門自用,history,2025,71.1946,TWh,Taiwan (national),moeaea_energy_balance,"Energy Administration, energy balance 1982-2025 (toe units)","sheet 114, item 22 能源部門自用, column 總計",https://ea01.moeaea.gov.tw/a0303/02/publication/annually/,downloaded,Energy sector own use is not final consumption; shown for completeness
sector_energy_industry,Energy use: Industry,能源消費：工業部門,history,2005,264.9024,TWh,Taiwan (national),moeaea_energy_balance,"Energy Administration, energy balance 1982-2025 (toe units)","sheet 094, item 35 工業部門, column 總計",https://ea01.moeaea.gov.tw/a0303/02/publication/annually/,downloaded,
sector_energy_industry,Energy use: Industry,能源消費：工業部門,history,2006,274.9313,TWh,Taiwan (national),moeaea_energy_balance,"Energy Administration, energy balance 1982-2025 (toe units)","sheet 095, item 35 工業部門, column 總計",https://ea01.moeaea.gov.tw/a0303/02/publication/annually/,downloaded,
sector_energy_industry,Energy use: Industry,能源消費：工業部門,history,2007,282.5331,TWh,Taiwan (national),moeaea_energy_balance,"Energy Administration, energy balance 1982-2025 (toe units)","sheet 096, item 35 工業部門, column 總計",https://ea01.moeaea.gov.tw/a0303/02/publication/annually/,downloaded,
sector_energy_industry,Energy use: Industry,能源消費：工業部門,history,2008,265.1092,TWh,Taiwan (national),moeaea_energy_balance,"Energy Administration, energy balance 1982-2025 (toe units)","sheet 097, item 35 工業部門, column 總計",https://ea01.moeaea.gov.tw/a0303/02/publication/annually/,downloaded,
sector_energy_industry,Energy use: Industry,能源消費：工業部門,history,2009,248.7431,TWh,Taiwan (national),moeaea_energy_balance,"Energy Administration, energy balance 1982-2025 (toe units)","sheet 098, item 35 工業部門, column 總計",https://ea01.moeaea.gov.tw/a0303/02/publication/annually/,downloaded,
sector_energy_industry,Energy use: Industry,能源消費：工業部門,history,2010,279.2263,TWh,Taiwan (national),moeaea_energy_balance,"Energy Administration, energy balance 1982-2025 (toe units)","sheet 099, item 35 工業部門, column 總計",https://ea01.moeaea.gov.tw/a0303/02/publication/annually/,downloaded,
sector_energy_industry,Energy use: Industry,能源消費：工業部門,history,2011,285.0607,TWh,Taiwan (national),moeaea_energy_balance,"Energy Administration, energy balance 1982-2025 (toe units)","sheet 100, item 35 工業部門, column 總計",https://ea01.moeaea.gov.tw/a0303/02/publication/annually/,downloaded,
sector_energy_industry,Energy use: Industry,能源消費：工業部門,history,2012,281.9297,TWh,Taiwan (national),moeaea_energy_balance,"Energy Administration, energy balance 1982-2025 (toe units)","sheet 101, item 35 工業部門, column 總計",https://ea01.moeaea.gov.tw/a0303/02/publication/annually/,downloaded,
sector_energy_industry,Energy use: Industry,能源消費：工業部門,history,2013,287.8557,TWh,Taiwan (national),moeaea_energy_balance,"Energy Administration, energy balance 1982-2025 (toe units)","sheet 102, item 35 工業部門, column 總計",https://ea01.moeaea.gov.tw/a0303/02/publication/annually/,downloaded,
sector_energy_industry,Energy use: Industry,能源消費：工業部門,history,2014,284.3436,TWh,Taiwan (national),moeaea_energy_balance,"Energy Administration, energy balance 1982-2025 (toe units)","sheet 103, item 35 工業部門, column 總計",https://ea01.moeaea.gov.tw/a0303/02/publication/annually/,downloaded,
sector_energy_industry,Energy use: Industry,能源消費：工業部門,history,2015,278.4362,TWh,Taiwan (national),moeaea_energy_balance,"Energy Administration, energy balance 1982-2025 (toe units)","sheet 104, item 35 工業部門, column 總計",https://ea01.moeaea.gov.tw/a0303/02/publication/annually/,downloaded,
sector_energy_industry,Energy use: Industry,能源消費：工業部門,history,2016,280.7674,TWh,Taiwan (national),moeaea_energy_balance,"Energy Administration, energy balance 1982-2025 (toe units)","sheet 105, item 35 工業部門, column 總計",https://ea01.moeaea.gov.tw/a0303/02/publication/annually/,downloaded,
sector_energy_industry,Energy use: Industry,能源消費：工業部門,history,2017,281.2409,TWh,Taiwan (national),moeaea_energy_balance,"Energy Administration, energy balance 1982-2025 (toe units)","sheet 106, item 35 工業部門, column 總計",https://ea01.moeaea.gov.tw/a0303/02/publication/annually/,downloaded,
sector_energy_industry,Energy use: Industry,能源消費：工業部門,history,2018,288.1347,TWh,Taiwan (national),moeaea_energy_balance,"Energy Administration, energy balance 1982-2025 (toe units)","sheet 107, item 35 工業部門, column 總計",https://ea01.moeaea.gov.tw/a0303/02/publication/annually/,downloaded,
sector_energy_industry,Energy use: Industry,能源消費：工業部門,history,2019,281.9565,TWh,Taiwan (national),moeaea_energy_balance,"Energy Administration, energy balance 1982-2025 (toe units)","sheet 108, item 35 工業部門, column 總計",https://ea01.moeaea.gov.tw/a0303/02/publication/annually/,downloaded,
sector_energy_industry,Energy use: Industry,能源消費：工業部門,history,2020,283.1854,TWh,Taiwan (national),moeaea_energy_balance,"Energy Administration, energy balance 1982-2025 (toe units)","sheet 109, item 35 工業部門, column 總計",https://ea01.moeaea.gov.tw/a0303/02/publication/annually/,downloaded,
sector_energy_industry,Energy use: Industry,能源消費：工業部門,history,2021,303.4976,TWh,Taiwan (national),moeaea_energy_balance,"Energy Administration, energy balance 1982-2025 (toe units)","sheet 110, item 35 工業部門, column 總計",https://ea01.moeaea.gov.tw/a0303/02/publication/annually/,downloaded,
sector_energy_industry,Energy use: Industry,能源消費：工業部門,history,2022,287.3369,TWh,Taiwan (national),moeaea_energy_balance,"Energy Administration, energy balance 1982-2025 (toe units)","sheet 111, item 35 工業部門, column 總計",https://ea01.moeaea.gov.tw/a0303/02/publication/annually/,downloaded,
sector_energy_industry,Energy use: Industry,能源消費：工業部門,history,2023,273.2187,TWh,Taiwan (national),moeaea_energy_balance,"Energy Administration, energy balance 1982-2025 (toe units)","sheet 112, item 35 工業部門, column 總計",https://ea01.moeaea.gov.tw/a0303/02/publication/annually/,downloaded,
sector_energy_industry,Energy use: Industry,能源消費：工業部門,history,2024,274.35,TWh,Taiwan (national),moeaea_energy_balance,"Energy Administration, energy balance 1982-2025 (toe units)","sheet 113, item 35 工業部門, column 總計",https://ea01.moeaea.gov.tw/a0303/02/publication/annually/,downloaded,
sector_energy_industry,Energy use: Industry,能源消費：工業部門,history,2025,271.6546,TWh,Taiwan (national),moeaea_energy_balance,"Energy Administration, energy balance 1982-2025 (toe units)","sheet 114, item 35 工業部門, column 總計",https://ea01.moeaea.gov.tw/a0303/02/publication/annually/,downloaded,
sector_energy_non_energy,Energy use: Non-energy use (feedstock),能源消費：非能源消費（原料）,history,2005,182.0898,TWh,Taiwan (national),moeaea_energy_balance,"Energy Administration, energy balance 1982-2025 (toe units)","sheet 094, item 95 非能源消費, column 總計",https://ea01.moeaea.gov.tw/a0303/02/publication/annually/,downloaded,Mainly naphtha and LPG used as petrochemical feedstock
sector_energy_non_energy,Energy use: Non-energy use (feedstock),能源消費：非能源消費（原料）,history,2006,185.5721,TWh,Taiwan (national),moeaea_energy_balance,"Energy Administration, energy balance 1982-2025 (toe units)","sheet 095, item 95 非能源消費, column 總計",https://ea01.moeaea.gov.tw/a0303/02/publication/annually/,downloaded,Mainly naphtha and LPG used as petrochemical feedstock
sector_energy_non_energy,Energy use: Non-energy use (feedstock),能源消費：非能源消費（原料）,history,2007,232.3413,TWh,Taiwan (national),moeaea_energy_balance,"Energy Administration, energy balance 1982-2025 (toe units)","sheet 096, item 95 非能源消費, column 總計",https://ea01.moeaea.gov.tw/a0303/02/publication/annually/,downloaded,Mainly naphtha and LPG used as petrochemical feedstock
sector_energy_non_energy,Energy use: Non-energy use (feedstock),能源消費：非能源消費（原料）,history,2008,225.1182,TWh,Taiwan (national),moeaea_energy_balance,"Energy Administration, energy balance 1982-2025 (toe units)","sheet 097, item 95 非能源消費, column 總計",https://ea01.moeaea.gov.tw/a0303/02/publication/annually/,downloaded,Mainly naphtha and LPG used as petrochemical feedstock
sector_energy_non_energy,Energy use: Non-energy use (feedstock),能源消費：非能源消費（原料）,history,2009,233.9549,TWh,Taiwan (national),moeaea_energy_balance,"Energy Administration, energy balance 1982-2025 (toe units)","sheet 098, item 95 非能源消費, column 總計",https://ea01.moeaea.gov.tw/a0303/02/publication/annually/,downloaded,Mainly naphtha and LPG used as petrochemical feedstock
sector_energy_non_energy,Energy use: Non-energy use (feedstock),能源消費：非能源消費（原料）,history,2010,245.9065,TWh,Taiwan (national),moeaea_energy_balance,"Energy Administration, energy balance 1982-2025 (toe units)","sheet 099, item 95 非能源消費, column 總計",https://ea01.moeaea.gov.tw/a0303/02/publication/annually/,downloaded,Mainly naphtha and LPG used as petrochemical feedstock
sector_energy_non_energy,Energy use: Non-energy use (feedstock),能源消費：非能源消費（原料）,history,2011,221.4967,TWh,Taiwan (national),moeaea_energy_balance,"Energy Administration, energy balance 1982-2025 (toe units)","sheet 100, item 95 非能源消費, column 總計",https://ea01.moeaea.gov.tw/a0303/02/publication/annually/,downloaded,Mainly naphtha and LPG used as petrochemical feedstock
sector_energy_non_energy,Energy use: Non-energy use (feedstock),能源消費：非能源消費（原料）,history,2012,229.6097,TWh,Taiwan (national),moeaea_energy_balance,"Energy Administration, energy balance 1982-2025 (toe units)","sheet 101, item 95 非能源消費, column 總計",https://ea01.moeaea.gov.tw/a0303/02/publication/annually/,downloaded,Mainly naphtha and LPG used as petrochemical feedstock
sector_energy_non_energy,Energy use: Non-energy use (feedstock),能源消費：非能源消費（原料）,history,2013,247.3574,TWh,Taiwan (national),moeaea_energy_balance,"Energy Administration, energy balance 1982-2025 (toe units)","sheet 102, item 95 非能源消費, column 總計",https://ea01.moeaea.gov.tw/a0303/02/publication/annually/,downloaded,Mainly naphtha and LPG used as petrochemical feedstock
sector_energy_non_energy,Energy use: Non-energy use (feedstock),能源消費：非能源消費（原料）,history,2014,252.6794,TWh,Taiwan (national),moeaea_energy_balance,"Energy Administration, energy balance 1982-2025 (toe units)","sheet 103, item 95 非能源消費, column 總計",https://ea01.moeaea.gov.tw/a0303/02/publication/annually/,downloaded,Mainly naphtha and LPG used as petrochemical feedstock
sector_energy_non_energy,Energy use: Non-energy use (feedstock),能源消費：非能源消費（原料）,history,2015,258.1871,TWh,Taiwan (national),moeaea_energy_balance,"Energy Administration, energy balance 1982-2025 (toe units)","sheet 104, item 95 非能源消費, column 總計",https://ea01.moeaea.gov.tw/a0303/02/publication/annually/,downloaded,Mainly naphtha and LPG used as petrochemical feedstock
sector_energy_non_energy,Energy use: Non-energy use (feedstock),能源消費：非能源消費（原料）,history,2016,252.6815,TWh,Taiwan (national),moeaea_energy_balance,"Energy Administration, energy balance 1982-2025 (toe units)","sheet 105, item 95 非能源消費, column 總計",https://ea01.moeaea.gov.tw/a0303/02/publication/annually/,downloaded,Mainly naphtha and LPG used as petrochemical feedstock
sector_energy_non_energy,Energy use: Non-energy use (feedstock),能源消費：非能源消費（原料）,history,2017,251.8508,TWh,Taiwan (national),moeaea_energy_balance,"Energy Administration, energy balance 1982-2025 (toe units)","sheet 106, item 95 非能源消費, column 總計",https://ea01.moeaea.gov.tw/a0303/02/publication/annually/,downloaded,Mainly naphtha and LPG used as petrochemical feedstock
sector_energy_non_energy,Energy use: Non-energy use (feedstock),能源消費：非能源消費（原料）,history,2018,262.2325,TWh,Taiwan (national),moeaea_energy_balance,"Energy Administration, energy balance 1982-2025 (toe units)","sheet 107, item 102 非能源消費, column 總計",https://ea01.moeaea.gov.tw/a0303/02/publication/annually/,downloaded,Mainly naphtha and LPG used as petrochemical feedstock
sector_energy_non_energy,Energy use: Non-energy use (feedstock),能源消費：非能源消費（原料）,history,2019,236.9041,TWh,Taiwan (national),moeaea_energy_balance,"Energy Administration, energy balance 1982-2025 (toe units)","sheet 108, item 102 非能源消費, column 總計",https://ea01.moeaea.gov.tw/a0303/02/publication/annually/,downloaded,Mainly naphtha and LPG used as petrochemical feedstock
sector_energy_non_energy,Energy use: Non-energy use (feedstock),能源消費：非能源消費（原料）,history,2020,238.2663,TWh,Taiwan (national),moeaea_energy_balance,"Energy Administration, energy balance 1982-2025 (toe units)","sheet 109, item 102 非能源消費, column 總計",https://ea01.moeaea.gov.tw/a0303/02/publication/annually/,downloaded,Mainly naphtha and LPG used as petrochemical feedstock
sector_energy_non_energy,Energy use: Non-energy use (feedstock),能源消費：非能源消費（原料）,history,2021,268.6201,TWh,Taiwan (national),moeaea_energy_balance,"Energy Administration, energy balance 1982-2025 (toe units)","sheet 110, item 102 非能源消費, column 總計",https://ea01.moeaea.gov.tw/a0303/02/publication/annually/,downloaded,Mainly naphtha and LPG used as petrochemical feedstock
sector_energy_non_energy,Energy use: Non-energy use (feedstock),能源消費：非能源消費（原料）,history,2022,227.5444,TWh,Taiwan (national),moeaea_energy_balance,"Energy Administration, energy balance 1982-2025 (toe units)","sheet 111, item 102 非能源消費, column 總計",https://ea01.moeaea.gov.tw/a0303/02/publication/annually/,downloaded,Mainly naphtha and LPG used as petrochemical feedstock
sector_energy_non_energy,Energy use: Non-energy use (feedstock),能源消費：非能源消費（原料）,history,2023,197.3014,TWh,Taiwan (national),moeaea_energy_balance,"Energy Administration, energy balance 1982-2025 (toe units)","sheet 112, item 102 非能源消費, column 總計",https://ea01.moeaea.gov.tw/a0303/02/publication/annually/,downloaded,Mainly naphtha and LPG used as petrochemical feedstock
sector_energy_non_energy,Energy use: Non-energy use (feedstock),能源消費：非能源消費（原料）,history,2024,181.0479,TWh,Taiwan (national),moeaea_energy_balance,"Energy Administration, energy balance 1982-2025 (toe units)","sheet 113, item 102 非能源消費, column 總計",https://ea01.moeaea.gov.tw/a0303/02/publication/annually/,downloaded,Mainly naphtha and LPG used as petrochemical feedstock
sector_energy_non_energy,Energy use: Non-energy use (feedstock),能源消費：非能源消費（原料）,history,2025,189.1617,TWh,Taiwan (national),moeaea_energy_balance,"Energy Administration, energy balance 1982-2025 (toe units)","sheet 114, item 102 非能源消費, column 總計",https://ea01.moeaea.gov.tw/a0303/02/publication/annually/,downloaded,Mainly naphtha and LPG used as petrochemical feedstock
sector_energy_residential,Energy use: Residential,能源消費：住宅部門,history,2005,67.3323,TWh,Taiwan (national),moeaea_energy_balance,"Energy Administration, energy balance 1982-2025 (toe units)","sheet 094, item 94 住宅部門, column 總計",https://ea01.moeaea.gov.tw/a0303/02/publication/annually/,downloaded,
sector_energy_residential,Energy use: Residential,能源消費：住宅部門,history,2006,66.6087,TWh,Taiwan (national),moeaea_energy_balance,"Energy Administration, energy balance 1982-2025 (toe units)","sheet 095, item 94 住宅部門, column 總計",https://ea01.moeaea.gov.tw/a0303/02/publication/annually/,downloaded,
sector_energy_residential,Energy use: Residential,能源消費：住宅部門,history,2007,67.3712,TWh,Taiwan (national),moeaea_energy_balance,"Energy Administration, energy balance 1982-2025 (toe units)","sheet 096, item 94 住宅部門, column 總計",https://ea01.moeaea.gov.tw/a0303/02/publication/annually/,downloaded,
sector_energy_residential,Energy use: Residential,能源消費：住宅部門,history,2008,66.853,TWh,Taiwan (national),moeaea_energy_balance,"Energy Administration, energy balance 1982-2025 (toe units)","sheet 097, item 94 住宅部門, column 總計",https://ea01.moeaea.gov.tw/a0303/02/publication/annually/,downloaded,
sector_energy_residential,Energy use: Residential,能源消費：住宅部門,history,2009,67.3514,TWh,Taiwan (national),moeaea_energy_balance,"Energy Administration, energy balance 1982-2025 (toe units)","sheet 098, item 94 住宅部門, column 總計",https://ea01.moeaea.gov.tw/a0303/02/publication/annually/,downloaded,
sector_energy_residential,Energy use: Residential,能源消費：住宅部門,history,2010,66.9262,TWh,Taiwan (national),moeaea_energy_balance,"Energy Administration, energy balance 1982-2025 (toe units)","sheet 099, item 94 住宅部門, column 總計",https://ea01.moeaea.gov.tw/a0303/02/publication/annually/,downloaded,
sector_energy_residential,Energy use: Residential,能源消費：住宅部門,history,2011,67.5797,TWh,Taiwan (national),moeaea_energy_balance,"Energy Administration, energy balance 1982-2025 (toe units)","sheet 100, item 94 住宅部門, column 總計",https://ea01.moeaea.gov.tw/a0303/02/publication/annually/,downloaded,
sector_energy_residential,Energy use: Residential,能源消費：住宅部門,history,2012,65.8778,TWh,Taiwan (national),moeaea_energy_balance,"Energy Administration, energy balance 1982-2025 (toe units)","sheet 101, item 94 住宅部門, column 總計",https://ea01.moeaea.gov.tw/a0303/02/publication/annually/,downloaded,
sector_energy_residential,Energy use: Residential,能源消費：住宅部門,history,2013,65.3134,TWh,Taiwan (national),moeaea_energy_balance,"Energy Administration, energy balance 1982-2025 (toe units)","sheet 102, item 94 住宅部門, column 總計",https://ea01.moeaea.gov.tw/a0303/02/publication/annually/,downloaded,
sector_energy_residential,Energy use: Residential,能源消費：住宅部門,history,2014,66.5843,TWh,Taiwan (national),moeaea_energy_balance,"Energy Administration, energy balance 1982-2025 (toe units)","sheet 103, item 94 住宅部門, column 總計",https://ea01.moeaea.gov.tw/a0303/02/publication/annually/,downloaded,
sector_energy_residential,Energy use: Residential,能源消費：住宅部門,history,2015,66.5352,TWh,Taiwan (national),moeaea_energy_balance,"Energy Administration, energy balance 1982-2025 (toe units)","sheet 104, item 94 住宅部門, column 總計",https://ea01.moeaea.gov.tw/a0303/02/publication/annually/,downloaded,
sector_energy_residential,Energy use: Residential,能源消費：住宅部門,history,2016,69.2921,TWh,Taiwan (national),moeaea_energy_balance,"Energy Administration, energy balance 1982-2025 (toe units)","sheet 105, item 94 住宅部門, column 總計",https://ea01.moeaea.gov.tw/a0303/02/publication/annually/,downloaded,
sector_energy_residential,Energy use: Residential,能源消費：住宅部門,history,2017,68.9804,TWh,Taiwan (national),moeaea_energy_balance,"Energy Administration, energy balance 1982-2025 (toe units)","sheet 106, item 94 住宅部門, column 總計",https://ea01.moeaea.gov.tw/a0303/02/publication/annually/,downloaded,
sector_energy_residential,Energy use: Residential,能源消費：住宅部門,history,2018,67.0783,TWh,Taiwan (national),moeaea_energy_balance,"Energy Administration, energy balance 1982-2025 (toe units)","sheet 107, item 101 住宅部門, column 總計",https://ea01.moeaea.gov.tw/a0303/02/publication/annually/,downloaded,
sector_energy_residential,Energy use: Residential,能源消費：住宅部門,history,2019,67.2635,TWh,Taiwan (national),moeaea_energy_balance,"Energy Administration, energy balance 1982-2025 (toe units)","sheet 108, item 101 住宅部門, column 總計",https://ea01.moeaea.gov.tw/a0303/02/publication/annually/,downloaded,
sector_energy_residential,Energy use: Residential,能源消費：住宅部門,history,2020,70.893,TWh,Taiwan (national),moeaea_energy_balance,"Energy Administration, energy balance 1982-2025 (toe units)","sheet 109, item 101 住宅部門, column 總計",https://ea01.moeaea.gov.tw/a0303/02/publication/annually/,downloaded,
sector_energy_residential,Energy use: Residential,能源消費：住宅部門,history,2021,72.6577,TWh,Taiwan (national),moeaea_energy_balance,"Energy Administration, energy balance 1982-2025 (toe units)","sheet 110, item 101 住宅部門, column 總計",https://ea01.moeaea.gov.tw/a0303/02/publication/annually/,downloaded,
sector_energy_residential,Energy use: Residential,能源消費：住宅部門,history,2022,69.9202,TWh,Taiwan (national),moeaea_energy_balance,"Energy Administration, energy balance 1982-2025 (toe units)","sheet 111, item 101 住宅部門, column 總計",https://ea01.moeaea.gov.tw/a0303/02/publication/annually/,downloaded,
sector_energy_residential,Energy use: Residential,能源消費：住宅部門,history,2023,69.9111,TWh,Taiwan (national),moeaea_energy_balance,"Energy Administration, energy balance 1982-2025 (toe units)","sheet 112, item 101 住宅部門, column 總計",https://ea01.moeaea.gov.tw/a0303/02/publication/annually/,downloaded,
sector_energy_residential,Energy use: Residential,能源消費：住宅部門,history,2024,70.5638,TWh,Taiwan (national),moeaea_energy_balance,"Energy Administration, energy balance 1982-2025 (toe units)","sheet 113, item 101 住宅部門, column 總計",https://ea01.moeaea.gov.tw/a0303/02/publication/annually/,downloaded,
sector_energy_residential,Energy use: Residential,能源消費：住宅部門,history,2025,70.2627,TWh,Taiwan (national),moeaea_energy_balance,"Energy Administration, energy balance 1982-2025 (toe units)","sheet 114, item 101 住宅部門, column 總計",https://ea01.moeaea.gov.tw/a0303/02/publication/annually/,downloaded,
sector_energy_services,Energy use: Services,能源消費：服務業部門,history,2005,60.907,TWh,Taiwan (national),moeaea_energy_balance,"Energy Administration, energy balance 1982-2025 (toe units)","sheet 094, item 83 服務業部門, column 總計",https://ea01.moeaea.gov.tw/a0303/02/publication/annually/,downloaded,
sector_energy_services,Energy use: Services,能源消費：服務業部門,history,2006,62.5086,TWh,Taiwan (national),moeaea_energy_balance,"Energy Administration, energy balance 1982-2025 (toe units)","sheet 095, item 83 服務業部門, column 總計",https://ea01.moeaea.gov.tw/a0303/02/publication/annually/,downloaded,
sector_energy_services,Energy use: Services,能源消費：服務業部門,history,2007,62.5248,TWh,Taiwan (national),moeaea_energy_balance,"Energy Administration, energy balance 1982-2025 (toe units)","sheet 096, item 83 服務業部門, column 總計",https://ea01.moeaea.gov.tw/a0303/02/publication/annually/,downloaded,
sector_energy_services,Energy use: Services,能源消費：服務業部門,history,2008,62.5101,TWh,Taiwan (national),moeaea_energy_balance,"Energy Administration, energy balance 1982-2025 (toe units)","sheet 097, item 83 服務業部門, column 總計",https://ea01.moeaea.gov.tw/a0303/02/publication/annually/,downloaded,
sector_energy_services,Energy use: Services,能源消費：服務業部門,history,2009,61.2742,TWh,Taiwan (national),moeaea_energy_balance,"Energy Administration, energy balance 1982-2025 (toe units)","sheet 098, item 83 服務業部門, column 總計",https://ea01.moeaea.gov.tw/a0303/02/publication/annually/,downloaded,
sector_energy_services,Energy use: Services,能源消費：服務業部門,history,2010,62.9506,TWh,Taiwan (national),moeaea_energy_balance,"Energy Administration, energy balance 1982-2025 (toe units)","sheet 099, item 83 服務業部門, column 總計",https://ea01.moeaea.gov.tw/a0303/02/publication/annually/,downloaded,
sector_energy_services,Energy use: Services,能源消費：服務業部門,history,2011,61.5314,TWh,Taiwan (national),moeaea_energy_balance,"Energy Administration, energy balance 1982-2025 (toe units)","sheet 100, item 83 服務業部門, column 總計",https://ea01.moeaea.gov.tw/a0303/02/publication/annually/,downloaded,
sector_energy_services,Energy use: Services,能源消費：服務業部門,history,2012,60.4097,TWh,Taiwan (national),moeaea_energy_balance,"Energy Administration, energy balance 1982-2025 (toe units)","sheet 101, item 83 服務業部門, column 總計",https://ea01.moeaea.gov.tw/a0303/02/publication/annually/,downloaded,
sector_energy_services,Energy use: Services,能源消費：服務業部門,history,2013,61.3113,TWh,Taiwan (national),moeaea_energy_balance,"Energy Administration, energy balance 1982-2025 (toe units)","sheet 102, item 83 服務業部門, column 總計",https://ea01.moeaea.gov.tw/a0303/02/publication/annually/,downloaded,
sector_energy_services,Energy use: Services,能源消費：服務業部門,history,2014,62.4151,TWh,Taiwan (national),moeaea_energy_balance,"Energy Administration, energy balance 1982-2025 (toe units)","sheet 103, item 83 服務業部門, column 總計",https://ea01.moeaea.gov.tw/a0303/02/publication/annually/,downloaded,
sector_energy_services,Energy use: Services,能源消費：服務業部門,history,2015,63.1777,TWh,Taiwan (national),moeaea_energy_balance,"Energy Administration, energy balance 1982-2025 (toe units)","sheet 104, item 83 服務業部門, column 總計",https://ea01.moeaea.gov.tw/a0303/02/publication/annually/,downloaded,
sector_energy_services,Energy use: Services,能源消費：服務業部門,history,2016,63.1928,TWh,Taiwan (national),moeaea_energy_balance,"Energy Administration, energy balance 1982-2025 (toe units)","sheet 105, item 83 服務業部門, column 總計",https://ea01.moeaea.gov.tw/a0303/02/publication/annually/,downloaded,
sector_energy_services,Energy use: Services,能源消費：服務業部門,history,2017,63.8273,TWh,Taiwan (national),moeaea_energy_balance,"Energy Administration, energy balance 1982-2025 (toe units)","sheet 106, item 83 服務業部門, column 總計",https://ea01.moeaea.gov.tw/a0303/02/publication/annually/,downloaded,
sector_energy_services,Energy use: Services,能源消費：服務業部門,history,2018,62.1622,TWh,Taiwan (national),moeaea_energy_balance,"Energy Administration, energy balance 1982-2025 (toe units)","sheet 107, item 83 服務業部門, column 總計",https://ea01.moeaea.gov.tw/a0303/02/publication/annually/,downloaded,
sector_energy_services,Energy use: Services,能源消費：服務業部門,history,2019,61.8951,TWh,Taiwan (national),moeaea_energy_balance,"Energy Administration, energy balance 1982-2025 (toe units)","sheet 108, item 83 服務業部門, column 總計",https://ea01.moeaea.gov.tw/a0303/02/publication/annually/,downloaded,
sector_energy_services,Energy use: Services,能源消費：服務業部門,history,2020,61.9449,TWh,Taiwan (national),moeaea_energy_balance,"Energy Administration, energy balance 1982-2025 (toe units)","sheet 109, item 83 服務業部門, column 總計",https://ea01.moeaea.gov.tw/a0303/02/publication/annually/,downloaded,
sector_energy_services,Energy use: Services,能源消費：服務業部門,history,2021,60.9175,TWh,Taiwan (national),moeaea_energy_balance,"Energy Administration, energy balance 1982-2025 (toe units)","sheet 110, item 83 服務業部門, column 總計",https://ea01.moeaea.gov.tw/a0303/02/publication/annually/,downloaded,
sector_energy_services,Energy use: Services,能源消費：服務業部門,history,2022,63.6687,TWh,Taiwan (national),moeaea_energy_balance,"Energy Administration, energy balance 1982-2025 (toe units)","sheet 111, item 83 服務業部門, column 總計",https://ea01.moeaea.gov.tw/a0303/02/publication/annually/,downloaded,
sector_energy_services,Energy use: Services,能源消費：服務業部門,history,2023,65.2591,TWh,Taiwan (national),moeaea_energy_balance,"Energy Administration, energy balance 1982-2025 (toe units)","sheet 112, item 83 服務業部門, column 總計",https://ea01.moeaea.gov.tw/a0303/02/publication/annually/,downloaded,
sector_energy_services,Energy use: Services,能源消費：服務業部門,history,2024,67.0702,TWh,Taiwan (national),moeaea_energy_balance,"Energy Administration, energy balance 1982-2025 (toe units)","sheet 113, item 83 服務業部門, column 總計",https://ea01.moeaea.gov.tw/a0303/02/publication/annually/,downloaded,
sector_energy_services,Energy use: Services,能源消費：服務業部門,history,2025,68.6554,TWh,Taiwan (national),moeaea_energy_balance,"Energy Administration, energy balance 1982-2025 (toe units)","sheet 114, item 83 服務業部門, column 總計",https://ea01.moeaea.gov.tw/a0303/02/publication/annually/,downloaded,
sector_energy_transport,Energy use: Transport,能源消費：運輸部門,history,2005,144.8797,TWh,Taiwan (national),moeaea_energy_balance,"Energy Administration, energy balance 1982-2025 (toe units)","sheet 094, item 73 運輸部門, column 總計",https://ea01.moeaea.gov.tw/a0303/02/publication/annually/,downloaded,
sector_energy_transport,Energy use: Transport,能源消費：運輸部門,history,2006,144.507,TWh,Taiwan (national),moeaea_energy_balance,"Energy Administration, energy balance 1982-2025 (toe units)","sheet 095, item 73 運輸部門, column 總計",https://ea01.moeaea.gov.tw/a0303/02/publication/annually/,downloaded,
sector_energy_transport,Energy use: Transport,能源消費：運輸部門,history,2007,139.571,TWh,Taiwan (national),moeaea_energy_balance,"Energy Administration, energy balance 1982-2025 (toe units)","sheet 096, item 73 運輸部門, column 總計",https://ea01.moeaea.gov.tw/a0303/02/publication/annually/,downloaded,
sector_energy_transport,Energy use: Transport,能源消費：運輸部門,history,2008,131.4341,TWh,Taiwan (national),moeaea_energy_balance,"Energy Administration, energy balance 1982-2025 (toe units)","sheet 097, item 73 運輸部門, column 總計",https://ea01.moeaea.gov.tw/a0303/02/publication/annually/,downloaded,
sector_energy_transport,Energy use: Transport,能源消費：運輸部門,history,2009,132.8801,TWh,Taiwan (national),moeaea_energy_balance,"Energy Administration, energy balance 1982-2025 (toe units)","sheet 098, item 73 運輸部門, column 總計",https://ea01.moeaea.gov.tw/a0303/02/publication/annually/,downloaded,
sector_energy_transport,Energy use: Transport,能源消費：運輸部門,history,2010,137.2465,TWh,Taiwan (national),moeaea_energy_balance,"Energy Administration, energy balance 1982-2025 (toe units)","sheet 099, item 73 運輸部門, column 總計",https://ea01.moeaea.gov.tw/a0303/02/publication/annually/,downloaded,
sector_energy_transport,Energy use: Transport,能源消費：運輸部門,history,2011,139.1803,TWh,Taiwan (national),moeaea_energy_balance,"Energy Administration, energy balance 1982-2025 (toe units)","sheet 100, item 73 運輸部門, column 總計",https://ea01.moeaea.gov.tw/a0303/02/publication/annually/,downloaded,
sector_energy_transport,Energy use: Transport,能源消費：運輸部門,history,2012,136.3095,TWh,Taiwan (national),moeaea_energy_balance,"Energy Administration, energy balance 1982-2025 (toe units)","sheet 101, item 73 運輸部門, column 總計",https://ea01.moeaea.gov.tw/a0303/02/publication/annually/,downloaded,
sector_energy_transport,Energy use: Transport,能源消費：運輸部門,history,2013,136.1804,TWh,Taiwan (national),moeaea_energy_balance,"Energy Administration, energy balance 1982-2025 (toe units)","sheet 102, item 73 運輸部門, column 總計",https://ea01.moeaea.gov.tw/a0303/02/publication/annually/,downloaded,
sector_energy_transport,Energy use: Transport,能源消費：運輸部門,history,2014,137.5737,TWh,Taiwan (national),moeaea_energy_balance,"Energy Administration, energy balance 1982-2025 (toe units)","sheet 103, item 73 運輸部門, column 總計",https://ea01.moeaea.gov.tw/a0303/02/publication/annually/,downloaded,
sector_energy_transport,Energy use: Transport,能源消費：運輸部門,history,2015,140.7769,TWh,Taiwan (national),moeaea_energy_balance,"Energy Administration, energy balance 1982-2025 (toe units)","sheet 104, item 73 運輸部門, column 總計",https://ea01.moeaea.gov.tw/a0303/02/publication/annually/,downloaded,
sector_energy_transport,Energy use: Transport,能源消費：運輸部門,history,2016,144.8362,TWh,Taiwan (national),moeaea_energy_balance,"Energy Administration, energy balance 1982-2025 (toe units)","sheet 105, item 73 運輸部門, column 總計",https://ea01.moeaea.gov.tw/a0303/02/publication/annually/,downloaded,
sector_energy_transport,Energy use: Transport,能源消費：運輸部門,history,2017,143.3055,TWh,Taiwan (national),moeaea_energy_balance,"Energy Administration, energy balance 1982-2025 (toe units)","sheet 106, item 73 運輸部門, column 總計",https://ea01.moeaea.gov.tw/a0303/02/publication/annually/,downloaded,
sector_energy_transport,Energy use: Transport,能源消費：運輸部門,history,2018,139.3992,TWh,Taiwan (national),moeaea_energy_balance,"Energy Administration, energy balance 1982-2025 (toe units)","sheet 107, item 73 運輸部門, column 總計",https://ea01.moeaea.gov.tw/a0303/02/publication/annually/,downloaded,
sector_energy_transport,Energy use: Transport,能源消費：運輸部門,history,2019,140.3447,TWh,Taiwan (national),moeaea_energy_balance,"Energy Administration, energy balance 1982-2025 (toe units)","sheet 108, item 73 運輸部門, column 總計",https://ea01.moeaea.gov.tw/a0303/02/publication/annually/,downloaded,
sector_energy_transport,Energy use: Transport,能源消費：運輸部門,history,2020,141.4369,TWh,Taiwan (national),moeaea_energy_balance,"Energy Administration, energy balance 1982-2025 (toe units)","sheet 109, item 73 運輸部門, column 總計",https://ea01.moeaea.gov.tw/a0303/02/publication/annually/,downloaded,
sector_energy_transport,Energy use: Transport,能源消費：運輸部門,history,2021,134.1197,TWh,Taiwan (national),moeaea_energy_balance,"Energy Administration, energy balance 1982-2025 (toe units)","sheet 110, item 73 運輸部門, column 總計",https://ea01.moeaea.gov.tw/a0303/02/publication/annually/,downloaded,
sector_energy_transport,Energy use: Transport,能源消費：運輸部門,history,2022,137.3791,TWh,Taiwan (national),moeaea_energy_balance,"Energy Administration, energy balance 1982-2025 (toe units)","sheet 111, item 73 運輸部門, column 總計",https://ea01.moeaea.gov.tw/a0303/02/publication/annually/,downloaded,
sector_energy_transport,Energy use: Transport,能源消費：運輸部門,history,2023,137.3114,TWh,Taiwan (national),moeaea_energy_balance,"Energy Administration, energy balance 1982-2025 (toe units)","sheet 112, item 73 運輸部門, column 總計",https://ea01.moeaea.gov.tw/a0303/02/publication/annually/,downloaded,
sector_energy_transport,Energy use: Transport,能源消費：運輸部門,history,2024,134.3216,TWh,Taiwan (national),moeaea_energy_balance,"Energy Administration, energy balance 1982-2025 (toe units)","sheet 113, item 73 運輸部門, column 總計",https://ea01.moeaea.gov.tw/a0303/02/publication/annually/,downloaded,
sector_energy_transport,Energy use: Transport,能源消費：運輸部門,history,2025,132.3743,TWh,Taiwan (national),moeaea_energy_balance,"Energy Administration, energy balance 1982-2025 (toe units)","sheet 114, item 73 運輸部門, column 總計",https://ea01.moeaea.gov.tw/a0303/02/publication/annually/,downloaded,
sector_fuel_agriculture_electricity,Agriculture: Electricity,農業部門：電力,history,2005,2.49,TWh,Taiwan (national),moeaea_energy_balance,"Energy Administration, energy balance 1982-2025 (toe units)","sheet 094, item 80 農業部門, column 電力",https://ea01.moeaea.gov.tw/a0303/02/publication/annually/,downloaded,
sector_fuel_agriculture_electricity,Agriculture: Electricity,農業部門：電力,history,2006,2.6024,TWh,Taiwan (national),moeaea_energy_balance,"Energy Administration, energy balance 1982-2025 (toe units)","sheet 095, item 80 農業部門, column 電力",https://ea01.moeaea.gov.tw/a0303/02/publication/annually/,downloaded,
sector_fuel_agriculture_electricity,Agriculture: Electricity,農業部門：電力,history,2007,2.62,TWh,Taiwan (national),moeaea_energy_balance,"Energy Administration, energy balance 1982-2025 (toe units)","sheet 096, item 80 農業部門, column 電力",https://ea01.moeaea.gov.tw/a0303/02/publication/annually/,downloaded,
sector_fuel_agriculture_electricity,Agriculture: Electricity,農業部門：電力,history,2008,2.6008,TWh,Taiwan (national),moeaea_energy_balance,"Energy Administration, energy balance 1982-2025 (toe units)","sheet 097, item 80 農業部門, column 電力",https://ea01.moeaea.gov.tw/a0303/02/publication/annually/,downloaded,
sector_fuel_agriculture_electricity,Agriculture: Electricity,農業部門：電力,history,2009,2.5825,TWh,Taiwan (national),moeaea_energy_balance,"Energy Administration, energy balance 1982-2025 (toe units)","sheet 098, item 80 農業部門, column 電力",https://ea01.moeaea.gov.tw/a0303/02/publication/annually/,downloaded,
sector_fuel_agriculture_electricity,Agriculture: Electricity,農業部門：電力,history,2010,2.616,TWh,Taiwan (national),moeaea_energy_balance,"Energy Administration, energy balance 1982-2025 (toe units)","sheet 099, item 80 農業部門, column 電力",https://ea01.moeaea.gov.tw/a0303/02/publication/annually/,downloaded,
sector_fuel_agriculture_electricity,Agriculture: Electricity,農業部門：電力,history,2011,2.7266,TWh,Taiwan (national),moeaea_energy_balance,"Energy Administration, energy balance 1982-2025 (toe units)","sheet 100, item 80 農業部門, column 電力",https://ea01.moeaea.gov.tw/a0303/02/publication/annually/,downloaded,
sector_fuel_agriculture_electricity,Agriculture: Electricity,農業部門：電力,history,2012,2.7084,TWh,Taiwan (national),moeaea_energy_balance,"Energy Administration, energy balance 1982-2025 (toe units)","sheet 101, item 80 農業部門, column 電力",https://ea01.moeaea.gov.tw/a0303/02/publication/annually/,downloaded,
sector_fuel_agriculture_electricity,Agriculture: Electricity,農業部門：電力,history,2013,2.7517,TWh,Taiwan (national),moeaea_energy_balance,"Energy Administration, energy balance 1982-2025 (toe units)","sheet 102, item 80 農業部門, column 電力",https://ea01.moeaea.gov.tw/a0303/02/publication/annually/,downloaded,
sector_fuel_agriculture_electricity,Agriculture: Electricity,農業部門：電力,history,2014,2.8334,TWh,Taiwan (national),moeaea_energy_balance,"Energy Administration, energy balance 1982-2025 (toe units)","sheet 103, item 80 農業部門, column 電力",https://ea01.moeaea.gov.tw/a0303/02/publication/annually/,downloaded,
sector_fuel_agriculture_electricity,Agriculture: Electricity,農業部門：電力,history,2015,2.9176,TWh,Taiwan (national),moeaea_energy_balance,"Energy Administration, energy balance 1982-2025 (toe units)","sheet 104, item 80 農業部門, column 電力",https://ea01.moeaea.gov.tw/a0303/02/publication/annually/,downloaded,
sector_fuel_agriculture_electricity,Agriculture: Electricity,農業部門：電力,history,2016,2.9233,TWh,Taiwan (national),moeaea_energy_balance,"Energy Administration, energy balance 1982-2025 (toe units)","sheet 105, item 80 農業部門, column 電力",https://ea01.moeaea.gov.tw/a0303/02/publication/annually/,downloaded,
sector_fuel_agriculture_electricity,Agriculture: Electricity,農業部門：電力,history,2017,3.0375,TWh,Taiwan (national),moeaea_energy_balance,"Energy Administration, energy balance 1982-2025 (toe units)","sheet 106, item 80 農業部門, column 電力",https://ea01.moeaea.gov.tw/a0303/02/publication/annually/,downloaded,
sector_fuel_agriculture_electricity,Agriculture: Electricity,農業部門：電力,history,2018,2.9617,TWh,Taiwan (national),moeaea_energy_balance,"Energy Administration, energy balance 1982-2025 (toe units)","sheet 107, item 80 農業部門, column 電力",https://ea01.moeaea.gov.tw/a0303/02/publication/annually/,downloaded,
sector_fuel_agriculture_electricity,Agriculture: Electricity,農業部門：電力,history,2019,3.0463,TWh,Taiwan (national),moeaea_energy_balance,"Energy Administration, energy balance 1982-2025 (toe units)","sheet 108, item 80 農業部門, column 電力",https://ea01.moeaea.gov.tw/a0303/02/publication/annually/,downloaded,
sector_fuel_agriculture_electricity,Agriculture: Electricity,農業部門：電力,history,2020,3.275,TWh,Taiwan (national),moeaea_energy_balance,"Energy Administration, energy balance 1982-2025 (toe units)","sheet 109, item 80 農業部門, column 電力",https://ea01.moeaea.gov.tw/a0303/02/publication/annually/,downloaded,
sector_fuel_agriculture_electricity,Agriculture: Electricity,農業部門：電力,history,2021,3.3086,TWh,Taiwan (national),moeaea_energy_balance,"Energy Administration, energy balance 1982-2025 (toe units)","sheet 110, item 80 農業部門, column 電力",https://ea01.moeaea.gov.tw/a0303/02/publication/annually/,downloaded,
sector_fuel_agriculture_electricity,Agriculture: Electricity,農業部門：電力,history,2022,3.2632,TWh,Taiwan (national),moeaea_energy_balance,"Energy Administration, energy balance 1982-2025 (toe units)","sheet 111, item 80 農業部門, column 電力",https://ea01.moeaea.gov.tw/a0303/02/publication/annually/,downloaded,
sector_fuel_agriculture_electricity,Agriculture: Electricity,農業部門：電力,history,2023,3.2776,TWh,Taiwan (national),moeaea_energy_balance,"Energy Administration, energy balance 1982-2025 (toe units)","sheet 112, item 80 農業部門, column 電力",https://ea01.moeaea.gov.tw/a0303/02/publication/annually/,downloaded,
sector_fuel_agriculture_electricity,Agriculture: Electricity,農業部門：電力,history,2024,3.4045,TWh,Taiwan (national),moeaea_energy_balance,"Energy Administration, energy balance 1982-2025 (toe units)","sheet 113, item 80 農業部門, column 電力",https://ea01.moeaea.gov.tw/a0303/02/publication/annually/,downloaded,
sector_fuel_agriculture_electricity,Agriculture: Electricity,農業部門：電力,history,2025,3.336,TWh,Taiwan (national),moeaea_energy_balance,"Energy Administration, energy balance 1982-2025 (toe units)","sheet 114, item 80 農業部門, column 電力",https://ea01.moeaea.gov.tw/a0303/02/publication/annually/,downloaded,
sector_fuel_agriculture_gas,Agriculture: Natural gas,農業部門：天然氣,history,2005,0.0,TWh,Taiwan (national),moeaea_energy_balance,"Energy Administration, energy balance 1982-2025 (toe units)","sheet 094, item 80 農業部門, column 天然氣",https://ea01.moeaea.gov.tw/a0303/02/publication/annually/,downloaded,
sector_fuel_agriculture_gas,Agriculture: Natural gas,農業部門：天然氣,history,2006,0.0,TWh,Taiwan (national),moeaea_energy_balance,"Energy Administration, energy balance 1982-2025 (toe units)","sheet 095, item 80 農業部門, column 天然氣",https://ea01.moeaea.gov.tw/a0303/02/publication/annually/,downloaded,
sector_fuel_agriculture_gas,Agriculture: Natural gas,農業部門：天然氣,history,2007,0.0,TWh,Taiwan (national),moeaea_energy_balance,"Energy Administration, energy balance 1982-2025 (toe units)","sheet 096, item 80 農業部門, column 天然氣",https://ea01.moeaea.gov.tw/a0303/02/publication/annually/,downloaded,
sector_fuel_agriculture_gas,Agriculture: Natural gas,農業部門：天然氣,history,2008,0.0,TWh,Taiwan (national),moeaea_energy_balance,"Energy Administration, energy balance 1982-2025 (toe units)","sheet 097, item 80 農業部門, column 天然氣",https://ea01.moeaea.gov.tw/a0303/02/publication/annually/,downloaded,
sector_fuel_agriculture_gas,Agriculture: Natural gas,農業部門：天然氣,history,2009,0.0,TWh,Taiwan (national),moeaea_energy_balance,"Energy Administration, energy balance 1982-2025 (toe units)","sheet 098, item 80 農業部門, column 天然氣",https://ea01.moeaea.gov.tw/a0303/02/publication/annually/,downloaded,
sector_fuel_agriculture_gas,Agriculture: Natural gas,農業部門：天然氣,history,2010,0.0,TWh,Taiwan (national),moeaea_energy_balance,"Energy Administration, energy balance 1982-2025 (toe units)","sheet 099, item 80 農業部門, column 天然氣",https://ea01.moeaea.gov.tw/a0303/02/publication/annually/,downloaded,
sector_fuel_agriculture_gas,Agriculture: Natural gas,農業部門：天然氣,history,2011,0.0,TWh,Taiwan (national),moeaea_energy_balance,"Energy Administration, energy balance 1982-2025 (toe units)","sheet 100, item 80 農業部門, column 天然氣",https://ea01.moeaea.gov.tw/a0303/02/publication/annually/,downloaded,
sector_fuel_agriculture_gas,Agriculture: Natural gas,農業部門：天然氣,history,2012,0.0,TWh,Taiwan (national),moeaea_energy_balance,"Energy Administration, energy balance 1982-2025 (toe units)","sheet 101, item 80 農業部門, column 天然氣",https://ea01.moeaea.gov.tw/a0303/02/publication/annually/,downloaded,
sector_fuel_agriculture_gas,Agriculture: Natural gas,農業部門：天然氣,history,2013,0.0114,TWh,Taiwan (national),moeaea_energy_balance,"Energy Administration, energy balance 1982-2025 (toe units)","sheet 102, item 80 農業部門, column 天然氣",https://ea01.moeaea.gov.tw/a0303/02/publication/annually/,downloaded,
sector_fuel_agriculture_gas,Agriculture: Natural gas,農業部門：天然氣,history,2014,0.0324,TWh,Taiwan (national),moeaea_energy_balance,"Energy Administration, energy balance 1982-2025 (toe units)","sheet 103, item 80 農業部門, column 天然氣",https://ea01.moeaea.gov.tw/a0303/02/publication/annually/,downloaded,
sector_fuel_agriculture_gas,Agriculture: Natural gas,農業部門：天然氣,history,2015,0.0347,TWh,Taiwan (national),moeaea_energy_balance,"Energy Administration, energy balance 1982-2025 (toe units)","sheet 104, item 80 農業部門, column 天然氣",https://ea01.moeaea.gov.tw/a0303/02/publication/annually/,downloaded,
sector_fuel_agriculture_gas,Agriculture: Natural gas,農業部門：天然氣,history,2016,0.0396,TWh,Taiwan (national),moeaea_energy_balance,"Energy Administration, energy balance 1982-2025 (toe units)","sheet 105, item 80 農業部門, column 天然氣",https://ea01.moeaea.gov.tw/a0303/02/publication/annually/,downloaded,
sector_fuel_agriculture_gas,Agriculture: Natural gas,農業部門：天然氣,history,2017,0.0386,TWh,Taiwan (national),moeaea_energy_balance,"Energy Administration, energy balance 1982-2025 (toe units)","sheet 106, item 80 農業部門, column 天然氣",https://ea01.moeaea.gov.tw/a0303/02/publication/annually/,downloaded,
sector_fuel_agriculture_gas,Agriculture: Natural gas,農業部門：天然氣,history,2018,0.0456,TWh,Taiwan (national),moeaea_energy_balance,"Energy Administration, energy balance 1982-2025 (toe units)","sheet 107, item 80 農業部門, column 天然氣",https://ea01.moeaea.gov.tw/a0303/02/publication/annually/,downloaded,
sector_fuel_agriculture_gas,Agriculture: Natural gas,農業部門：天然氣,history,2019,0.0432,TWh,Taiwan (national),moeaea_energy_balance,"Energy Administration, energy balance 1982-2025 (toe units)","sheet 108, item 80 農業部門, column 天然氣",https://ea01.moeaea.gov.tw/a0303/02/publication/annually/,downloaded,
sector_fuel_agriculture_gas,Agriculture: Natural gas,農業部門：天然氣,history,2020,0.0418,TWh,Taiwan (national),moeaea_energy_balance,"Energy Administration, energy balance 1982-2025 (toe units)","sheet 109, item 80 農業部門, column 天然氣",https://ea01.moeaea.gov.tw/a0303/02/publication/annually/,downloaded,
sector_fuel_agriculture_gas,Agriculture: Natural gas,農業部門：天然氣,history,2021,0.0462,TWh,Taiwan (national),moeaea_energy_balance,"Energy Administration, energy balance 1982-2025 (toe units)","sheet 110, item 80 農業部門, column 天然氣",https://ea01.moeaea.gov.tw/a0303/02/publication/annually/,downloaded,
sector_fuel_agriculture_gas,Agriculture: Natural gas,農業部門：天然氣,history,2022,0.0457,TWh,Taiwan (national),moeaea_energy_balance,"Energy Administration, energy balance 1982-2025 (toe units)","sheet 111, item 80 農業部門, column 天然氣",https://ea01.moeaea.gov.tw/a0303/02/publication/annually/,downloaded,
sector_fuel_agriculture_gas,Agriculture: Natural gas,農業部門：天然氣,history,2023,0.0444,TWh,Taiwan (national),moeaea_energy_balance,"Energy Administration, energy balance 1982-2025 (toe units)","sheet 112, item 80 農業部門, column 天然氣",https://ea01.moeaea.gov.tw/a0303/02/publication/annually/,downloaded,
sector_fuel_agriculture_gas,Agriculture: Natural gas,農業部門：天然氣,history,2024,0.039,TWh,Taiwan (national),moeaea_energy_balance,"Energy Administration, energy balance 1982-2025 (toe units)","sheet 113, item 80 農業部門, column 天然氣",https://ea01.moeaea.gov.tw/a0303/02/publication/annually/,downloaded,
sector_fuel_agriculture_gas,Agriculture: Natural gas,農業部門：天然氣,history,2025,0.0405,TWh,Taiwan (national),moeaea_energy_balance,"Energy Administration, energy balance 1982-2025 (toe units)","sheet 114, item 80 農業部門, column 天然氣",https://ea01.moeaea.gov.tw/a0303/02/publication/annually/,downloaded,
sector_fuel_agriculture_oil,Agriculture: Oil products,農業部門：石油產品,history,2005,9.8347,TWh,Taiwan (national),moeaea_energy_balance,"Energy Administration, energy balance 1982-2025 (toe units)","sheet 094, item 80 農業部門, column 原油及石油產品",https://ea01.moeaea.gov.tw/a0303/02/publication/annually/,downloaded,
sector_fuel_agriculture_oil,Agriculture: Oil products,農業部門：石油產品,history,2006,6.1636,TWh,Taiwan (national),moeaea_energy_balance,"Energy Administration, energy balance 1982-2025 (toe units)","sheet 095, item 80 農業部門, column 原油及石油產品",https://ea01.moeaea.gov.tw/a0303/02/publication/annually/,downloaded,
sector_fuel_agriculture_oil,Agriculture: Oil products,農業部門：石油產品,history,2007,4.0788,TWh,Taiwan (national),moeaea_energy_balance,"Energy Administration, energy balance 1982-2025 (toe units)","sheet 096, item 80 農業部門, column 原油及石油產品",https://ea01.moeaea.gov.tw/a0303/02/publication/annually/,downloaded,
sector_fuel_agriculture_oil,Agriculture: Oil products,農業部門：石油產品,history,2008,5.7972,TWh,Taiwan (national),moeaea_energy_balance,"Energy Administration, energy balance 1982-2025 (toe units)","sheet 097, item 80 農業部門, column 原油及石油產品",https://ea01.moeaea.gov.tw/a0303/02/publication/annually/,downloaded,
sector_fuel_agriculture_oil,Agriculture: Oil products,農業部門：石油產品,history,2009,4.3998,TWh,Taiwan (national),moeaea_energy_balance,"Energy Administration, energy balance 1982-2025 (toe units)","sheet 098, item 80 農業部門, column 原油及石油產品",https://ea01.moeaea.gov.tw/a0303/02/publication/annually/,downloaded,
sector_fuel_agriculture_oil,Agriculture: Oil products,農業部門：石油產品,history,2010,4.1964,TWh,Taiwan (national),moeaea_energy_balance,"Energy Administration, energy balance 1982-2025 (toe units)","sheet 099, item 80 農業部門, column 原油及石油產品",https://ea01.moeaea.gov.tw/a0303/02/publication/annually/,downloaded,
sector_fuel_agriculture_oil,Agriculture: Oil products,農業部門：石油產品,history,2011,4.2424,TWh,Taiwan (national),moeaea_energy_balance,"Energy Administration, energy balance 1982-2025 (toe units)","sheet 100, item 80 農業部門, column 原油及石油產品",https://ea01.moeaea.gov.tw/a0303/02/publication/annually/,downloaded,
sector_fuel_agriculture_oil,Agriculture: Oil products,農業部門：石油產品,history,2012,4.7779,TWh,Taiwan (national),moeaea_energy_balance,"Energy Administration, energy balance 1982-2025 (toe units)","sheet 101, item 80 農業部門, column 原油及石油產品",https://ea01.moeaea.gov.tw/a0303/02/publication/annually/,downloaded,
sector_fuel_agriculture_oil,Agriculture: Oil products,農業部門：石油產品,history,2013,4.8372,TWh,Taiwan (national),moeaea_energy_balance,"Energy Administration, energy balance 1982-2025 (toe units)","sheet 102, item 80 農業部門, column 原油及石油產品",https://ea01.moeaea.gov.tw/a0303/02/publication/annually/,downloaded,
sector_fuel_agriculture_oil,Agriculture: Oil products,農業部門：石油產品,history,2014,5.0348,TWh,Taiwan (national),moeaea_energy_balance,"Energy Administration, energy balance 1982-2025 (toe units)","sheet 103, item 80 農業部門, column 原油及石油產品",https://ea01.moeaea.gov.tw/a0303/02/publication/annually/,downloaded,
sector_fuel_agriculture_oil,Agriculture: Oil products,農業部門：石油產品,history,2015,4.8151,TWh,Taiwan (national),moeaea_energy_balance,"Energy Administration, energy balance 1982-2025 (toe units)","sheet 104, item 80 農業部門, column 原油及石油產品",https://ea01.moeaea.gov.tw/a0303/02/publication/annually/,downloaded,
sector_fuel_agriculture_oil,Agriculture: Oil products,農業部門：石油產品,history,2016,4.7536,TWh,Taiwan (national),moeaea_energy_balance,"Energy Administration, energy balance 1982-2025 (toe units)","sheet 105, item 80 農業部門, column 原油及石油產品",https://ea01.moeaea.gov.tw/a0303/02/publication/annually/,downloaded,
sector_fuel_agriculture_oil,Agriculture: Oil products,農業部門：石油產品,history,2017,4.4734,TWh,Taiwan (national),moeaea_energy_balance,"Energy Administration, energy balance 1982-2025 (toe units)","sheet 106, item 80 農業部門, column 原油及石油產品",https://ea01.moeaea.gov.tw/a0303/02/publication/annually/,downloaded,
sector_fuel_agriculture_oil,Agriculture: Oil products,農業部門：石油產品,history,2018,5.639,TWh,Taiwan (national),moeaea_energy_balance,"Energy Administration, energy balance 1982-2025 (toe units)","sheet 107, item 80 農業部門, column 原油及石油產品",https://ea01.moeaea.gov.tw/a0303/02/publication/annually/,downloaded,
sector_fuel_agriculture_oil,Agriculture: Oil products,農業部門：石油產品,history,2019,5.6496,TWh,Taiwan (national),moeaea_energy_balance,"Energy Administration, energy balance 1982-2025 (toe units)","sheet 108, item 80 農業部門, column 原油及石油產品",https://ea01.moeaea.gov.tw/a0303/02/publication/annually/,downloaded,
sector_fuel_agriculture_oil,Agriculture: Oil products,農業部門：石油產品,history,2020,4.9433,TWh,Taiwan (national),moeaea_energy_balance,"Energy Administration, energy balance 1982-2025 (toe units)","sheet 109, item 80 農業部門, column 原油及石油產品",https://ea01.moeaea.gov.tw/a0303/02/publication/annually/,downloaded,
sector_fuel_agriculture_oil,Agriculture: Oil products,農業部門：石油產品,history,2021,4.8961,TWh,Taiwan (national),moeaea_energy_balance,"Energy Administration, energy balance 1982-2025 (toe units)","sheet 110, item 80 農業部門, column 原油及石油產品",https://ea01.moeaea.gov.tw/a0303/02/publication/annually/,downloaded,
sector_fuel_agriculture_oil,Agriculture: Oil products,農業部門：石油產品,history,2022,5.0909,TWh,Taiwan (national),moeaea_energy_balance,"Energy Administration, energy balance 1982-2025 (toe units)","sheet 111, item 80 農業部門, column 原油及石油產品",https://ea01.moeaea.gov.tw/a0303/02/publication/annually/,downloaded,
sector_fuel_agriculture_oil,Agriculture: Oil products,農業部門：石油產品,history,2023,5.7041,TWh,Taiwan (national),moeaea_energy_balance,"Energy Administration, energy balance 1982-2025 (toe units)","sheet 112, item 80 農業部門, column 原油及石油產品",https://ea01.moeaea.gov.tw/a0303/02/publication/annually/,downloaded,
sector_fuel_agriculture_oil,Agriculture: Oil products,農業部門：石油產品,history,2024,6.0243,TWh,Taiwan (national),moeaea_energy_balance,"Energy Administration, energy balance 1982-2025 (toe units)","sheet 113, item 80 農業部門, column 原油及石油產品",https://ea01.moeaea.gov.tw/a0303/02/publication/annually/,downloaded,
sector_fuel_agriculture_oil,Agriculture: Oil products,農業部門：石油產品,history,2025,5.9081,TWh,Taiwan (national),moeaea_energy_balance,"Energy Administration, energy balance 1982-2025 (toe units)","sheet 114, item 80 農業部門, column 原油及石油產品",https://ea01.moeaea.gov.tw/a0303/02/publication/annually/,downloaded,
sector_fuel_industry_biomass_waste,Industry: Biomass and waste,工業部門：生質能及廢棄物,history,2005,4.9707,TWh,Taiwan (national),moeaea_energy_balance,"Energy Administration, energy balance 1982-2025 (toe units)","sheet 094, item 35 工業部門, column 生質能及廢棄物",https://ea01.moeaea.gov.tw/a0303/02/publication/annually/,downloaded,
sector_fuel_industry_biomass_waste,Industry: Biomass and waste,工業部門：生質能及廢棄物,history,2006,5.1418,TWh,Taiwan (national),moeaea_energy_balance,"Energy Administration, energy balance 1982-2025 (toe units)","sheet 095, item 35 工業部門, column 生質能及廢棄物",https://ea01.moeaea.gov.tw/a0303/02/publication/annually/,downloaded,
sector_fuel_industry_biomass_waste,Industry: Biomass and waste,工業部門：生質能及廢棄物,history,2007,5.171,TWh,Taiwan (national),moeaea_energy_balance,"Energy Administration, energy balance 1982-2025 (toe units)","sheet 096, item 35 工業部門, column 生質能及廢棄物",https://ea01.moeaea.gov.tw/a0303/02/publication/annually/,downloaded,
sector_fuel_industry_biomass_waste,Industry: Biomass and waste,工業部門：生質能及廢棄物,history,2008,5.3236,TWh,Taiwan (national),moeaea_energy_balance,"Energy Administration, energy balance 1982-2025 (toe units)","sheet 097, item 35 工業部門, column 生質能及廢棄物",https://ea01.moeaea.gov.tw/a0303/02/publication/annually/,downloaded,
sector_fuel_industry_biomass_waste,Industry: Biomass and waste,工業部門：生質能及廢棄物,history,2009,4.8616,TWh,Taiwan (national),moeaea_energy_balance,"Energy Administration, energy balance 1982-2025 (toe units)","sheet 098, item 35 工業部門, column 生質能及廢棄物",https://ea01.moeaea.gov.tw/a0303/02/publication/annually/,downloaded,
sector_fuel_industry_biomass_waste,Industry: Biomass and waste,工業部門：生質能及廢棄物,history,2010,5.3691,TWh,Taiwan (national),moeaea_energy_balance,"Energy Administration, energy balance 1982-2025 (toe units)","sheet 099, item 35 工業部門, column 生質能及廢棄物",https://ea01.moeaea.gov.tw/a0303/02/publication/annually/,downloaded,
sector_fuel_industry_biomass_waste,Industry: Biomass and waste,工業部門：生質能及廢棄物,history,2011,5.1122,TWh,Taiwan (national),moeaea_energy_balance,"Energy Administration, energy balance 1982-2025 (toe units)","sheet 100, item 35 工業部門, column 生質能及廢棄物",https://ea01.moeaea.gov.tw/a0303/02/publication/annually/,downloaded,
sector_fuel_industry_biomass_waste,Industry: Biomass and waste,工業部門：生質能及廢棄物,history,2012,4.8767,TWh,Taiwan (national),moeaea_energy_balance,"Energy Administration, energy balance 1982-2025 (toe units)","sheet 101, item 35 工業部門, column 生質能及廢棄物",https://ea01.moeaea.gov.tw/a0303/02/publication/annually/,downloaded,
sector_fuel_industry_biomass_waste,Industry: Biomass and waste,工業部門：生質能及廢棄物,history,2013,4.8885,TWh,Taiwan (national),moeaea_energy_balance,"Energy Administration, energy balance 1982-2025 (toe units)","sheet 102, item 35 工業部門, column 生質能及廢棄物",https://ea01.moeaea.gov.tw/a0303/02/publication/annually/,downloaded,
sector_fuel_industry_biomass_waste,Industry: Biomass and waste,工業部門：生質能及廢棄物,history,2014,5.0969,TWh,Taiwan (national),moeaea_energy_balance,"Energy Administration, energy balance 1982-2025 (toe units)","sheet 103, item 35 工業部門, column 生質能及廢棄物",https://ea01.moeaea.gov.tw/a0303/02/publication/annually/,downloaded,
sector_fuel_industry_biomass_waste,Industry: Biomass and waste,工業部門：生質能及廢棄物,history,2015,5.1743,TWh,Taiwan (national),moeaea_energy_balance,"Energy Administration, energy balance 1982-2025 (toe units)","sheet 104, item 35 工業部門, column 生質能及廢棄物",https://ea01.moeaea.gov.tw/a0303/02/publication/annually/,downloaded,
sector_fuel_industry_biomass_waste,Industry: Biomass and waste,工業部門：生質能及廢棄物,history,2016,4.7727,TWh,Taiwan (national),moeaea_energy_balance,"Energy Administration, energy balance 1982-2025 (toe units)","sheet 105, item 35 工業部門, column 生質能及廢棄物",https://ea01.moeaea.gov.tw/a0303/02/publication/annually/,downloaded,
sector_fuel_industry_biomass_waste,Industry: Biomass and waste,工業部門：生質能及廢棄物,history,2017,4.5135,TWh,Taiwan (national),moeaea_energy_balance,"Energy Administration, energy balance 1982-2025 (toe units)","sheet 106, item 35 工業部門, column 生質能及廢棄物",https://ea01.moeaea.gov.tw/a0303/02/publication/annually/,downloaded,
sector_fuel_industry_biomass_waste,Industry: Biomass and waste,工業部門：生質能及廢棄物,history,2018,4.5922,TWh,Taiwan (national),moeaea_energy_balance,"Energy Administration, energy balance 1982-2025 (toe units)","sheet 107, item 35 工業部門, column 生質能及廢棄物",https://ea01.moeaea.gov.tw/a0303/02/publication/annually/,downloaded,
sector_fuel_industry_biomass_waste,Industry: Biomass and waste,工業部門：生質能及廢棄物,history,2019,4.5042,TWh,Taiwan (national),moeaea_energy_balance,"Energy Administration, energy balance 1982-2025 (toe units)","sheet 108, item 35 工業部門, column 生質能及廢棄物",https://ea01.moeaea.gov.tw/a0303/02/publication/annually/,downloaded,
sector_fuel_industry_biomass_waste,Industry: Biomass and waste,工業部門：生質能及廢棄物,history,2020,4.505,TWh,Taiwan (national),moeaea_energy_balance,"Energy Administration, energy balance 1982-2025 (toe units)","sheet 109, item 35 工業部門, column 生質能及廢棄物",https://ea01.moeaea.gov.tw/a0303/02/publication/annually/,downloaded,
sector_fuel_industry_biomass_waste,Industry: Biomass and waste,工業部門：生質能及廢棄物,history,2021,4.6457,TWh,Taiwan (national),moeaea_energy_balance,"Energy Administration, energy balance 1982-2025 (toe units)","sheet 110, item 35 工業部門, column 生質能及廢棄物",https://ea01.moeaea.gov.tw/a0303/02/publication/annually/,downloaded,
sector_fuel_industry_biomass_waste,Industry: Biomass and waste,工業部門：生質能及廢棄物,history,2022,4.9627,TWh,Taiwan (national),moeaea_energy_balance,"Energy Administration, energy balance 1982-2025 (toe units)","sheet 111, item 35 工業部門, column 生質能及廢棄物",https://ea01.moeaea.gov.tw/a0303/02/publication/annually/,downloaded,
sector_fuel_industry_biomass_waste,Industry: Biomass and waste,工業部門：生質能及廢棄物,history,2023,3.5929,TWh,Taiwan (national),moeaea_energy_balance,"Energy Administration, energy balance 1982-2025 (toe units)","sheet 112, item 35 工業部門, column 生質能及廢棄物",https://ea01.moeaea.gov.tw/a0303/02/publication/annually/,downloaded,
sector_fuel_industry_biomass_waste,Industry: Biomass and waste,工業部門：生質能及廢棄物,history,2024,4.084,TWh,Taiwan (national),moeaea_energy_balance,"Energy Administration, energy balance 1982-2025 (toe units)","sheet 113, item 35 工業部門, column 生質能及廢棄物",https://ea01.moeaea.gov.tw/a0303/02/publication/annually/,downloaded,
sector_fuel_industry_biomass_waste,Industry: Biomass and waste,工業部門：生質能及廢棄物,history,2025,4.1087,TWh,Taiwan (national),moeaea_energy_balance,"Energy Administration, energy balance 1982-2025 (toe units)","sheet 114, item 35 工業部門, column 生質能及廢棄物",https://ea01.moeaea.gov.tw/a0303/02/publication/annually/,downloaded,
sector_fuel_industry_coal,Industry: Coal and coal products,工業部門：煤及煤產品,history,2005,66.4394,TWh,Taiwan (national),moeaea_energy_balance,"Energy Administration, energy balance 1982-2025 (toe units)","sheet 094, item 35 工業部門, column 煤及煤產品",https://ea01.moeaea.gov.tw/a0303/02/publication/annually/,downloaded,
sector_fuel_industry_coal,Industry: Coal and coal products,工業部門：煤及煤產品,history,2006,69.4477,TWh,Taiwan (national),moeaea_energy_balance,"Energy Administration, energy balance 1982-2025 (toe units)","sheet 095, item 35 工業部門, column 煤及煤產品",https://ea01.moeaea.gov.tw/a0303/02/publication/annually/,downloaded,
sector_fuel_industry_coal,Industry: Coal and coal products,工業部門：煤及煤產品,history,2007,69.4213,TWh,Taiwan (national),moeaea_energy_balance,"Energy Administration, energy balance 1982-2025 (toe units)","sheet 096, item 35 工業部門, column 煤及煤產品",https://ea01.moeaea.gov.tw/a0303/02/publication/annually/,downloaded,
sector_fuel_industry_coal,Industry: Coal and coal products,工業部門：煤及煤產品,history,2008,66.25,TWh,Taiwan (national),moeaea_energy_balance,"Energy Administration, energy balance 1982-2025 (toe units)","sheet 097, item 35 工業部門, column 煤及煤產品",https://ea01.moeaea.gov.tw/a0303/02/publication/annually/,downloaded,
sector_fuel_industry_coal,Industry: Coal and coal products,工業部門：煤及煤產品,history,2009,61.7442,TWh,Taiwan (national),moeaea_energy_balance,"Energy Administration, energy balance 1982-2025 (toe units)","sheet 098, item 35 工業部門, column 煤及煤產品",https://ea01.moeaea.gov.tw/a0303/02/publication/annually/,downloaded,
sector_fuel_industry_coal,Industry: Coal and coal products,工業部門：煤及煤產品,history,2010,71.177,TWh,Taiwan (national),moeaea_energy_balance,"Energy Administration, energy balance 1982-2025 (toe units)","sheet 099, item 35 工業部門, column 煤及煤產品",https://ea01.moeaea.gov.tw/a0303/02/publication/annually/,downloaded,
sector_fuel_industry_coal,Industry: Coal and coal products,工業部門：煤及煤產品,history,2011,77.5848,TWh,Taiwan (national),moeaea_energy_balance,"Energy Administration, energy balance 1982-2025 (toe units)","sheet 100, item 35 工業部門, column 煤及煤產品",https://ea01.moeaea.gov.tw/a0303/02/publication/annually/,downloaded,
sector_fuel_industry_coal,Industry: Coal and coal products,工業部門：煤及煤產品,history,2012,76.4091,TWh,Taiwan (national),moeaea_energy_balance,"Energy Administration, energy balance 1982-2025 (toe units)","sheet 101, item 35 工業部門, column 煤及煤產品",https://ea01.moeaea.gov.tw/a0303/02/publication/annually/,downloaded,
sector_fuel_industry_coal,Industry: Coal and coal products,工業部門：煤及煤產品,history,2013,81.2738,TWh,Taiwan (national),moeaea_energy_balance,"Energy Administration, energy balance 1982-2025 (toe units)","sheet 102, item 35 工業部門, column 煤及煤產品",https://ea01.moeaea.gov.tw/a0303/02/publication/annually/,downloaded,
sector_fuel_industry_coal,Industry: Coal and coal products,工業部門：煤及煤產品,history,2014,76.334,TWh,Taiwan (national),moeaea_energy_balance,"Energy Administration, energy balance 1982-2025 (toe units)","sheet 103, item 35 工業部門, column 煤及煤產品",https://ea01.moeaea.gov.tw/a0303/02/publication/annually/,downloaded,
sector_fuel_industry_coal,Industry: Coal and coal products,工業部門：煤及煤產品,history,2015,76.1293,TWh,Taiwan (national),moeaea_energy_balance,"Energy Administration, energy balance 1982-2025 (toe units)","sheet 104, item 35 工業部門, column 煤及煤產品",https://ea01.moeaea.gov.tw/a0303/02/publication/annually/,downloaded,
sector_fuel_industry_coal,Industry: Coal and coal products,工業部門：煤及煤產品,history,2016,77.472,TWh,Taiwan (national),moeaea_energy_balance,"Energy Administration, energy balance 1982-2025 (toe units)","sheet 105, item 35 工業部門, column 煤及煤產品",https://ea01.moeaea.gov.tw/a0303/02/publication/annually/,downloaded,
sector_fuel_industry_coal,Industry: Coal and coal products,工業部門：煤及煤產品,history,2017,72.6129,TWh,Taiwan (national),moeaea_energy_balance,"Energy Administration, energy balance 1982-2025 (toe units)","sheet 106, item 35 工業部門, column 煤及煤產品",https://ea01.moeaea.gov.tw/a0303/02/publication/annually/,downloaded,
sector_fuel_industry_coal,Industry: Coal and coal products,工業部門：煤及煤產品,history,2018,60.2473,TWh,Taiwan (national),moeaea_energy_balance,"Energy Administration, energy balance 1982-2025 (toe units)","sheet 107, item 35 工業部門, column 煤及煤產品",https://ea01.moeaea.gov.tw/a0303/02/publication/annually/,downloaded,
sector_fuel_industry_coal,Industry: Coal and coal products,工業部門：煤及煤產品,history,2019,60.1045,TWh,Taiwan (national),moeaea_energy_balance,"Energy Administration, energy balance 1982-2025 (toe units)","sheet 108, item 35 工業部門, column 煤及煤產品",https://ea01.moeaea.gov.tw/a0303/02/publication/annually/,downloaded,
sector_fuel_industry_coal,Industry: Coal and coal products,工業部門：煤及煤產品,history,2020,59.0662,TWh,Taiwan (national),moeaea_energy_balance,"Energy Administration, energy balance 1982-2025 (toe units)","sheet 109, item 35 工業部門, column 煤及煤產品",https://ea01.moeaea.gov.tw/a0303/02/publication/annually/,downloaded,
sector_fuel_industry_coal,Industry: Coal and coal products,工業部門：煤及煤產品,history,2021,61.7269,TWh,Taiwan (national),moeaea_energy_balance,"Energy Administration, energy balance 1982-2025 (toe units)","sheet 110, item 35 工業部門, column 煤及煤產品",https://ea01.moeaea.gov.tw/a0303/02/publication/annually/,downloaded,
sector_fuel_industry_coal,Industry: Coal and coal products,工業部門：煤及煤產品,history,2022,53.4453,TWh,Taiwan (national),moeaea_energy_balance,"Energy Administration, energy balance 1982-2025 (toe units)","sheet 111, item 35 工業部門, column 煤及煤產品",https://ea01.moeaea.gov.tw/a0303/02/publication/annually/,downloaded,
sector_fuel_industry_coal,Industry: Coal and coal products,工業部門：煤及煤產品,history,2023,47.5834,TWh,Taiwan (national),moeaea_energy_balance,"Energy Administration, energy balance 1982-2025 (toe units)","sheet 112, item 35 工業部門, column 煤及煤產品",https://ea01.moeaea.gov.tw/a0303/02/publication/annually/,downloaded,
sector_fuel_industry_coal,Industry: Coal and coal products,工業部門：煤及煤產品,history,2024,46.4846,TWh,Taiwan (national),moeaea_energy_balance,"Energy Administration, energy balance 1982-2025 (toe units)","sheet 113, item 35 工業部門, column 煤及煤產品",https://ea01.moeaea.gov.tw/a0303/02/publication/annually/,downloaded,
sector_fuel_industry_coal,Industry: Coal and coal products,工業部門：煤及煤產品,history,2025,46.0248,TWh,Taiwan (national),moeaea_energy_balance,"Energy Administration, energy balance 1982-2025 (toe units)","sheet 114, item 35 工業部門, column 煤及煤產品",https://ea01.moeaea.gov.tw/a0303/02/publication/annually/,downloaded,
sector_fuel_industry_electricity,Industry: Electricity,工業部門：電力,history,2005,109.5124,TWh,Taiwan (national),moeaea_energy_balance,"Energy Administration, energy balance 1982-2025 (toe units)","sheet 094, item 35 工業部門, column 電力",https://ea01.moeaea.gov.tw/a0303/02/publication/annually/,downloaded,
sector_fuel_industry_electricity,Industry: Electricity,工業部門：電力,history,2006,114.5217,TWh,Taiwan (national),moeaea_energy_balance,"Energy Administration, energy balance 1982-2025 (toe units)","sheet 095, item 35 工業部門, column 電力",https://ea01.moeaea.gov.tw/a0303/02/publication/annually/,downloaded,
sector_fuel_industry_electricity,Industry: Electricity,工業部門：電力,history,2007,120.4403,TWh,Taiwan (national),moeaea_energy_balance,"Energy Administration, energy balance 1982-2025 (toe units)","sheet 096, item 35 工業部門, column 電力",https://ea01.moeaea.gov.tw/a0303/02/publication/annually/,downloaded,
sector_fuel_industry_electricity,Industry: Electricity,工業部門：電力,history,2008,118.1354,TWh,Taiwan (national),moeaea_energy_balance,"Energy Administration, energy balance 1982-2025 (toe units)","sheet 097, item 35 工業部門, column 電力",https://ea01.moeaea.gov.tw/a0303/02/publication/annually/,downloaded,
sector_fuel_industry_electricity,Industry: Electricity,工業部門：電力,history,2009,110.7516,TWh,Taiwan (national),moeaea_energy_balance,"Energy Administration, energy balance 1982-2025 (toe units)","sheet 098, item 35 工業部門, column 電力",https://ea01.moeaea.gov.tw/a0303/02/publication/annually/,downloaded,
sector_fuel_industry_electricity,Industry: Electricity,工業部門：電力,history,2010,125.2697,TWh,Taiwan (national),moeaea_energy_balance,"Energy Administration, energy balance 1982-2025 (toe units)","sheet 099, item 35 工業部門, column 電力",https://ea01.moeaea.gov.tw/a0303/02/publication/annually/,downloaded,
sector_fuel_industry_electricity,Industry: Electricity,工業部門：電力,history,2011,128.9063,TWh,Taiwan (national),moeaea_energy_balance,"Energy Administration, energy balance 1982-2025 (toe units)","sheet 100, item 35 工業部門, column 電力",https://ea01.moeaea.gov.tw/a0303/02/publication/annually/,downloaded,
sector_fuel_industry_electricity,Industry: Electricity,工業部門：電力,history,2012,129.5443,TWh,Taiwan (national),moeaea_energy_balance,"Energy Administration, energy balance 1982-2025 (toe units)","sheet 101, item 35 工業部門, column 電力",https://ea01.moeaea.gov.tw/a0303/02/publication/annually/,downloaded,
sector_fuel_industry_electricity,Industry: Electricity,工業部門：電力,history,2013,133.2389,TWh,Taiwan (national),moeaea_energy_balance,"Energy Administration, energy balance 1982-2025 (toe units)","sheet 102, item 35 工業部門, column 電力",https://ea01.moeaea.gov.tw/a0303/02/publication/annually/,downloaded,
sector_fuel_industry_electricity,Industry: Electricity,工業部門：電力,history,2014,136.4391,TWh,Taiwan (national),moeaea_energy_balance,"Energy Administration, energy balance 1982-2025 (toe units)","sheet 103, item 35 工業部門, column 電力",https://ea01.moeaea.gov.tw/a0303/02/publication/annually/,downloaded,
sector_fuel_industry_electricity,Industry: Electricity,工業部門：電力,history,2015,134.7247,TWh,Taiwan (national),moeaea_energy_balance,"Energy Administration, energy balance 1982-2025 (toe units)","sheet 104, item 35 工業部門, column 電力",https://ea01.moeaea.gov.tw/a0303/02/publication/annually/,downloaded,
sector_fuel_industry_electricity,Industry: Electricity,工業部門：電力,history,2016,136.9146,TWh,Taiwan (national),moeaea_energy_balance,"Energy Administration, energy balance 1982-2025 (toe units)","sheet 105, item 35 工業部門, column 電力",https://ea01.moeaea.gov.tw/a0303/02/publication/annually/,downloaded,
sector_fuel_industry_electricity,Industry: Electricity,工業部門：電力,history,2017,141.1369,TWh,Taiwan (national),moeaea_energy_balance,"Energy Administration, energy balance 1982-2025 (toe units)","sheet 106, item 35 工業部門, column 電力",https://ea01.moeaea.gov.tw/a0303/02/publication/annually/,downloaded,
sector_fuel_industry_electricity,Industry: Electricity,工業部門：電力,history,2018,148.9968,TWh,Taiwan (national),moeaea_energy_balance,"Energy Administration, energy balance 1982-2025 (toe units)","sheet 107, item 35 工業部門, column 電力",https://ea01.moeaea.gov.tw/a0303/02/publication/annually/,downloaded,
sector_fuel_industry_electricity,Industry: Electricity,工業部門：電力,history,2019,147.7455,TWh,Taiwan (national),moeaea_energy_balance,"Energy Administration, energy balance 1982-2025 (toe units)","sheet 108, item 35 工業部門, column 電力",https://ea01.moeaea.gov.tw/a0303/02/publication/annually/,downloaded,
sector_fuel_industry_electricity,Industry: Electricity,工業部門：電力,history,2020,150.903,TWh,Taiwan (national),moeaea_energy_balance,"Energy Administration, energy balance 1982-2025 (toe units)","sheet 109, item 35 工業部門, column 電力",https://ea01.moeaea.gov.tw/a0303/02/publication/annually/,downloaded,
sector_fuel_industry_electricity,Industry: Electricity,工業部門：電力,history,2021,161.6332,TWh,Taiwan (national),moeaea_energy_balance,"Energy Administration, energy balance 1982-2025 (toe units)","sheet 110, item 35 工業部門, column 電力",https://ea01.moeaea.gov.tw/a0303/02/publication/annually/,downloaded,
sector_fuel_industry_electricity,Industry: Electricity,工業部門：電力,history,2022,156.9681,TWh,Taiwan (national),moeaea_energy_balance,"Energy Administration, energy balance 1982-2025 (toe units)","sheet 111, item 35 工業部門, column 電力",https://ea01.moeaea.gov.tw/a0303/02/publication/annually/,downloaded,
sector_fuel_industry_electricity,Industry: Electricity,工業部門：電力,history,2023,152.4564,TWh,Taiwan (national),moeaea_energy_balance,"Energy Administration, energy balance 1982-2025 (toe units)","sheet 112, item 35 工業部門, column 電力",https://ea01.moeaea.gov.tw/a0303/02/publication/annually/,downloaded,
sector_fuel_industry_electricity,Industry: Electricity,工業部門：電力,history,2024,156.5955,TWh,Taiwan (national),moeaea_energy_balance,"Energy Administration, energy balance 1982-2025 (toe units)","sheet 113, item 35 工業部門, column 電力",https://ea01.moeaea.gov.tw/a0303/02/publication/annually/,downloaded,
sector_fuel_industry_electricity,Industry: Electricity,工業部門：電力,history,2025,157.3766,TWh,Taiwan (national),moeaea_energy_balance,"Energy Administration, energy balance 1982-2025 (toe units)","sheet 114, item 35 工業部門, column 電力",https://ea01.moeaea.gov.tw/a0303/02/publication/annually/,downloaded,
sector_fuel_industry_gas,Industry: Natural gas,工業部門：天然氣,history,2005,9.5359,TWh,Taiwan (national),moeaea_energy_balance,"Energy Administration, energy balance 1982-2025 (toe units)","sheet 094, item 35 工業部門, column 天然氣",https://ea01.moeaea.gov.tw/a0303/02/publication/annually/,downloaded,
sector_fuel_industry_gas,Industry: Natural gas,工業部門：天然氣,history,2006,9.9317,TWh,Taiwan (national),moeaea_energy_balance,"Energy Administration, energy balance 1982-2025 (toe units)","sheet 095, item 35 工業部門, column 天然氣",https://ea01.moeaea.gov.tw/a0303/02/publication/annually/,downloaded,
sector_fuel_industry_gas,Industry: Natural gas,工業部門：天然氣,history,2007,10.1862,TWh,Taiwan (national),moeaea_energy_balance,"Energy Administration, energy balance 1982-2025 (toe units)","sheet 096, item 35 工業部門, column 天然氣",https://ea01.moeaea.gov.tw/a0303/02/publication/annually/,downloaded,
sector_fuel_industry_gas,Industry: Natural gas,工業部門：天然氣,history,2008,9.6649,TWh,Taiwan (national),moeaea_energy_balance,"Energy Administration, energy balance 1982-2025 (toe units)","sheet 097, item 35 工業部門, column 天然氣",https://ea01.moeaea.gov.tw/a0303/02/publication/annually/,downloaded,
sector_fuel_industry_gas,Industry: Natural gas,工業部門：天然氣,history,2009,9.6243,TWh,Taiwan (national),moeaea_energy_balance,"Energy Administration, energy balance 1982-2025 (toe units)","sheet 098, item 35 工業部門, column 天然氣",https://ea01.moeaea.gov.tw/a0303/02/publication/annually/,downloaded,
sector_fuel_industry_gas,Industry: Natural gas,工業部門：天然氣,history,2010,11.9646,TWh,Taiwan (national),moeaea_energy_balance,"Energy Administration, energy balance 1982-2025 (toe units)","sheet 099, item 35 工業部門, column 天然氣",https://ea01.moeaea.gov.tw/a0303/02/publication/annually/,downloaded,
sector_fuel_industry_gas,Industry: Natural gas,工業部門：天然氣,history,2011,15.0104,TWh,Taiwan (national),moeaea_energy_balance,"Energy Administration, energy balance 1982-2025 (toe units)","sheet 100, item 35 工業部門, column 天然氣",https://ea01.moeaea.gov.tw/a0303/02/publication/annually/,downloaded,
sector_fuel_industry_gas,Industry: Natural gas,工業部門：天然氣,history,2012,18.8504,TWh,Taiwan (national),moeaea_energy_balance,"Energy Administration, energy balance 1982-2025 (toe units)","sheet 101, item 35 工業部門, column 天然氣",https://ea01.moeaea.gov.tw/a0303/02/publication/annually/,downloaded,
sector_fuel_industry_gas,Industry: Natural gas,工業部門：天然氣,history,2013,20.5157,TWh,Taiwan (national),moeaea_energy_balance,"Energy Administration, energy balance 1982-2025 (toe units)","sheet 102, item 35 工業部門, column 天然氣",https://ea01.moeaea.gov.tw/a0303/02/publication/annually/,downloaded,
sector_fuel_industry_gas,Industry: Natural gas,工業部門：天然氣,history,2014,22.6195,TWh,Taiwan (national),moeaea_energy_balance,"Energy Administration, energy balance 1982-2025 (toe units)","sheet 103, item 35 工業部門, column 天然氣",https://ea01.moeaea.gov.tw/a0303/02/publication/annually/,downloaded,
sector_fuel_industry_gas,Industry: Natural gas,工業部門：天然氣,history,2015,24.336,TWh,Taiwan (national),moeaea_energy_balance,"Energy Administration, energy balance 1982-2025 (toe units)","sheet 104, item 35 工業部門, column 天然氣",https://ea01.moeaea.gov.tw/a0303/02/publication/annually/,downloaded,
sector_fuel_industry_gas,Industry: Natural gas,工業部門：天然氣,history,2016,26.2154,TWh,Taiwan (national),moeaea_energy_balance,"Energy Administration, energy balance 1982-2025 (toe units)","sheet 105, item 35 工業部門, column 天然氣",https://ea01.moeaea.gov.tw/a0303/02/publication/annually/,downloaded,
sector_fuel_industry_gas,Industry: Natural gas,工業部門：天然氣,history,2017,29.0657,TWh,Taiwan (national),moeaea_energy_balance,"Energy Administration, energy balance 1982-2025 (toe units)","sheet 106, item 35 工業部門, column 天然氣",https://ea01.moeaea.gov.tw/a0303/02/publication/annually/,downloaded,
sector_fuel_industry_gas,Industry: Natural gas,工業部門：天然氣,history,2018,32.2276,TWh,Taiwan (national),moeaea_energy_balance,"Energy Administration, energy balance 1982-2025 (toe units)","sheet 107, item 35 工業部門, column 天然氣",https://ea01.moeaea.gov.tw/a0303/02/publication/annually/,downloaded,
sector_fuel_industry_gas,Industry: Natural gas,工業部門：天然氣,history,2019,33.3929,TWh,Taiwan (national),moeaea_energy_balance,"Energy Administration, energy balance 1982-2025 (toe units)","sheet 108, item 35 工業部門, column 天然氣",https://ea01.moeaea.gov.tw/a0303/02/publication/annually/,downloaded,
sector_fuel_industry_gas,Industry: Natural gas,工業部門：天然氣,history,2020,34.8265,TWh,Taiwan (national),moeaea_energy_balance,"Energy Administration, energy balance 1982-2025 (toe units)","sheet 109, item 35 工業部門, column 天然氣",https://ea01.moeaea.gov.tw/a0303/02/publication/annually/,downloaded,
sector_fuel_industry_gas,Industry: Natural gas,工業部門：天然氣,history,2021,39.9751,TWh,Taiwan (national),moeaea_energy_balance,"Energy Administration, energy balance 1982-2025 (toe units)","sheet 110, item 35 工業部門, column 天然氣",https://ea01.moeaea.gov.tw/a0303/02/publication/annually/,downloaded,
sector_fuel_industry_gas,Industry: Natural gas,工業部門：天然氣,history,2022,41.6125,TWh,Taiwan (national),moeaea_energy_balance,"Energy Administration, energy balance 1982-2025 (toe units)","sheet 111, item 35 工業部門, column 天然氣",https://ea01.moeaea.gov.tw/a0303/02/publication/annually/,downloaded,
sector_fuel_industry_gas,Industry: Natural gas,工業部門：天然氣,history,2023,42.083,TWh,Taiwan (national),moeaea_energy_balance,"Energy Administration, energy balance 1982-2025 (toe units)","sheet 112, item 35 工業部門, column 天然氣",https://ea01.moeaea.gov.tw/a0303/02/publication/annually/,downloaded,
sector_fuel_industry_gas,Industry: Natural gas,工業部門：天然氣,history,2024,42.3438,TWh,Taiwan (national),moeaea_energy_balance,"Energy Administration, energy balance 1982-2025 (toe units)","sheet 113, item 35 工業部門, column 天然氣",https://ea01.moeaea.gov.tw/a0303/02/publication/annually/,downloaded,
sector_fuel_industry_gas,Industry: Natural gas,工業部門：天然氣,history,2025,41.6466,TWh,Taiwan (national),moeaea_energy_balance,"Energy Administration, energy balance 1982-2025 (toe units)","sheet 114, item 35 工業部門, column 天然氣",https://ea01.moeaea.gov.tw/a0303/02/publication/annually/,downloaded,
sector_fuel_industry_heat,Industry: Heat (steam),工業部門：熱能,history,2005,9.497,TWh,Taiwan (national),moeaea_energy_balance,"Energy Administration, energy balance 1982-2025 (toe units)","sheet 094, item 35 工業部門, column 熱能",https://ea01.moeaea.gov.tw/a0303/02/publication/annually/,downloaded,
sector_fuel_industry_heat,Industry: Heat (steam),工業部門：熱能,history,2006,11.1994,TWh,Taiwan (national),moeaea_energy_balance,"Energy Administration, energy balance 1982-2025 (toe units)","sheet 095, item 35 工業部門, column 熱能",https://ea01.moeaea.gov.tw/a0303/02/publication/annually/,downloaded,
sector_fuel_industry_heat,Industry: Heat (steam),工業部門：熱能,history,2007,15.2328,TWh,Taiwan (national),moeaea_energy_balance,"Energy Administration, energy balance 1982-2025 (toe units)","sheet 096, item 35 工業部門, column 熱能",https://ea01.moeaea.gov.tw/a0303/02/publication/annually/,downloaded,
sector_fuel_industry_heat,Industry: Heat (steam),工業部門：熱能,history,2008,13.4979,TWh,Taiwan (national),moeaea_energy_balance,"Energy Administration, energy balance 1982-2025 (toe units)","sheet 097, item 35 工業部門, column 熱能",https://ea01.moeaea.gov.tw/a0303/02/publication/annually/,downloaded,
sector_fuel_industry_heat,Industry: Heat (steam),工業部門：熱能,history,2009,14.729,TWh,Taiwan (national),moeaea_energy_balance,"Energy Administration, energy balance 1982-2025 (toe units)","sheet 098, item 35 工業部門, column 熱能",https://ea01.moeaea.gov.tw/a0303/02/publication/annually/,downloaded,
sector_fuel_industry_heat,Industry: Heat (steam),工業部門：熱能,history,2010,16.3403,TWh,Taiwan (national),moeaea_energy_balance,"Energy Administration, energy balance 1982-2025 (toe units)","sheet 099, item 35 工業部門, column 熱能",https://ea01.moeaea.gov.tw/a0303/02/publication/annually/,downloaded,
sector_fuel_industry_heat,Industry: Heat (steam),工業部門：熱能,history,2011,15.2816,TWh,Taiwan (national),moeaea_energy_balance,"Energy Administration, energy balance 1982-2025 (toe units)","sheet 100, item 35 工業部門, column 熱能",https://ea01.moeaea.gov.tw/a0303/02/publication/annually/,downloaded,
sector_fuel_industry_heat,Industry: Heat (steam),工業部門：熱能,history,2012,15.758,TWh,Taiwan (national),moeaea_energy_balance,"Energy Administration, energy balance 1982-2025 (toe units)","sheet 101, item 35 工業部門, column 熱能",https://ea01.moeaea.gov.tw/a0303/02/publication/annually/,downloaded,
sector_fuel_industry_heat,Industry: Heat (steam),工業部門：熱能,history,2013,14.9813,TWh,Taiwan (national),moeaea_energy_balance,"Energy Administration, energy balance 1982-2025 (toe units)","sheet 102, item 35 工業部門, column 熱能",https://ea01.moeaea.gov.tw/a0303/02/publication/annually/,downloaded,
sector_fuel_industry_heat,Industry: Heat (steam),工業部門：熱能,history,2014,14.7943,TWh,Taiwan (national),moeaea_energy_balance,"Energy Administration, energy balance 1982-2025 (toe units)","sheet 103, item 35 工業部門, column 熱能",https://ea01.moeaea.gov.tw/a0303/02/publication/annually/,downloaded,
sector_fuel_industry_heat,Industry: Heat (steam),工業部門：熱能,history,2015,14.2079,TWh,Taiwan (national),moeaea_energy_balance,"Energy Administration, energy balance 1982-2025 (toe units)","sheet 104, item 35 工業部門, column 熱能",https://ea01.moeaea.gov.tw/a0303/02/publication/annually/,downloaded,
sector_fuel_industry_heat,Industry: Heat (steam),工業部門：熱能,history,2016,13.8514,TWh,Taiwan (national),moeaea_energy_balance,"Energy Administration, energy balance 1982-2025 (toe units)","sheet 105, item 35 工業部門, column 熱能",https://ea01.moeaea.gov.tw/a0303/02/publication/annually/,downloaded,
sector_fuel_industry_heat,Industry: Heat (steam),工業部門：熱能,history,2017,13.3493,TWh,Taiwan (national),moeaea_energy_balance,"Energy Administration, energy balance 1982-2025 (toe units)","sheet 106, item 35 工業部門, column 熱能",https://ea01.moeaea.gov.tw/a0303/02/publication/annually/,downloaded,
sector_fuel_industry_heat,Industry: Heat (steam),工業部門：熱能,history,2018,21.7787,TWh,Taiwan (national),moeaea_energy_balance,"Energy Administration, energy balance 1982-2025 (toe units)","sheet 107, item 35 工業部門, column 熱能",https://ea01.moeaea.gov.tw/a0303/02/publication/annually/,downloaded,
sector_fuel_industry_heat,Industry: Heat (steam),工業部門：熱能,history,2019,19.9804,TWh,Taiwan (national),moeaea_energy_balance,"Energy Administration, energy balance 1982-2025 (toe units)","sheet 108, item 35 工業部門, column 熱能",https://ea01.moeaea.gov.tw/a0303/02/publication/annually/,downloaded,
sector_fuel_industry_heat,Industry: Heat (steam),工業部門：熱能,history,2020,20.173,TWh,Taiwan (national),moeaea_energy_balance,"Energy Administration, energy balance 1982-2025 (toe units)","sheet 109, item 35 工業部門, column 熱能",https://ea01.moeaea.gov.tw/a0303/02/publication/annually/,downloaded,
sector_fuel_industry_heat,Industry: Heat (steam),工業部門：熱能,history,2021,21.542,TWh,Taiwan (national),moeaea_energy_balance,"Energy Administration, energy balance 1982-2025 (toe units)","sheet 110, item 35 工業部門, column 熱能",https://ea01.moeaea.gov.tw/a0303/02/publication/annually/,downloaded,
sector_fuel_industry_heat,Industry: Heat (steam),工業部門：熱能,history,2022,19.071,TWh,Taiwan (national),moeaea_energy_balance,"Energy Administration, energy balance 1982-2025 (toe units)","sheet 111, item 35 工業部門, column 熱能",https://ea01.moeaea.gov.tw/a0303/02/publication/annually/,downloaded,
sector_fuel_industry_heat,Industry: Heat (steam),工業部門：熱能,history,2023,17.8278,TWh,Taiwan (national),moeaea_energy_balance,"Energy Administration, energy balance 1982-2025 (toe units)","sheet 112, item 35 工業部門, column 熱能",https://ea01.moeaea.gov.tw/a0303/02/publication/annually/,downloaded,
sector_fuel_industry_heat,Industry: Heat (steam),工業部門：熱能,history,2024,15.9564,TWh,Taiwan (national),moeaea_energy_balance,"Energy Administration, energy balance 1982-2025 (toe units)","sheet 113, item 35 工業部門, column 熱能",https://ea01.moeaea.gov.tw/a0303/02/publication/annually/,downloaded,
sector_fuel_industry_heat,Industry: Heat (steam),工業部門：熱能,history,2025,14.3642,TWh,Taiwan (national),moeaea_energy_balance,"Energy Administration, energy balance 1982-2025 (toe units)","sheet 114, item 35 工業部門, column 熱能",https://ea01.moeaea.gov.tw/a0303/02/publication/annually/,downloaded,
sector_fuel_industry_oil,Industry: Oil products,工業部門：石油產品,history,2005,64.947,TWh,Taiwan (national),moeaea_energy_balance,"Energy Administration, energy balance 1982-2025 (toe units)","sheet 094, item 35 工業部門, column 原油及石油產品",https://ea01.moeaea.gov.tw/a0303/02/publication/annually/,downloaded,
sector_fuel_industry_oil,Industry: Oil products,工業部門：石油產品,history,2006,64.6891,TWh,Taiwan (national),moeaea_energy_balance,"Energy Administration, energy balance 1982-2025 (toe units)","sheet 095, item 35 工業部門, column 原油及石油產品",https://ea01.moeaea.gov.tw/a0303/02/publication/annually/,downloaded,
sector_fuel_industry_oil,Industry: Oil products,工業部門：石油產品,history,2007,62.0814,TWh,Taiwan (national),moeaea_energy_balance,"Energy Administration, energy balance 1982-2025 (toe units)","sheet 096, item 35 工業部門, column 原油及石油產品",https://ea01.moeaea.gov.tw/a0303/02/publication/annually/,downloaded,
sector_fuel_industry_oil,Industry: Oil products,工業部門：石油產品,history,2008,52.2374,TWh,Taiwan (national),moeaea_energy_balance,"Energy Administration, energy balance 1982-2025 (toe units)","sheet 097, item 35 工業部門, column 原油及石油產品",https://ea01.moeaea.gov.tw/a0303/02/publication/annually/,downloaded,
sector_fuel_industry_oil,Industry: Oil products,工業部門：石油產品,history,2009,47.0324,TWh,Taiwan (national),moeaea_energy_balance,"Energy Administration, energy balance 1982-2025 (toe units)","sheet 098, item 35 工業部門, column 原油及石油產品",https://ea01.moeaea.gov.tw/a0303/02/publication/annually/,downloaded,
sector_fuel_industry_oil,Industry: Oil products,工業部門：石油產品,history,2010,49.1057,TWh,Taiwan (national),moeaea_energy_balance,"Energy Administration, energy balance 1982-2025 (toe units)","sheet 099, item 35 工業部門, column 原油及石油產品",https://ea01.moeaea.gov.tw/a0303/02/publication/annually/,downloaded,
sector_fuel_industry_oil,Industry: Oil products,工業部門：石油產品,history,2011,43.1654,TWh,Taiwan (national),moeaea_energy_balance,"Energy Administration, energy balance 1982-2025 (toe units)","sheet 100, item 35 工業部門, column 原油及石油產品",https://ea01.moeaea.gov.tw/a0303/02/publication/annually/,downloaded,
sector_fuel_industry_oil,Industry: Oil products,工業部門：石油產品,history,2012,36.491,TWh,Taiwan (national),moeaea_energy_balance,"Energy Administration, energy balance 1982-2025 (toe units)","sheet 101, item 35 工業部門, column 原油及石油產品",https://ea01.moeaea.gov.tw/a0303/02/publication/annually/,downloaded,
sector_fuel_industry_oil,Industry: Oil products,工業部門：石油產品,history,2013,32.9575,TWh,Taiwan (national),moeaea_energy_balance,"Energy Administration, energy balance 1982-2025 (toe units)","sheet 102, item 35 工業部門, column 原油及石油產品",https://ea01.moeaea.gov.tw/a0303/02/publication/annually/,downloaded,
sector_fuel_industry_oil,Industry: Oil products,工業部門：石油產品,history,2014,29.0599,TWh,Taiwan (national),moeaea_energy_balance,"Energy Administration, energy balance 1982-2025 (toe units)","sheet 103, item 35 工業部門, column 原油及石油產品",https://ea01.moeaea.gov.tw/a0303/02/publication/annually/,downloaded,
sector_fuel_industry_oil,Industry: Oil products,工業部門：石油產品,history,2015,23.8641,TWh,Taiwan (national),moeaea_energy_balance,"Energy Administration, energy balance 1982-2025 (toe units)","sheet 104, item 35 工業部門, column 原油及石油產品",https://ea01.moeaea.gov.tw/a0303/02/publication/annually/,downloaded,
sector_fuel_industry_oil,Industry: Oil products,工業部門：石油產品,history,2016,21.5412,TWh,Taiwan (national),moeaea_energy_balance,"Energy Administration, energy balance 1982-2025 (toe units)","sheet 105, item 35 工業部門, column 原油及石油產品",https://ea01.moeaea.gov.tw/a0303/02/publication/annually/,downloaded,
sector_fuel_industry_oil,Industry: Oil products,工業部門：石油產品,history,2017,20.5626,TWh,Taiwan (national),moeaea_energy_balance,"Energy Administration, energy balance 1982-2025 (toe units)","sheet 106, item 35 工業部門, column 原油及石油產品",https://ea01.moeaea.gov.tw/a0303/02/publication/annually/,downloaded,
sector_fuel_industry_oil,Industry: Oil products,工業部門：石油產品,history,2018,20.292,TWh,Taiwan (national),moeaea_energy_balance,"Energy Administration, energy balance 1982-2025 (toe units)","sheet 107, item 35 工業部門, column 原油及石油產品",https://ea01.moeaea.gov.tw/a0303/02/publication/annually/,downloaded,
sector_fuel_industry_oil,Industry: Oil products,工業部門：石油產品,history,2019,16.2289,TWh,Taiwan (national),moeaea_energy_balance,"Energy Administration, energy balance 1982-2025 (toe units)","sheet 108, item 35 工業部門, column 原油及石油產品",https://ea01.moeaea.gov.tw/a0303/02/publication/annually/,downloaded,
sector_fuel_industry_oil,Industry: Oil products,工業部門：石油產品,history,2020,13.7117,TWh,Taiwan (national),moeaea_energy_balance,"Energy Administration, energy balance 1982-2025 (toe units)","sheet 109, item 35 工業部門, column 原油及石油產品",https://ea01.moeaea.gov.tw/a0303/02/publication/annually/,downloaded,
sector_fuel_industry_oil,Industry: Oil products,工業部門：石油產品,history,2021,13.9746,TWh,Taiwan (national),moeaea_energy_balance,"Energy Administration, energy balance 1982-2025 (toe units)","sheet 110, item 35 工業部門, column 原油及石油產品",https://ea01.moeaea.gov.tw/a0303/02/publication/annually/,downloaded,
sector_fuel_industry_oil,Industry: Oil products,工業部門：石油產品,history,2022,11.2773,TWh,Taiwan (national),moeaea_energy_balance,"Energy Administration, energy balance 1982-2025 (toe units)","sheet 111, item 35 工業部門, column 原油及石油產品",https://ea01.moeaea.gov.tw/a0303/02/publication/annually/,downloaded,
sector_fuel_industry_oil,Industry: Oil products,工業部門：石油產品,history,2023,9.6752,TWh,Taiwan (national),moeaea_energy_balance,"Energy Administration, energy balance 1982-2025 (toe units)","sheet 112, item 35 工業部門, column 原油及石油產品",https://ea01.moeaea.gov.tw/a0303/02/publication/annually/,downloaded,
sector_fuel_industry_oil,Industry: Oil products,工業部門：石油產品,history,2024,8.8856,TWh,Taiwan (national),moeaea_energy_balance,"Energy Administration, energy balance 1982-2025 (toe units)","sheet 113, item 35 工業部門, column 原油及石油產品",https://ea01.moeaea.gov.tw/a0303/02/publication/annually/,downloaded,
sector_fuel_industry_oil,Industry: Oil products,工業部門：石油產品,history,2025,8.1337,TWh,Taiwan (national),moeaea_energy_balance,"Energy Administration, energy balance 1982-2025 (toe units)","sheet 114, item 35 工業部門, column 原油及石油產品",https://ea01.moeaea.gov.tw/a0303/02/publication/annually/,downloaded,
sector_fuel_residential_electricity,Residential: Electricity,住宅部門：電力,history,2005,42.3132,TWh,Taiwan (national),moeaea_energy_balance,"Energy Administration, energy balance 1982-2025 (toe units)","sheet 094, item 94 住宅部門, column 電力",https://ea01.moeaea.gov.tw/a0303/02/publication/annually/,downloaded,
sector_fuel_residential_electricity,Residential: Electricity,住宅部門：電力,history,2006,42.4718,TWh,Taiwan (national),moeaea_energy_balance,"Energy Administration, energy balance 1982-2025 (toe units)","sheet 095, item 94 住宅部門, column 電力",https://ea01.moeaea.gov.tw/a0303/02/publication/annually/,downloaded,
sector_fuel_residential_electricity,Residential: Electricity,住宅部門：電力,history,2007,43.1309,TWh,Taiwan (national),moeaea_energy_balance,"Energy Administration, energy balance 1982-2025 (toe units)","sheet 096, item 94 住宅部門, column 電力",https://ea01.moeaea.gov.tw/a0303/02/publication/annually/,downloaded,
sector_fuel_residential_electricity,Residential: Electricity,住宅部門：電力,history,2008,42.6947,TWh,Taiwan (national),moeaea_energy_balance,"Energy Administration, energy balance 1982-2025 (toe units)","sheet 097, item 94 住宅部門, column 電力",https://ea01.moeaea.gov.tw/a0303/02/publication/annually/,downloaded,
sector_fuel_residential_electricity,Residential: Electricity,住宅部門：電力,history,2009,43.0749,TWh,Taiwan (national),moeaea_energy_balance,"Energy Administration, energy balance 1982-2025 (toe units)","sheet 098, item 94 住宅部門, column 電力",https://ea01.moeaea.gov.tw/a0303/02/publication/annually/,downloaded,
sector_fuel_residential_electricity,Residential: Electricity,住宅部門：電力,history,2010,43.4353,TWh,Taiwan (national),moeaea_energy_balance,"Energy Administration, energy balance 1982-2025 (toe units)","sheet 099, item 94 住宅部門, column 電力",https://ea01.moeaea.gov.tw/a0303/02/publication/annually/,downloaded,
sector_fuel_residential_electricity,Residential: Electricity,住宅部門：電力,history,2011,44.4264,TWh,Taiwan (national),moeaea_energy_balance,"Energy Administration, energy balance 1982-2025 (toe units)","sheet 100, item 94 住宅部門, column 電力",https://ea01.moeaea.gov.tw/a0303/02/publication/annually/,downloaded,
sector_fuel_residential_electricity,Residential: Electricity,住宅部門：電力,history,2012,43.2394,TWh,Taiwan (national),moeaea_energy_balance,"Energy Administration, energy balance 1982-2025 (toe units)","sheet 101, item 94 住宅部門, column 電力",https://ea01.moeaea.gov.tw/a0303/02/publication/annually/,downloaded,
sector_fuel_residential_electricity,Residential: Electricity,住宅部門：電力,history,2013,43.5806,TWh,Taiwan (national),moeaea_energy_balance,"Energy Administration, energy balance 1982-2025 (toe units)","sheet 102, item 94 住宅部門, column 電力",https://ea01.moeaea.gov.tw/a0303/02/publication/annually/,downloaded,
sector_fuel_residential_electricity,Residential: Electricity,住宅部門：電力,history,2014,45.1891,TWh,Taiwan (national),moeaea_energy_balance,"Energy Administration, energy balance 1982-2025 (toe units)","sheet 103, item 94 住宅部門, column 電力",https://ea01.moeaea.gov.tw/a0303/02/publication/annually/,downloaded,
sector_fuel_residential_electricity,Residential: Electricity,住宅部門：電力,history,2015,44.8887,TWh,Taiwan (national),moeaea_energy_balance,"Energy Administration, energy balance 1982-2025 (toe units)","sheet 104, item 94 住宅部門, column 電力",https://ea01.moeaea.gov.tw/a0303/02/publication/annually/,downloaded,
sector_fuel_residential_electricity,Residential: Electricity,住宅部門：電力,history,2016,47.3385,TWh,Taiwan (national),moeaea_energy_balance,"Energy Administration, energy balance 1982-2025 (toe units)","sheet 105, item 94 住宅部門, column 電力",https://ea01.moeaea.gov.tw/a0303/02/publication/annually/,downloaded,
sector_fuel_residential_electricity,Residential: Electricity,住宅部門：電力,history,2017,47.6172,TWh,Taiwan (national),moeaea_energy_balance,"Energy Administration, energy balance 1982-2025 (toe units)","sheet 106, item 94 住宅部門, column 電力",https://ea01.moeaea.gov.tw/a0303/02/publication/annually/,downloaded,
sector_fuel_residential_electricity,Residential: Electricity,住宅部門：電力,history,2018,46.8582,TWh,Taiwan (national),moeaea_energy_balance,"Energy Administration, energy balance 1982-2025 (toe units)","sheet 107, item 101 住宅部門, column 電力",https://ea01.moeaea.gov.tw/a0303/02/publication/annually/,downloaded,
sector_fuel_residential_electricity,Residential: Electricity,住宅部門：電力,history,2019,47.1276,TWh,Taiwan (national),moeaea_energy_balance,"Energy Administration, energy balance 1982-2025 (toe units)","sheet 108, item 101 住宅部門, column 電力",https://ea01.moeaea.gov.tw/a0303/02/publication/annually/,downloaded,
sector_fuel_residential_electricity,Residential: Electricity,住宅部門：電力,history,2020,50.0899,TWh,Taiwan (national),moeaea_energy_balance,"Energy Administration, energy balance 1982-2025 (toe units)","sheet 109, item 101 住宅部門, column 電力",https://ea01.moeaea.gov.tw/a0303/02/publication/annually/,downloaded,
sector_fuel_residential_electricity,Residential: Electricity,住宅部門：電力,history,2021,52.5284,TWh,Taiwan (national),moeaea_energy_balance,"Energy Administration, energy balance 1982-2025 (toe units)","sheet 110, item 101 住宅部門, column 電力",https://ea01.moeaea.gov.tw/a0303/02/publication/annually/,downloaded,
sector_fuel_residential_electricity,Residential: Electricity,住宅部門：電力,history,2022,50.7965,TWh,Taiwan (national),moeaea_energy_balance,"Energy Administration, energy balance 1982-2025 (toe units)","sheet 111, item 101 住宅部門, column 電力",https://ea01.moeaea.gov.tw/a0303/02/publication/annually/,downloaded,
sector_fuel_residential_electricity,Residential: Electricity,住宅部門：電力,history,2023,51.4974,TWh,Taiwan (national),moeaea_energy_balance,"Energy Administration, energy balance 1982-2025 (toe units)","sheet 112, item 101 住宅部門, column 電力",https://ea01.moeaea.gov.tw/a0303/02/publication/annually/,downloaded,
sector_fuel_residential_electricity,Residential: Electricity,住宅部門：電力,history,2024,53.4518,TWh,Taiwan (national),moeaea_energy_balance,"Energy Administration, energy balance 1982-2025 (toe units)","sheet 113, item 101 住宅部門, column 電力",https://ea01.moeaea.gov.tw/a0303/02/publication/annually/,downloaded,
sector_fuel_residential_electricity,Residential: Electricity,住宅部門：電力,history,2025,53.7471,TWh,Taiwan (national),moeaea_energy_balance,"Energy Administration, energy balance 1982-2025 (toe units)","sheet 114, item 101 住宅部門, column 電力",https://ea01.moeaea.gov.tw/a0303/02/publication/annually/,downloaded,
sector_fuel_residential_gas,Residential: Natural gas,住宅部門：天然氣,history,2005,8.8641,TWh,Taiwan (national),moeaea_energy_balance,"Energy Administration, energy balance 1982-2025 (toe units)","sheet 094, item 94 住宅部門, column 天然氣",https://ea01.moeaea.gov.tw/a0303/02/publication/annually/,downloaded,
sector_fuel_residential_gas,Residential: Natural gas,住宅部門：天然氣,history,2006,8.4853,TWh,Taiwan (national),moeaea_energy_balance,"Energy Administration, energy balance 1982-2025 (toe units)","sheet 095, item 94 住宅部門, column 天然氣",https://ea01.moeaea.gov.tw/a0303/02/publication/annually/,downloaded,
sector_fuel_residential_gas,Residential: Natural gas,住宅部門：天然氣,history,2007,8.5662,TWh,Taiwan (national),moeaea_energy_balance,"Energy Administration, energy balance 1982-2025 (toe units)","sheet 096, item 94 住宅部門, column 天然氣",https://ea01.moeaea.gov.tw/a0303/02/publication/annually/,downloaded,
sector_fuel_residential_gas,Residential: Natural gas,住宅部門：天然氣,history,2008,8.675,TWh,Taiwan (national),moeaea_energy_balance,"Energy Administration, energy balance 1982-2025 (toe units)","sheet 097, item 94 住宅部門, column 天然氣",https://ea01.moeaea.gov.tw/a0303/02/publication/annually/,downloaded,
sector_fuel_residential_gas,Residential: Natural gas,住宅部門：天然氣,history,2009,8.8752,TWh,Taiwan (national),moeaea_energy_balance,"Energy Administration, energy balance 1982-2025 (toe units)","sheet 098, item 94 住宅部門, column 天然氣",https://ea01.moeaea.gov.tw/a0303/02/publication/annually/,downloaded,
sector_fuel_residential_gas,Residential: Natural gas,住宅部門：天然氣,history,2010,8.5368,TWh,Taiwan (national),moeaea_energy_balance,"Energy Administration, energy balance 1982-2025 (toe units)","sheet 099, item 94 住宅部門, column 天然氣",https://ea01.moeaea.gov.tw/a0303/02/publication/annually/,downloaded,
sector_fuel_residential_gas,Residential: Natural gas,住宅部門：天然氣,history,2011,8.4124,TWh,Taiwan (national),moeaea_energy_balance,"Energy Administration, energy balance 1982-2025 (toe units)","sheet 100, item 94 住宅部門, column 天然氣",https://ea01.moeaea.gov.tw/a0303/02/publication/annually/,downloaded,
sector_fuel_residential_gas,Residential: Natural gas,住宅部門：天然氣,history,2012,8.249,TWh,Taiwan (national),moeaea_energy_balance,"Energy Administration, energy balance 1982-2025 (toe units)","sheet 101, item 94 住宅部門, column 天然氣",https://ea01.moeaea.gov.tw/a0303/02/publication/annually/,downloaded,
sector_fuel_residential_gas,Residential: Natural gas,住宅部門：天然氣,history,2013,7.6265,TWh,Taiwan (national),moeaea_energy_balance,"Energy Administration, energy balance 1982-2025 (toe units)","sheet 102, item 94 住宅部門, column 天然氣",https://ea01.moeaea.gov.tw/a0303/02/publication/annually/,downloaded,
sector_fuel_residential_gas,Residential: Natural gas,住宅部門：天然氣,history,2014,7.566,TWh,Taiwan (national),moeaea_energy_balance,"Energy Administration, energy balance 1982-2025 (toe units)","sheet 103, item 94 住宅部門, column 天然氣",https://ea01.moeaea.gov.tw/a0303/02/publication/annually/,downloaded,
sector_fuel_residential_gas,Residential: Natural gas,住宅部門：天然氣,history,2015,7.4065,TWh,Taiwan (national),moeaea_energy_balance,"Energy Administration, energy balance 1982-2025 (toe units)","sheet 104, item 94 住宅部門, column 天然氣",https://ea01.moeaea.gov.tw/a0303/02/publication/annually/,downloaded,
sector_fuel_residential_gas,Residential: Natural gas,住宅部門：天然氣,history,2016,7.5988,TWh,Taiwan (national),moeaea_energy_balance,"Energy Administration, energy balance 1982-2025 (toe units)","sheet 105, item 94 住宅部門, column 天然氣",https://ea01.moeaea.gov.tw/a0303/02/publication/annually/,downloaded,
sector_fuel_residential_gas,Residential: Natural gas,住宅部門：天然氣,history,2017,7.5307,TWh,Taiwan (national),moeaea_energy_balance,"Energy Administration, energy balance 1982-2025 (toe units)","sheet 106, item 94 住宅部門, column 天然氣",https://ea01.moeaea.gov.tw/a0303/02/publication/annually/,downloaded,
sector_fuel_residential_gas,Residential: Natural gas,住宅部門：天然氣,history,2018,8.1845,TWh,Taiwan (national),moeaea_energy_balance,"Energy Administration, energy balance 1982-2025 (toe units)","sheet 107, item 101 住宅部門, column 天然氣",https://ea01.moeaea.gov.tw/a0303/02/publication/annually/,downloaded,
sector_fuel_residential_gas,Residential: Natural gas,住宅部門：天然氣,history,2019,8.1036,TWh,Taiwan (national),moeaea_energy_balance,"Energy Administration, energy balance 1982-2025 (toe units)","sheet 108, item 101 住宅部門, column 天然氣",https://ea01.moeaea.gov.tw/a0303/02/publication/annually/,downloaded,
sector_fuel_residential_gas,Residential: Natural gas,住宅部門：天然氣,history,2020,8.5762,TWh,Taiwan (national),moeaea_energy_balance,"Energy Administration, energy balance 1982-2025 (toe units)","sheet 109, item 101 住宅部門, column 天然氣",https://ea01.moeaea.gov.tw/a0303/02/publication/annually/,downloaded,
sector_fuel_residential_gas,Residential: Natural gas,住宅部門：天然氣,history,2021,8.6394,TWh,Taiwan (national),moeaea_energy_balance,"Energy Administration, energy balance 1982-2025 (toe units)","sheet 110, item 101 住宅部門, column 天然氣",https://ea01.moeaea.gov.tw/a0303/02/publication/annually/,downloaded,
sector_fuel_residential_gas,Residential: Natural gas,住宅部門：天然氣,history,2022,8.3122,TWh,Taiwan (national),moeaea_energy_balance,"Energy Administration, energy balance 1982-2025 (toe units)","sheet 111, item 101 住宅部門, column 天然氣",https://ea01.moeaea.gov.tw/a0303/02/publication/annually/,downloaded,
sector_fuel_residential_gas,Residential: Natural gas,住宅部門：天然氣,history,2023,8.0595,TWh,Taiwan (national),moeaea_energy_balance,"Energy Administration, energy balance 1982-2025 (toe units)","sheet 112, item 101 住宅部門, column 天然氣",https://ea01.moeaea.gov.tw/a0303/02/publication/annually/,downloaded,
sector_fuel_residential_gas,Residential: Natural gas,住宅部門：天然氣,history,2024,7.9585,TWh,Taiwan (national),moeaea_energy_balance,"Energy Administration, energy balance 1982-2025 (toe units)","sheet 113, item 101 住宅部門, column 天然氣",https://ea01.moeaea.gov.tw/a0303/02/publication/annually/,downloaded,
sector_fuel_residential_gas,Residential: Natural gas,住宅部門：天然氣,history,2025,8.2405,TWh,Taiwan (national),moeaea_energy_balance,"Energy Administration, energy balance 1982-2025 (toe units)","sheet 114, item 101 住宅部門, column 天然氣",https://ea01.moeaea.gov.tw/a0303/02/publication/annually/,downloaded,
sector_fuel_residential_oil,Residential: Oil products,住宅部門：石油產品,history,2005,15.1651,TWh,Taiwan (national),moeaea_energy_balance,"Energy Administration, energy balance 1982-2025 (toe units)","sheet 094, item 94 住宅部門, column 原油及石油產品",https://ea01.moeaea.gov.tw/a0303/02/publication/annually/,downloaded,
sector_fuel_residential_oil,Residential: Oil products,住宅部門：石油產品,history,2006,14.612,TWh,Taiwan (national),moeaea_energy_balance,"Energy Administration, energy balance 1982-2025 (toe units)","sheet 095, item 94 住宅部門, column 原油及石油產品",https://ea01.moeaea.gov.tw/a0303/02/publication/annually/,downloaded,
sector_fuel_residential_oil,Residential: Oil products,住宅部門：石油產品,history,2007,14.6032,TWh,Taiwan (national),moeaea_energy_balance,"Energy Administration, energy balance 1982-2025 (toe units)","sheet 096, item 94 住宅部門, column 原油及石油產品",https://ea01.moeaea.gov.tw/a0303/02/publication/annually/,downloaded,
sector_fuel_residential_oil,Residential: Oil products,住宅部門：石油產品,history,2008,14.3713,TWh,Taiwan (national),moeaea_energy_balance,"Energy Administration, energy balance 1982-2025 (toe units)","sheet 097, item 94 住宅部門, column 原油及石油產品",https://ea01.moeaea.gov.tw/a0303/02/publication/annually/,downloaded,
sector_fuel_residential_oil,Residential: Oil products,住宅部門：石油產品,history,2009,14.2521,TWh,Taiwan (national),moeaea_energy_balance,"Energy Administration, energy balance 1982-2025 (toe units)","sheet 098, item 94 住宅部門, column 原油及石油產品",https://ea01.moeaea.gov.tw/a0303/02/publication/annually/,downloaded,
sector_fuel_residential_oil,Residential: Oil products,住宅部門：石油產品,history,2010,13.7935,TWh,Taiwan (national),moeaea_energy_balance,"Energy Administration, energy balance 1982-2025 (toe units)","sheet 099, item 94 住宅部門, column 原油及石油產品",https://ea01.moeaea.gov.tw/a0303/02/publication/annually/,downloaded,
sector_fuel_residential_oil,Residential: Oil products,住宅部門：石油產品,history,2011,13.5916,TWh,Taiwan (national),moeaea_energy_balance,"Energy Administration, energy balance 1982-2025 (toe units)","sheet 100, item 94 住宅部門, column 原油及石油產品",https://ea01.moeaea.gov.tw/a0303/02/publication/annually/,downloaded,
sector_fuel_residential_oil,Residential: Oil products,住宅部門：石油產品,history,2012,13.2315,TWh,Taiwan (national),moeaea_energy_balance,"Energy Administration, energy balance 1982-2025 (toe units)","sheet 101, item 94 住宅部門, column 原油及石油產品",https://ea01.moeaea.gov.tw/a0303/02/publication/annually/,downloaded,
sector_fuel_residential_oil,Residential: Oil products,住宅部門：石油產品,history,2013,12.9608,TWh,Taiwan (national),moeaea_energy_balance,"Energy Administration, energy balance 1982-2025 (toe units)","sheet 102, item 94 住宅部門, column 原油及石油產品",https://ea01.moeaea.gov.tw/a0303/02/publication/annually/,downloaded,
sector_fuel_residential_oil,Residential: Oil products,住宅部門：石油產品,history,2014,12.6905,TWh,Taiwan (national),moeaea_energy_balance,"Energy Administration, energy balance 1982-2025 (toe units)","sheet 103, item 94 住宅部門, column 原油及石油產品",https://ea01.moeaea.gov.tw/a0303/02/publication/annually/,downloaded,
sector_fuel_residential_oil,Residential: Oil products,住宅部門：石油產品,history,2015,13.0876,TWh,Taiwan (national),moeaea_energy_balance,"Energy Administration, energy balance 1982-2025 (toe units)","sheet 104, item 94 住宅部門, column 原油及石油產品",https://ea01.moeaea.gov.tw/a0303/02/publication/annually/,downloaded,
sector_fuel_residential_oil,Residential: Oil products,住宅部門：石油產品,history,2016,13.2165,TWh,Taiwan (national),moeaea_energy_balance,"Energy Administration, energy balance 1982-2025 (toe units)","sheet 105, item 94 住宅部門, column 原油及石油產品",https://ea01.moeaea.gov.tw/a0303/02/publication/annually/,downloaded,
sector_fuel_residential_oil,Residential: Oil products,住宅部門：石油產品,history,2017,12.684,TWh,Taiwan (national),moeaea_energy_balance,"Energy Administration, energy balance 1982-2025 (toe units)","sheet 106, item 94 住宅部門, column 原油及石油產品",https://ea01.moeaea.gov.tw/a0303/02/publication/annually/,downloaded,
sector_fuel_residential_oil,Residential: Oil products,住宅部門：石油產品,history,2018,10.9727,TWh,Taiwan (national),moeaea_energy_balance,"Energy Administration, energy balance 1982-2025 (toe units)","sheet 107, item 101 住宅部門, column 原油及石油產品",https://ea01.moeaea.gov.tw/a0303/02/publication/annually/,downloaded,
sector_fuel_residential_oil,Residential: Oil products,住宅部門：石油產品,history,2019,11.0063,TWh,Taiwan (national),moeaea_energy_balance,"Energy Administration, energy balance 1982-2025 (toe units)","sheet 108, item 101 住宅部門, column 原油及石油產品",https://ea01.moeaea.gov.tw/a0303/02/publication/annually/,downloaded,
sector_fuel_residential_oil,Residential: Oil products,住宅部門：石油產品,history,2020,11.1667,TWh,Taiwan (national),moeaea_energy_balance,"Energy Administration, energy balance 1982-2025 (toe units)","sheet 109, item 101 住宅部門, column 原油及石油產品",https://ea01.moeaea.gov.tw/a0303/02/publication/annually/,downloaded,
sector_fuel_residential_oil,Residential: Oil products,住宅部門：石油產品,history,2021,10.677,TWh,Taiwan (national),moeaea_energy_balance,"Energy Administration, energy balance 1982-2025 (toe units)","sheet 110, item 101 住宅部門, column 原油及石油產品",https://ea01.moeaea.gov.tw/a0303/02/publication/annually/,downloaded,
sector_fuel_residential_oil,Residential: Oil products,住宅部門：石油產品,history,2022,10.8115,TWh,Taiwan (national),moeaea_energy_balance,"Energy Administration, energy balance 1982-2025 (toe units)","sheet 111, item 101 住宅部門, column 原油及石油產品",https://ea01.moeaea.gov.tw/a0303/02/publication/annually/,downloaded,
sector_fuel_residential_oil,Residential: Oil products,住宅部門：石油產品,history,2023,10.3542,TWh,Taiwan (national),moeaea_energy_balance,"Energy Administration, energy balance 1982-2025 (toe units)","sheet 112, item 101 住宅部門, column 原油及石油產品",https://ea01.moeaea.gov.tw/a0303/02/publication/annually/,downloaded,
sector_fuel_residential_oil,Residential: Oil products,住宅部門：石油產品,history,2024,9.1536,TWh,Taiwan (national),moeaea_energy_balance,"Energy Administration, energy balance 1982-2025 (toe units)","sheet 113, item 101 住宅部門, column 原油及石油產品",https://ea01.moeaea.gov.tw/a0303/02/publication/annually/,downloaded,
sector_fuel_residential_oil,Residential: Oil products,住宅部門：石油產品,history,2025,8.2751,TWh,Taiwan (national),moeaea_energy_balance,"Energy Administration, energy balance 1982-2025 (toe units)","sheet 114, item 101 住宅部門, column 原油及石油產品",https://ea01.moeaea.gov.tw/a0303/02/publication/annually/,downloaded,
sector_fuel_residential_solar_thermal,Residential: Solar thermal,住宅部門：太陽熱能,history,2005,0.99,TWh,Taiwan (national),moeaea_energy_balance,"Energy Administration, energy balance 1982-2025 (toe units)","sheet 094, item 94 住宅部門, column 太陽熱能",https://ea01.moeaea.gov.tw/a0303/02/publication/annually/,downloaded,
sector_fuel_residential_solar_thermal,Residential: Solar thermal,住宅部門：太陽熱能,history,2006,1.0397,TWh,Taiwan (national),moeaea_energy_balance,"Energy Administration, energy balance 1982-2025 (toe units)","sheet 095, item 94 住宅部門, column 太陽熱能",https://ea01.moeaea.gov.tw/a0303/02/publication/annually/,downloaded,
sector_fuel_residential_solar_thermal,Residential: Solar thermal,住宅部門：太陽熱能,history,2007,1.0709,TWh,Taiwan (national),moeaea_energy_balance,"Energy Administration, energy balance 1982-2025 (toe units)","sheet 096, item 94 住宅部門, column 太陽熱能",https://ea01.moeaea.gov.tw/a0303/02/publication/annually/,downloaded,
sector_fuel_residential_solar_thermal,Residential: Solar thermal,住宅部門：太陽熱能,history,2008,1.112,TWh,Taiwan (national),moeaea_energy_balance,"Energy Administration, energy balance 1982-2025 (toe units)","sheet 097, item 94 住宅部門, column 太陽熱能",https://ea01.moeaea.gov.tw/a0303/02/publication/annually/,downloaded,
sector_fuel_residential_solar_thermal,Residential: Solar thermal,住宅部門：太陽熱能,history,2009,1.1491,TWh,Taiwan (national),moeaea_energy_balance,"Energy Administration, energy balance 1982-2025 (toe units)","sheet 098, item 94 住宅部門, column 太陽熱能",https://ea01.moeaea.gov.tw/a0303/02/publication/annually/,downloaded,
sector_fuel_residential_solar_thermal,Residential: Solar thermal,住宅部門：太陽熱能,history,2010,1.1606,TWh,Taiwan (national),moeaea_energy_balance,"Energy Administration, energy balance 1982-2025 (toe units)","sheet 099, item 94 住宅部門, column 太陽熱能",https://ea01.moeaea.gov.tw/a0303/02/publication/annually/,downloaded,
sector_fuel_residential_solar_thermal,Residential: Solar thermal,住宅部門：太陽熱能,history,2011,1.1494,TWh,Taiwan (national),moeaea_energy_balance,"Energy Administration, energy balance 1982-2025 (toe units)","sheet 100, item 94 住宅部門, column 太陽熱能",https://ea01.moeaea.gov.tw/a0303/02/publication/annually/,downloaded,
sector_fuel_residential_solar_thermal,Residential: Solar thermal,住宅部門：太陽熱能,history,2012,1.1579,TWh,Taiwan (national),moeaea_energy_balance,"Energy Administration, energy balance 1982-2025 (toe units)","sheet 101, item 94 住宅部門, column 太陽熱能",https://ea01.moeaea.gov.tw/a0303/02/publication/annually/,downloaded,
sector_fuel_residential_solar_thermal,Residential: Solar thermal,住宅部門：太陽熱能,history,2013,1.1454,TWh,Taiwan (national),moeaea_energy_balance,"Energy Administration, energy balance 1982-2025 (toe units)","sheet 102, item 94 住宅部門, column 太陽熱能",https://ea01.moeaea.gov.tw/a0303/02/publication/annually/,downloaded,
sector_fuel_residential_solar_thermal,Residential: Solar thermal,住宅部門：太陽熱能,history,2014,1.1387,TWh,Taiwan (national),moeaea_energy_balance,"Energy Administration, energy balance 1982-2025 (toe units)","sheet 103, item 94 住宅部門, column 太陽熱能",https://ea01.moeaea.gov.tw/a0303/02/publication/annually/,downloaded,
sector_fuel_residential_solar_thermal,Residential: Solar thermal,住宅部門：太陽熱能,history,2015,1.1525,TWh,Taiwan (national),moeaea_energy_balance,"Energy Administration, energy balance 1982-2025 (toe units)","sheet 104, item 94 住宅部門, column 太陽熱能",https://ea01.moeaea.gov.tw/a0303/02/publication/annually/,downloaded,
sector_fuel_residential_solar_thermal,Residential: Solar thermal,住宅部門：太陽熱能,history,2016,1.1383,TWh,Taiwan (national),moeaea_energy_balance,"Energy Administration, energy balance 1982-2025 (toe units)","sheet 105, item 94 住宅部門, column 太陽熱能",https://ea01.moeaea.gov.tw/a0303/02/publication/annually/,downloaded,
sector_fuel_residential_solar_thermal,Residential: Solar thermal,住宅部門：太陽熱能,history,2017,1.1485,TWh,Taiwan (national),moeaea_energy_balance,"Energy Administration, energy balance 1982-2025 (toe units)","sheet 106, item 94 住宅部門, column 太陽熱能",https://ea01.moeaea.gov.tw/a0303/02/publication/annually/,downloaded,
sector_fuel_residential_solar_thermal,Residential: Solar thermal,住宅部門：太陽熱能,history,2018,1.063,TWh,Taiwan (national),moeaea_energy_balance,"Energy Administration, energy balance 1982-2025 (toe units)","sheet 107, item 101 住宅部門, column 太陽熱能",https://ea01.moeaea.gov.tw/a0303/02/publication/annually/,downloaded,
sector_fuel_residential_solar_thermal,Residential: Solar thermal,住宅部門：太陽熱能,history,2019,1.026,TWh,Taiwan (national),moeaea_energy_balance,"Energy Administration, energy balance 1982-2025 (toe units)","sheet 108, item 101 住宅部門, column 太陽熱能",https://ea01.moeaea.gov.tw/a0303/02/publication/annually/,downloaded,
sector_fuel_residential_solar_thermal,Residential: Solar thermal,住宅部門：太陽熱能,history,2020,1.0603,TWh,Taiwan (national),moeaea_energy_balance,"Energy Administration, energy balance 1982-2025 (toe units)","sheet 109, item 101 住宅部門, column 太陽熱能",https://ea01.moeaea.gov.tw/a0303/02/publication/annually/,downloaded,
sector_fuel_residential_solar_thermal,Residential: Solar thermal,住宅部門：太陽熱能,history,2021,0.813,TWh,Taiwan (national),moeaea_energy_balance,"Energy Administration, energy balance 1982-2025 (toe units)","sheet 110, item 101 住宅部門, column 太陽熱能",https://ea01.moeaea.gov.tw/a0303/02/publication/annually/,downloaded,
sector_fuel_residential_solar_thermal,Residential: Solar thermal,住宅部門：太陽熱能,history,2022,0.0,TWh,Taiwan (national),moeaea_energy_balance,"Energy Administration, energy balance 1982-2025 (toe units)","sheet 111, item 101 住宅部門, column 太陽熱能",https://ea01.moeaea.gov.tw/a0303/02/publication/annually/,downloaded,
sector_fuel_residential_solar_thermal,Residential: Solar thermal,住宅部門：太陽熱能,history,2023,0.0,TWh,Taiwan (national),moeaea_energy_balance,"Energy Administration, energy balance 1982-2025 (toe units)","sheet 112, item 101 住宅部門, column 太陽熱能",https://ea01.moeaea.gov.tw/a0303/02/publication/annually/,downloaded,
sector_fuel_residential_solar_thermal,Residential: Solar thermal,住宅部門：太陽熱能,history,2024,0.0,TWh,Taiwan (national),moeaea_energy_balance,"Energy Administration, energy balance 1982-2025 (toe units)","sheet 113, item 101 住宅部門, column 太陽熱能",https://ea01.moeaea.gov.tw/a0303/02/publication/annually/,downloaded,
sector_fuel_residential_solar_thermal,Residential: Solar thermal,住宅部門：太陽熱能,history,2025,0.0,TWh,Taiwan (national),moeaea_energy_balance,"Energy Administration, energy balance 1982-2025 (toe units)","sheet 114, item 101 住宅部門, column 太陽熱能",https://ea01.moeaea.gov.tw/a0303/02/publication/annually/,downloaded,
sector_fuel_services_electricity,Services: Electricity,服務業部門：電力,history,2005,44.0628,TWh,Taiwan (national),moeaea_energy_balance,"Energy Administration, energy balance 1982-2025 (toe units)","sheet 094, item 83 服務業部門, column 電力",https://ea01.moeaea.gov.tw/a0303/02/publication/annually/,downloaded,
sector_fuel_services_electricity,Services: Electricity,服務業部門：電力,history,2006,45.5635,TWh,Taiwan (national),moeaea_energy_balance,"Energy Administration, energy balance 1982-2025 (toe units)","sheet 095, item 83 服務業部門, column 電力",https://ea01.moeaea.gov.tw/a0303/02/publication/annually/,downloaded,
sector_fuel_services_electricity,Services: Electricity,服務業部門：電力,history,2007,45.689,TWh,Taiwan (national),moeaea_energy_balance,"Energy Administration, energy balance 1982-2025 (toe units)","sheet 096, item 83 服務業部門, column 電力",https://ea01.moeaea.gov.tw/a0303/02/publication/annually/,downloaded,
sector_fuel_services_electricity,Services: Electricity,服務業部門：電力,history,2008,45.5892,TWh,Taiwan (national),moeaea_energy_balance,"Energy Administration, energy balance 1982-2025 (toe units)","sheet 097, item 83 服務業部門, column 電力",https://ea01.moeaea.gov.tw/a0303/02/publication/annually/,downloaded,
sector_fuel_services_electricity,Services: Electricity,服務業部門：電力,history,2009,44.1595,TWh,Taiwan (national),moeaea_energy_balance,"Energy Administration, energy balance 1982-2025 (toe units)","sheet 098, item 83 服務業部門, column 電力",https://ea01.moeaea.gov.tw/a0303/02/publication/annually/,downloaded,
sector_fuel_services_electricity,Services: Electricity,服務業部門：電力,history,2010,45.9051,TWh,Taiwan (national),moeaea_energy_balance,"Energy Administration, energy balance 1982-2025 (toe units)","sheet 099, item 83 服務業部門, column 電力",https://ea01.moeaea.gov.tw/a0303/02/publication/annually/,downloaded,
sector_fuel_services_electricity,Services: Electricity,服務業部門：電力,history,2011,45.7779,TWh,Taiwan (national),moeaea_energy_balance,"Energy Administration, energy balance 1982-2025 (toe units)","sheet 100, item 83 服務業部門, column 電力",https://ea01.moeaea.gov.tw/a0303/02/publication/annually/,downloaded,
sector_fuel_services_electricity,Services: Electricity,服務業部門：電力,history,2012,45.7428,TWh,Taiwan (national),moeaea_energy_balance,"Energy Administration, energy balance 1982-2025 (toe units)","sheet 101, item 83 服務業部門, column 電力",https://ea01.moeaea.gov.tw/a0303/02/publication/annually/,downloaded,
sector_fuel_services_electricity,Services: Electricity,服務業部門：電力,history,2013,45.864,TWh,Taiwan (national),moeaea_energy_balance,"Energy Administration, energy balance 1982-2025 (toe units)","sheet 102, item 83 服務業部門, column 電力",https://ea01.moeaea.gov.tw/a0303/02/publication/annually/,downloaded,
sector_fuel_services_electricity,Services: Electricity,服務業部門：電力,history,2014,46.4662,TWh,Taiwan (national),moeaea_energy_balance,"Energy Administration, energy balance 1982-2025 (toe units)","sheet 103, item 83 服務業部門, column 電力",https://ea01.moeaea.gov.tw/a0303/02/publication/annually/,downloaded,
sector_fuel_services_electricity,Services: Electricity,服務業部門：電力,history,2015,47.133,TWh,Taiwan (national),moeaea_energy_balance,"Energy Administration, energy balance 1982-2025 (toe units)","sheet 104, item 83 服務業部門, column 電力",https://ea01.moeaea.gov.tw/a0303/02/publication/annually/,downloaded,
sector_fuel_services_electricity,Services: Electricity,服務業部門：電力,history,2016,47.9471,TWh,Taiwan (national),moeaea_energy_balance,"Energy Administration, energy balance 1982-2025 (toe units)","sheet 105, item 83 服務業部門, column 電力",https://ea01.moeaea.gov.tw/a0303/02/publication/annually/,downloaded,
sector_fuel_services_electricity,Services: Electricity,服務業部門：電力,history,2017,48.299,TWh,Taiwan (national),moeaea_energy_balance,"Energy Administration, energy balance 1982-2025 (toe units)","sheet 106, item 83 服務業部門, column 電力",https://ea01.moeaea.gov.tw/a0303/02/publication/annually/,downloaded,
sector_fuel_services_electricity,Services: Electricity,服務業部門：電力,history,2018,47.1001,TWh,Taiwan (national),moeaea_energy_balance,"Energy Administration, energy balance 1982-2025 (toe units)","sheet 107, item 83 服務業部門, column 電力",https://ea01.moeaea.gov.tw/a0303/02/publication/annually/,downloaded,
sector_fuel_services_electricity,Services: Electricity,服務業部門：電力,history,2019,46.6902,TWh,Taiwan (national),moeaea_energy_balance,"Energy Administration, energy balance 1982-2025 (toe units)","sheet 108, item 83 服務業部門, column 電力",https://ea01.moeaea.gov.tw/a0303/02/publication/annually/,downloaded,
sector_fuel_services_electricity,Services: Electricity,服務業部門：電力,history,2020,46.1263,TWh,Taiwan (national),moeaea_energy_balance,"Energy Administration, energy balance 1982-2025 (toe units)","sheet 109, item 83 服務業部門, column 電力",https://ea01.moeaea.gov.tw/a0303/02/publication/annually/,downloaded,
sector_fuel_services_electricity,Services: Electricity,服務業部門：電力,history,2021,45.4042,TWh,Taiwan (national),moeaea_energy_balance,"Energy Administration, energy balance 1982-2025 (toe units)","sheet 110, item 83 服務業部門, column 電力",https://ea01.moeaea.gov.tw/a0303/02/publication/annually/,downloaded,
sector_fuel_services_electricity,Services: Electricity,服務業部門：電力,history,2022,47.4211,TWh,Taiwan (national),moeaea_energy_balance,"Energy Administration, energy balance 1982-2025 (toe units)","sheet 111, item 83 服務業部門, column 電力",https://ea01.moeaea.gov.tw/a0303/02/publication/annually/,downloaded,
sector_fuel_services_electricity,Services: Electricity,服務業部門：電力,history,2023,48.3086,TWh,Taiwan (national),moeaea_energy_balance,"Energy Administration, energy balance 1982-2025 (toe units)","sheet 112, item 83 服務業部門, column 電力",https://ea01.moeaea.gov.tw/a0303/02/publication/annually/,downloaded,
sector_fuel_services_electricity,Services: Electricity,服務業部門：電力,history,2024,50.0365,TWh,Taiwan (national),moeaea_energy_balance,"Energy Administration, energy balance 1982-2025 (toe units)","sheet 113, item 83 服務業部門, column 電力",https://ea01.moeaea.gov.tw/a0303/02/publication/annually/,downloaded,
sector_fuel_services_electricity,Services: Electricity,服務業部門：電力,history,2025,49.9176,TWh,Taiwan (national),moeaea_energy_balance,"Energy Administration, energy balance 1982-2025 (toe units)","sheet 114, item 83 服務業部門, column 電力",https://ea01.moeaea.gov.tw/a0303/02/publication/annually/,downloaded,
sector_fuel_services_gas,Services: Natural gas,服務業部門：天然氣,history,2005,3.5121,TWh,Taiwan (national),moeaea_energy_balance,"Energy Administration, energy balance 1982-2025 (toe units)","sheet 094, item 83 服務業部門, column 天然氣",https://ea01.moeaea.gov.tw/a0303/02/publication/annually/,downloaded,
sector_fuel_services_gas,Services: Natural gas,服務業部門：天然氣,history,2006,3.6375,TWh,Taiwan (national),moeaea_energy_balance,"Energy Administration, energy balance 1982-2025 (toe units)","sheet 095, item 83 服務業部門, column 天然氣",https://ea01.moeaea.gov.tw/a0303/02/publication/annually/,downloaded,
sector_fuel_services_gas,Services: Natural gas,服務業部門：天然氣,history,2007,3.7028,TWh,Taiwan (national),moeaea_energy_balance,"Energy Administration, energy balance 1982-2025 (toe units)","sheet 096, item 83 服務業部門, column 天然氣",https://ea01.moeaea.gov.tw/a0303/02/publication/annually/,downloaded,
sector_fuel_services_gas,Services: Natural gas,服務業部門：天然氣,history,2008,4.0981,TWh,Taiwan (national),moeaea_energy_balance,"Energy Administration, energy balance 1982-2025 (toe units)","sheet 097, item 83 服務業部門, column 天然氣",https://ea01.moeaea.gov.tw/a0303/02/publication/annually/,downloaded,
sector_fuel_services_gas,Services: Natural gas,服務業部門：天然氣,history,2009,4.2523,TWh,Taiwan (national),moeaea_energy_balance,"Energy Administration, energy balance 1982-2025 (toe units)","sheet 098, item 83 服務業部門, column 天然氣",https://ea01.moeaea.gov.tw/a0303/02/publication/annually/,downloaded,
sector_fuel_services_gas,Services: Natural gas,服務業部門：天然氣,history,2010,4.9808,TWh,Taiwan (national),moeaea_energy_balance,"Energy Administration, energy balance 1982-2025 (toe units)","sheet 099, item 83 服務業部門, column 天然氣",https://ea01.moeaea.gov.tw/a0303/02/publication/annually/,downloaded,
sector_fuel_services_gas,Services: Natural gas,服務業部門：天然氣,history,2011,4.3868,TWh,Taiwan (national),moeaea_energy_balance,"Energy Administration, energy balance 1982-2025 (toe units)","sheet 100, item 83 服務業部門, column 天然氣",https://ea01.moeaea.gov.tw/a0303/02/publication/annually/,downloaded,
sector_fuel_services_gas,Services: Natural gas,服務業部門：天然氣,history,2012,3.8675,TWh,Taiwan (national),moeaea_energy_balance,"Energy Administration, energy balance 1982-2025 (toe units)","sheet 101, item 83 服務業部門, column 天然氣",https://ea01.moeaea.gov.tw/a0303/02/publication/annually/,downloaded,
sector_fuel_services_gas,Services: Natural gas,服務業部門：天然氣,history,2013,4.3377,TWh,Taiwan (national),moeaea_energy_balance,"Energy Administration, energy balance 1982-2025 (toe units)","sheet 102, item 83 服務業部門, column 天然氣",https://ea01.moeaea.gov.tw/a0303/02/publication/annually/,downloaded,
sector_fuel_services_gas,Services: Natural gas,服務業部門：天然氣,history,2014,4.7351,TWh,Taiwan (national),moeaea_energy_balance,"Energy Administration, energy balance 1982-2025 (toe units)","sheet 103, item 83 服務業部門, column 天然氣",https://ea01.moeaea.gov.tw/a0303/02/publication/annually/,downloaded,
sector_fuel_services_gas,Services: Natural gas,服務業部門：天然氣,history,2015,4.816,TWh,Taiwan (national),moeaea_energy_balance,"Energy Administration, energy balance 1982-2025 (toe units)","sheet 104, item 83 服務業部門, column 天然氣",https://ea01.moeaea.gov.tw/a0303/02/publication/annually/,downloaded,
sector_fuel_services_gas,Services: Natural gas,服務業部門：天然氣,history,2016,4.9686,TWh,Taiwan (national),moeaea_energy_balance,"Energy Administration, energy balance 1982-2025 (toe units)","sheet 105, item 83 服務業部門, column 天然氣",https://ea01.moeaea.gov.tw/a0303/02/publication/annually/,downloaded,
sector_fuel_services_gas,Services: Natural gas,服務業部門：天然氣,history,2017,5.0743,TWh,Taiwan (national),moeaea_energy_balance,"Energy Administration, energy balance 1982-2025 (toe units)","sheet 106, item 83 服務業部門, column 天然氣",https://ea01.moeaea.gov.tw/a0303/02/publication/annually/,downloaded,
sector_fuel_services_gas,Services: Natural gas,服務業部門：天然氣,history,2018,4.8123,TWh,Taiwan (national),moeaea_energy_balance,"Energy Administration, energy balance 1982-2025 (toe units)","sheet 107, item 83 服務業部門, column 天然氣",https://ea01.moeaea.gov.tw/a0303/02/publication/annually/,downloaded,
sector_fuel_services_gas,Services: Natural gas,服務業部門：天然氣,history,2019,4.8414,TWh,Taiwan (national),moeaea_energy_balance,"Energy Administration, energy balance 1982-2025 (toe units)","sheet 108, item 83 服務業部門, column 天然氣",https://ea01.moeaea.gov.tw/a0303/02/publication/annually/,downloaded,
sector_fuel_services_gas,Services: Natural gas,服務業部門：天然氣,history,2020,4.7077,TWh,Taiwan (national),moeaea_energy_balance,"Energy Administration, energy balance 1982-2025 (toe units)","sheet 109, item 83 服務業部門, column 天然氣",https://ea01.moeaea.gov.tw/a0303/02/publication/annually/,downloaded,
sector_fuel_services_gas,Services: Natural gas,服務業部門：天然氣,history,2021,4.4003,TWh,Taiwan (national),moeaea_energy_balance,"Energy Administration, energy balance 1982-2025 (toe units)","sheet 110, item 83 服務業部門, column 天然氣",https://ea01.moeaea.gov.tw/a0303/02/publication/annually/,downloaded,
sector_fuel_services_gas,Services: Natural gas,服務業部門：天然氣,history,2022,5.253,TWh,Taiwan (national),moeaea_energy_balance,"Energy Administration, energy balance 1982-2025 (toe units)","sheet 111, item 83 服務業部門, column 天然氣",https://ea01.moeaea.gov.tw/a0303/02/publication/annually/,downloaded,
sector_fuel_services_gas,Services: Natural gas,服務業部門：天然氣,history,2023,5.4132,TWh,Taiwan (national),moeaea_energy_balance,"Energy Administration, energy balance 1982-2025 (toe units)","sheet 112, item 83 服務業部門, column 天然氣",https://ea01.moeaea.gov.tw/a0303/02/publication/annually/,downloaded,
sector_fuel_services_gas,Services: Natural gas,服務業部門：天然氣,history,2024,5.4408,TWh,Taiwan (national),moeaea_energy_balance,"Energy Administration, energy balance 1982-2025 (toe units)","sheet 113, item 83 服務業部門, column 天然氣",https://ea01.moeaea.gov.tw/a0303/02/publication/annually/,downloaded,
sector_fuel_services_gas,Services: Natural gas,服務業部門：天然氣,history,2025,5.2881,TWh,Taiwan (national),moeaea_energy_balance,"Energy Administration, energy balance 1982-2025 (toe units)","sheet 114, item 83 服務業部門, column 天然氣",https://ea01.moeaea.gov.tw/a0303/02/publication/annually/,downloaded,
sector_fuel_services_heat,Services: Heat (steam),服務業部門：熱能,history,2005,0.0,TWh,Taiwan (national),moeaea_energy_balance,"Energy Administration, energy balance 1982-2025 (toe units)","sheet 094, item 83 服務業部門, column 熱能",https://ea01.moeaea.gov.tw/a0303/02/publication/annually/,downloaded,
sector_fuel_services_heat,Services: Heat (steam),服務業部門：熱能,history,2006,0.0,TWh,Taiwan (national),moeaea_energy_balance,"Energy Administration, energy balance 1982-2025 (toe units)","sheet 095, item 83 服務業部門, column 熱能",https://ea01.moeaea.gov.tw/a0303/02/publication/annually/,downloaded,
sector_fuel_services_heat,Services: Heat (steam),服務業部門：熱能,history,2007,0.0,TWh,Taiwan (national),moeaea_energy_balance,"Energy Administration, energy balance 1982-2025 (toe units)","sheet 096, item 83 服務業部門, column 熱能",https://ea01.moeaea.gov.tw/a0303/02/publication/annually/,downloaded,
sector_fuel_services_heat,Services: Heat (steam),服務業部門：熱能,history,2008,0.0,TWh,Taiwan (national),moeaea_energy_balance,"Energy Administration, energy balance 1982-2025 (toe units)","sheet 097, item 83 服務業部門, column 熱能",https://ea01.moeaea.gov.tw/a0303/02/publication/annually/,downloaded,
sector_fuel_services_heat,Services: Heat (steam),服務業部門：熱能,history,2009,0.0,TWh,Taiwan (national),moeaea_energy_balance,"Energy Administration, energy balance 1982-2025 (toe units)","sheet 098, item 83 服務業部門, column 熱能",https://ea01.moeaea.gov.tw/a0303/02/publication/annually/,downloaded,
sector_fuel_services_heat,Services: Heat (steam),服務業部門：熱能,history,2010,0.0,TWh,Taiwan (national),moeaea_energy_balance,"Energy Administration, energy balance 1982-2025 (toe units)","sheet 099, item 83 服務業部門, column 熱能",https://ea01.moeaea.gov.tw/a0303/02/publication/annually/,downloaded,
sector_fuel_services_heat,Services: Heat (steam),服務業部門：熱能,history,2011,0.0,TWh,Taiwan (national),moeaea_energy_balance,"Energy Administration, energy balance 1982-2025 (toe units)","sheet 100, item 83 服務業部門, column 熱能",https://ea01.moeaea.gov.tw/a0303/02/publication/annually/,downloaded,
sector_fuel_services_heat,Services: Heat (steam),服務業部門：熱能,history,2012,0.0,TWh,Taiwan (national),moeaea_energy_balance,"Energy Administration, energy balance 1982-2025 (toe units)","sheet 101, item 83 服務業部門, column 熱能",https://ea01.moeaea.gov.tw/a0303/02/publication/annually/,downloaded,
sector_fuel_services_heat,Services: Heat (steam),服務業部門：熱能,history,2013,0.0,TWh,Taiwan (national),moeaea_energy_balance,"Energy Administration, energy balance 1982-2025 (toe units)","sheet 102, item 83 服務業部門, column 熱能",https://ea01.moeaea.gov.tw/a0303/02/publication/annually/,downloaded,
sector_fuel_services_heat,Services: Heat (steam),服務業部門：熱能,history,2014,0.0,TWh,Taiwan (national),moeaea_energy_balance,"Energy Administration, energy balance 1982-2025 (toe units)","sheet 103, item 83 服務業部門, column 熱能",https://ea01.moeaea.gov.tw/a0303/02/publication/annually/,downloaded,
sector_fuel_services_heat,Services: Heat (steam),服務業部門：熱能,history,2015,0.0,TWh,Taiwan (national),moeaea_energy_balance,"Energy Administration, energy balance 1982-2025 (toe units)","sheet 104, item 83 服務業部門, column 熱能",https://ea01.moeaea.gov.tw/a0303/02/publication/annually/,downloaded,
sector_fuel_services_heat,Services: Heat (steam),服務業部門：熱能,history,2016,0.0,TWh,Taiwan (national),moeaea_energy_balance,"Energy Administration, energy balance 1982-2025 (toe units)","sheet 105, item 83 服務業部門, column 熱能",https://ea01.moeaea.gov.tw/a0303/02/publication/annually/,downloaded,
sector_fuel_services_heat,Services: Heat (steam),服務業部門：熱能,history,2017,0.0,TWh,Taiwan (national),moeaea_energy_balance,"Energy Administration, energy balance 1982-2025 (toe units)","sheet 106, item 83 服務業部門, column 熱能",https://ea01.moeaea.gov.tw/a0303/02/publication/annually/,downloaded,
sector_fuel_services_heat,Services: Heat (steam),服務業部門：熱能,history,2018,0.0118,TWh,Taiwan (national),moeaea_energy_balance,"Energy Administration, energy balance 1982-2025 (toe units)","sheet 107, item 83 服務業部門, column 熱能",https://ea01.moeaea.gov.tw/a0303/02/publication/annually/,downloaded,
sector_fuel_services_heat,Services: Heat (steam),服務業部門：熱能,history,2019,0.0122,TWh,Taiwan (national),moeaea_energy_balance,"Energy Administration, energy balance 1982-2025 (toe units)","sheet 108, item 83 服務業部門, column 熱能",https://ea01.moeaea.gov.tw/a0303/02/publication/annually/,downloaded,
sector_fuel_services_heat,Services: Heat (steam),服務業部門：熱能,history,2020,0.0112,TWh,Taiwan (national),moeaea_energy_balance,"Energy Administration, energy balance 1982-2025 (toe units)","sheet 109, item 83 服務業部門, column 熱能",https://ea01.moeaea.gov.tw/a0303/02/publication/annually/,downloaded,
sector_fuel_services_heat,Services: Heat (steam),服務業部門：熱能,history,2021,0.0022,TWh,Taiwan (national),moeaea_energy_balance,"Energy Administration, energy balance 1982-2025 (toe units)","sheet 110, item 83 服務業部門, column 熱能",https://ea01.moeaea.gov.tw/a0303/02/publication/annually/,downloaded,
sector_fuel_services_heat,Services: Heat (steam),服務業部門：熱能,history,2022,0.0011,TWh,Taiwan (national),moeaea_energy_balance,"Energy Administration, energy balance 1982-2025 (toe units)","sheet 111, item 83 服務業部門, column 熱能",https://ea01.moeaea.gov.tw/a0303/02/publication/annually/,downloaded,
sector_fuel_services_heat,Services: Heat (steam),服務業部門：熱能,history,2023,0.0,TWh,Taiwan (national),moeaea_energy_balance,"Energy Administration, energy balance 1982-2025 (toe units)","sheet 112, item 83 服務業部門, column 熱能",https://ea01.moeaea.gov.tw/a0303/02/publication/annually/,downloaded,
sector_fuel_services_heat,Services: Heat (steam),服務業部門：熱能,history,2024,0.0,TWh,Taiwan (national),moeaea_energy_balance,"Energy Administration, energy balance 1982-2025 (toe units)","sheet 113, item 83 服務業部門, column 熱能",https://ea01.moeaea.gov.tw/a0303/02/publication/annually/,downloaded,
sector_fuel_services_heat,Services: Heat (steam),服務業部門：熱能,history,2025,0.0,TWh,Taiwan (national),moeaea_energy_balance,"Energy Administration, energy balance 1982-2025 (toe units)","sheet 114, item 83 服務業部門, column 熱能",https://ea01.moeaea.gov.tw/a0303/02/publication/annually/,downloaded,
sector_fuel_services_oil,Services: Oil products,服務業部門：石油產品,history,2005,13.3016,TWh,Taiwan (national),moeaea_energy_balance,"Energy Administration, energy balance 1982-2025 (toe units)","sheet 094, item 83 服務業部門, column 原油及石油產品",https://ea01.moeaea.gov.tw/a0303/02/publication/annually/,downloaded,
sector_fuel_services_oil,Services: Oil products,服務業部門：石油產品,history,2006,13.2755,TWh,Taiwan (national),moeaea_energy_balance,"Energy Administration, energy balance 1982-2025 (toe units)","sheet 095, item 83 服務業部門, column 原油及石油產品",https://ea01.moeaea.gov.tw/a0303/02/publication/annually/,downloaded,
sector_fuel_services_oil,Services: Oil products,服務業部門：石油產品,history,2007,13.0999,TWh,Taiwan (national),moeaea_energy_balance,"Energy Administration, energy balance 1982-2025 (toe units)","sheet 096, item 83 服務業部門, column 原油及石油產品",https://ea01.moeaea.gov.tw/a0303/02/publication/annually/,downloaded,
sector_fuel_services_oil,Services: Oil products,服務業部門：石油產品,history,2008,12.7885,TWh,Taiwan (national),moeaea_energy_balance,"Energy Administration, energy balance 1982-2025 (toe units)","sheet 097, item 83 服務業部門, column 原油及石油產品",https://ea01.moeaea.gov.tw/a0303/02/publication/annually/,downloaded,
sector_fuel_services_oil,Services: Oil products,服務業部門：石油產品,history,2009,12.8268,TWh,Taiwan (national),moeaea_energy_balance,"Energy Administration, energy balance 1982-2025 (toe units)","sheet 098, item 83 服務業部門, column 原油及石油產品",https://ea01.moeaea.gov.tw/a0303/02/publication/annually/,downloaded,
sector_fuel_services_oil,Services: Oil products,服務業部門：石油產品,history,2010,12.0288,TWh,Taiwan (national),moeaea_energy_balance,"Energy Administration, energy balance 1982-2025 (toe units)","sheet 099, item 83 服務業部門, column 原油及石油產品",https://ea01.moeaea.gov.tw/a0303/02/publication/annually/,downloaded,
sector_fuel_services_oil,Services: Oil products,服務業部門：石油產品,history,2011,11.3312,TWh,Taiwan (national),moeaea_energy_balance,"Energy Administration, energy balance 1982-2025 (toe units)","sheet 100, item 83 服務業部門, column 原油及石油產品",https://ea01.moeaea.gov.tw/a0303/02/publication/annually/,downloaded,
sector_fuel_services_oil,Services: Oil products,服務業部門：石油產品,history,2012,10.7636,TWh,Taiwan (national),moeaea_energy_balance,"Energy Administration, energy balance 1982-2025 (toe units)","sheet 101, item 83 服務業部門, column 原油及石油產品",https://ea01.moeaea.gov.tw/a0303/02/publication/annually/,downloaded,
sector_fuel_services_oil,Services: Oil products,服務業部門：石油產品,history,2013,11.0742,TWh,Taiwan (national),moeaea_energy_balance,"Energy Administration, energy balance 1982-2025 (toe units)","sheet 102, item 83 服務業部門, column 原油及石油產品",https://ea01.moeaea.gov.tw/a0303/02/publication/annually/,downloaded,
sector_fuel_services_oil,Services: Oil products,服務業部門：石油產品,history,2014,11.1786,TWh,Taiwan (national),moeaea_energy_balance,"Energy Administration, energy balance 1982-2025 (toe units)","sheet 103, item 83 服務業部門, column 原油及石油產品",https://ea01.moeaea.gov.tw/a0303/02/publication/annually/,downloaded,
sector_fuel_services_oil,Services: Oil products,服務業部門：石油產品,history,2015,11.193,TWh,Taiwan (national),moeaea_energy_balance,"Energy Administration, energy balance 1982-2025 (toe units)","sheet 104, item 83 服務業部門, column 原油及石油產品",https://ea01.moeaea.gov.tw/a0303/02/publication/annually/,downloaded,
sector_fuel_services_oil,Services: Oil products,服務業部門：石油產品,history,2016,10.2418,TWh,Taiwan (national),moeaea_energy_balance,"Energy Administration, energy balance 1982-2025 (toe units)","sheet 105, item 83 服務業部門, column 原油及石油產品",https://ea01.moeaea.gov.tw/a0303/02/publication/annually/,downloaded,
sector_fuel_services_oil,Services: Oil products,服務業部門：石油產品,history,2017,10.4185,TWh,Taiwan (national),moeaea_energy_balance,"Energy Administration, energy balance 1982-2025 (toe units)","sheet 106, item 83 服務業部門, column 原油及石油產品",https://ea01.moeaea.gov.tw/a0303/02/publication/annually/,downloaded,
sector_fuel_services_oil,Services: Oil products,服務業部門：石油產品,history,2018,10.2052,TWh,Taiwan (national),moeaea_energy_balance,"Energy Administration, energy balance 1982-2025 (toe units)","sheet 107, item 83 服務業部門, column 原油及石油產品",https://ea01.moeaea.gov.tw/a0303/02/publication/annually/,downloaded,
sector_fuel_services_oil,Services: Oil products,服務業部門：石油產品,history,2019,10.3196,TWh,Taiwan (national),moeaea_energy_balance,"Energy Administration, energy balance 1982-2025 (toe units)","sheet 108, item 83 服務業部門, column 原油及石油產品",https://ea01.moeaea.gov.tw/a0303/02/publication/annually/,downloaded,
sector_fuel_services_oil,Services: Oil products,服務業部門：石油產品,history,2020,11.0669,TWh,Taiwan (national),moeaea_energy_balance,"Energy Administration, energy balance 1982-2025 (toe units)","sheet 109, item 83 服務業部門, column 原油及石油產品",https://ea01.moeaea.gov.tw/a0303/02/publication/annually/,downloaded,
sector_fuel_services_oil,Services: Oil products,服務業部門：石油產品,history,2021,11.0856,TWh,Taiwan (national),moeaea_energy_balance,"Energy Administration, energy balance 1982-2025 (toe units)","sheet 110, item 83 服務業部門, column 原油及石油產品",https://ea01.moeaea.gov.tw/a0303/02/publication/annually/,downloaded,
sector_fuel_services_oil,Services: Oil products,服務業部門：石油產品,history,2022,10.9935,TWh,Taiwan (national),moeaea_energy_balance,"Energy Administration, energy balance 1982-2025 (toe units)","sheet 111, item 83 服務業部門, column 原油及石油產品",https://ea01.moeaea.gov.tw/a0303/02/publication/annually/,downloaded,
sector_fuel_services_oil,Services: Oil products,服務業部門：石油產品,history,2023,11.5372,TWh,Taiwan (national),moeaea_energy_balance,"Energy Administration, energy balance 1982-2025 (toe units)","sheet 112, item 83 服務業部門, column 原油及石油產品",https://ea01.moeaea.gov.tw/a0303/02/publication/annually/,downloaded,
sector_fuel_services_oil,Services: Oil products,服務業部門：石油產品,history,2024,11.5929,TWh,Taiwan (national),moeaea_energy_balance,"Energy Administration, energy balance 1982-2025 (toe units)","sheet 113, item 83 服務業部門, column 原油及石油產品",https://ea01.moeaea.gov.tw/a0303/02/publication/annually/,downloaded,
sector_fuel_services_oil,Services: Oil products,服務業部門：石油產品,history,2025,13.4497,TWh,Taiwan (national),moeaea_energy_balance,"Energy Administration, energy balance 1982-2025 (toe units)","sheet 114, item 83 服務業部門, column 原油及石油產品",https://ea01.moeaea.gov.tw/a0303/02/publication/annually/,downloaded,
sector_fuel_services_solar_thermal,Services: Solar thermal,服務業部門：太陽熱能,history,2005,0.0306,TWh,Taiwan (national),moeaea_energy_balance,"Energy Administration, energy balance 1982-2025 (toe units)","sheet 094, item 83 服務業部門, column 太陽熱能",https://ea01.moeaea.gov.tw/a0303/02/publication/annually/,downloaded,
sector_fuel_services_solar_thermal,Services: Solar thermal,服務業部門：太陽熱能,history,2006,0.0322,TWh,Taiwan (national),moeaea_energy_balance,"Energy Administration, energy balance 1982-2025 (toe units)","sheet 095, item 83 服務業部門, column 太陽熱能",https://ea01.moeaea.gov.tw/a0303/02/publication/annually/,downloaded,
sector_fuel_services_solar_thermal,Services: Solar thermal,服務業部門：太陽熱能,history,2007,0.0331,TWh,Taiwan (national),moeaea_energy_balance,"Energy Administration, energy balance 1982-2025 (toe units)","sheet 096, item 83 服務業部門, column 太陽熱能",https://ea01.moeaea.gov.tw/a0303/02/publication/annually/,downloaded,
sector_fuel_services_solar_thermal,Services: Solar thermal,服務業部門：太陽熱能,history,2008,0.0344,TWh,Taiwan (national),moeaea_energy_balance,"Energy Administration, energy balance 1982-2025 (toe units)","sheet 097, item 83 服務業部門, column 太陽熱能",https://ea01.moeaea.gov.tw/a0303/02/publication/annually/,downloaded,
sector_fuel_services_solar_thermal,Services: Solar thermal,服務業部門：太陽熱能,history,2009,0.0355,TWh,Taiwan (national),moeaea_energy_balance,"Energy Administration, energy balance 1982-2025 (toe units)","sheet 098, item 83 服務業部門, column 太陽熱能",https://ea01.moeaea.gov.tw/a0303/02/publication/annually/,downloaded,
sector_fuel_services_solar_thermal,Services: Solar thermal,服務業部門：太陽熱能,history,2010,0.0359,TWh,Taiwan (national),moeaea_energy_balance,"Energy Administration, energy balance 1982-2025 (toe units)","sheet 099, item 83 服務業部門, column 太陽熱能",https://ea01.moeaea.gov.tw/a0303/02/publication/annually/,downloaded,
sector_fuel_services_solar_thermal,Services: Solar thermal,服務業部門：太陽熱能,history,2011,0.0355,TWh,Taiwan (national),moeaea_energy_balance,"Energy Administration, energy balance 1982-2025 (toe units)","sheet 100, item 83 服務業部門, column 太陽熱能",https://ea01.moeaea.gov.tw/a0303/02/publication/annually/,downloaded,
sector_fuel_services_solar_thermal,Services: Solar thermal,服務業部門：太陽熱能,history,2012,0.0358,TWh,Taiwan (national),moeaea_energy_balance,"Energy Administration, energy balance 1982-2025 (toe units)","sheet 101, item 83 服務業部門, column 太陽熱能",https://ea01.moeaea.gov.tw/a0303/02/publication/annually/,downloaded,
sector_fuel_services_solar_thermal,Services: Solar thermal,服務業部門：太陽熱能,history,2013,0.0354,TWh,Taiwan (national),moeaea_energy_balance,"Energy Administration, energy balance 1982-2025 (toe units)","sheet 102, item 83 服務業部門, column 太陽熱能",https://ea01.moeaea.gov.tw/a0303/02/publication/annually/,downloaded,
sector_fuel_services_solar_thermal,Services: Solar thermal,服務業部門：太陽熱能,history,2014,0.0352,TWh,Taiwan (national),moeaea_energy_balance,"Energy Administration, energy balance 1982-2025 (toe units)","sheet 103, item 83 服務業部門, column 太陽熱能",https://ea01.moeaea.gov.tw/a0303/02/publication/annually/,downloaded,
sector_fuel_services_solar_thermal,Services: Solar thermal,服務業部門：太陽熱能,history,2015,0.0356,TWh,Taiwan (national),moeaea_energy_balance,"Energy Administration, energy balance 1982-2025 (toe units)","sheet 104, item 83 服務業部門, column 太陽熱能",https://ea01.moeaea.gov.tw/a0303/02/publication/annually/,downloaded,
sector_fuel_services_solar_thermal,Services: Solar thermal,服務業部門：太陽熱能,history,2016,0.0352,TWh,Taiwan (national),moeaea_energy_balance,"Energy Administration, energy balance 1982-2025 (toe units)","sheet 105, item 83 服務業部門, column 太陽熱能",https://ea01.moeaea.gov.tw/a0303/02/publication/annually/,downloaded,
sector_fuel_services_solar_thermal,Services: Solar thermal,服務業部門：太陽熱能,history,2017,0.0355,TWh,Taiwan (national),moeaea_energy_balance,"Energy Administration, energy balance 1982-2025 (toe units)","sheet 106, item 83 服務業部門, column 太陽熱能",https://ea01.moeaea.gov.tw/a0303/02/publication/annually/,downloaded,
sector_fuel_services_solar_thermal,Services: Solar thermal,服務業部門：太陽熱能,history,2018,0.0329,TWh,Taiwan (national),moeaea_energy_balance,"Energy Administration, energy balance 1982-2025 (toe units)","sheet 107, item 83 服務業部門, column 太陽熱能",https://ea01.moeaea.gov.tw/a0303/02/publication/annually/,downloaded,
sector_fuel_services_solar_thermal,Services: Solar thermal,服務業部門：太陽熱能,history,2019,0.0317,TWh,Taiwan (national),moeaea_energy_balance,"Energy Administration, energy balance 1982-2025 (toe units)","sheet 108, item 83 服務業部門, column 太陽熱能",https://ea01.moeaea.gov.tw/a0303/02/publication/annually/,downloaded,
sector_fuel_services_solar_thermal,Services: Solar thermal,服務業部門：太陽熱能,history,2020,0.0328,TWh,Taiwan (national),moeaea_energy_balance,"Energy Administration, energy balance 1982-2025 (toe units)","sheet 109, item 83 服務業部門, column 太陽熱能",https://ea01.moeaea.gov.tw/a0303/02/publication/annually/,downloaded,
sector_fuel_services_solar_thermal,Services: Solar thermal,服務業部門：太陽熱能,history,2021,0.0251,TWh,Taiwan (national),moeaea_energy_balance,"Energy Administration, energy balance 1982-2025 (toe units)","sheet 110, item 83 服務業部門, column 太陽熱能",https://ea01.moeaea.gov.tw/a0303/02/publication/annually/,downloaded,
sector_fuel_services_solar_thermal,Services: Solar thermal,服務業部門：太陽熱能,history,2022,0.0,TWh,Taiwan (national),moeaea_energy_balance,"Energy Administration, energy balance 1982-2025 (toe units)","sheet 111, item 83 服務業部門, column 太陽熱能",https://ea01.moeaea.gov.tw/a0303/02/publication/annually/,downloaded,
sector_fuel_services_solar_thermal,Services: Solar thermal,服務業部門：太陽熱能,history,2023,0.0,TWh,Taiwan (national),moeaea_energy_balance,"Energy Administration, energy balance 1982-2025 (toe units)","sheet 112, item 83 服務業部門, column 太陽熱能",https://ea01.moeaea.gov.tw/a0303/02/publication/annually/,downloaded,
sector_fuel_services_solar_thermal,Services: Solar thermal,服務業部門：太陽熱能,history,2024,0.0,TWh,Taiwan (national),moeaea_energy_balance,"Energy Administration, energy balance 1982-2025 (toe units)","sheet 113, item 83 服務業部門, column 太陽熱能",https://ea01.moeaea.gov.tw/a0303/02/publication/annually/,downloaded,
sector_fuel_services_solar_thermal,Services: Solar thermal,服務業部門：太陽熱能,history,2025,0.0,TWh,Taiwan (national),moeaea_energy_balance,"Energy Administration, energy balance 1982-2025 (toe units)","sheet 114, item 83 服務業部門, column 太陽熱能",https://ea01.moeaea.gov.tw/a0303/02/publication/annually/,downloaded,
sector_fuel_transport_biomass_waste,Transport: Biomass and waste,運輸部門：生質能及廢棄物,history,2005,0.0,TWh,Taiwan (national),moeaea_energy_balance,"Energy Administration, energy balance 1982-2025 (toe units)","sheet 094, item 73 運輸部門, column 生質能及廢棄物",https://ea01.moeaea.gov.tw/a0303/02/publication/annually/,downloaded,
sector_fuel_transport_biomass_waste,Transport: Biomass and waste,運輸部門：生質能及廢棄物,history,2006,0.0,TWh,Taiwan (national),moeaea_energy_balance,"Energy Administration, energy balance 1982-2025 (toe units)","sheet 095, item 73 運輸部門, column 生質能及廢棄物",https://ea01.moeaea.gov.tw/a0303/02/publication/annually/,downloaded,
sector_fuel_transport_biomass_waste,Transport: Biomass and waste,運輸部門：生質能及廢棄物,history,2007,0.0,TWh,Taiwan (national),moeaea_energy_balance,"Energy Administration, energy balance 1982-2025 (toe units)","sheet 096, item 73 運輸部門, column 生質能及廢棄物",https://ea01.moeaea.gov.tw/a0303/02/publication/annually/,downloaded,
sector_fuel_transport_biomass_waste,Transport: Biomass and waste,運輸部門：生質能及廢棄物,history,2008,0.0,TWh,Taiwan (national),moeaea_energy_balance,"Energy Administration, energy balance 1982-2025 (toe units)","sheet 097, item 73 運輸部門, column 生質能及廢棄物",https://ea01.moeaea.gov.tw/a0303/02/publication/annually/,downloaded,
sector_fuel_transport_biomass_waste,Transport: Biomass and waste,運輸部門：生質能及廢棄物,history,2009,0.0,TWh,Taiwan (national),moeaea_energy_balance,"Energy Administration, energy balance 1982-2025 (toe units)","sheet 098, item 73 運輸部門, column 生質能及廢棄物",https://ea01.moeaea.gov.tw/a0303/02/publication/annually/,downloaded,
sector_fuel_transport_biomass_waste,Transport: Biomass and waste,運輸部門：生質能及廢棄物,history,2010,0.0,TWh,Taiwan (national),moeaea_energy_balance,"Energy Administration, energy balance 1982-2025 (toe units)","sheet 099, item 73 運輸部門, column 生質能及廢棄物",https://ea01.moeaea.gov.tw/a0303/02/publication/annually/,downloaded,
sector_fuel_transport_biomass_waste,Transport: Biomass and waste,運輸部門：生質能及廢棄物,history,2011,0.0,TWh,Taiwan (national),moeaea_energy_balance,"Energy Administration, energy balance 1982-2025 (toe units)","sheet 100, item 73 運輸部門, column 生質能及廢棄物",https://ea01.moeaea.gov.tw/a0303/02/publication/annually/,downloaded,
sector_fuel_transport_biomass_waste,Transport: Biomass and waste,運輸部門：生質能及廢棄物,history,2012,0.0,TWh,Taiwan (national),moeaea_energy_balance,"Energy Administration, energy balance 1982-2025 (toe units)","sheet 101, item 73 運輸部門, column 生質能及廢棄物",https://ea01.moeaea.gov.tw/a0303/02/publication/annually/,downloaded,
sector_fuel_transport_biomass_waste,Transport: Biomass and waste,運輸部門：生質能及廢棄物,history,2013,0.0,TWh,Taiwan (national),moeaea_energy_balance,"Energy Administration, energy balance 1982-2025 (toe units)","sheet 102, item 73 運輸部門, column 生質能及廢棄物",https://ea01.moeaea.gov.tw/a0303/02/publication/annually/,downloaded,
sector_fuel_transport_biomass_waste,Transport: Biomass and waste,運輸部門：生質能及廢棄物,history,2014,0.0,TWh,Taiwan (national),moeaea_energy_balance,"Energy Administration, energy balance 1982-2025 (toe units)","sheet 103, item 73 運輸部門, column 生質能及廢棄物",https://ea01.moeaea.gov.tw/a0303/02/publication/annually/,downloaded,
sector_fuel_transport_biomass_waste,Transport: Biomass and waste,運輸部門：生質能及廢棄物,history,2015,0.0,TWh,Taiwan (national),moeaea_energy_balance,"Energy Administration, energy balance 1982-2025 (toe units)","sheet 104, item 73 運輸部門, column 生質能及廢棄物",https://ea01.moeaea.gov.tw/a0303/02/publication/annually/,downloaded,
sector_fuel_transport_biomass_waste,Transport: Biomass and waste,運輸部門：生質能及廢棄物,history,2016,0.0,TWh,Taiwan (national),moeaea_energy_balance,"Energy Administration, energy balance 1982-2025 (toe units)","sheet 105, item 73 運輸部門, column 生質能及廢棄物",https://ea01.moeaea.gov.tw/a0303/02/publication/annually/,downloaded,
sector_fuel_transport_biomass_waste,Transport: Biomass and waste,運輸部門：生質能及廢棄物,history,2017,0.0,TWh,Taiwan (national),moeaea_energy_balance,"Energy Administration, energy balance 1982-2025 (toe units)","sheet 106, item 73 運輸部門, column 生質能及廢棄物",https://ea01.moeaea.gov.tw/a0303/02/publication/annually/,downloaded,
sector_fuel_transport_biomass_waste,Transport: Biomass and waste,運輸部門：生質能及廢棄物,history,2018,0.0,TWh,Taiwan (national),moeaea_energy_balance,"Energy Administration, energy balance 1982-2025 (toe units)","sheet 107, item 73 運輸部門, column 生質能及廢棄物",https://ea01.moeaea.gov.tw/a0303/02/publication/annually/,downloaded,
sector_fuel_transport_biomass_waste,Transport: Biomass and waste,運輸部門：生質能及廢棄物,history,2019,0.0003,TWh,Taiwan (national),moeaea_energy_balance,"Energy Administration, energy balance 1982-2025 (toe units)","sheet 108, item 73 運輸部門, column 生質能及廢棄物",https://ea01.moeaea.gov.tw/a0303/02/publication/annually/,downloaded,
sector_fuel_transport_biomass_waste,Transport: Biomass and waste,運輸部門：生質能及廢棄物,history,2020,0.0003,TWh,Taiwan (national),moeaea_energy_balance,"Energy Administration, energy balance 1982-2025 (toe units)","sheet 109, item 73 運輸部門, column 生質能及廢棄物",https://ea01.moeaea.gov.tw/a0303/02/publication/annually/,downloaded,
sector_fuel_transport_biomass_waste,Transport: Biomass and waste,運輸部門：生質能及廢棄物,history,2021,0.0001,TWh,Taiwan (national),moeaea_energy_balance,"Energy Administration, energy balance 1982-2025 (toe units)","sheet 110, item 73 運輸部門, column 生質能及廢棄物",https://ea01.moeaea.gov.tw/a0303/02/publication/annually/,downloaded,
sector_fuel_transport_biomass_waste,Transport: Biomass and waste,運輸部門：生質能及廢棄物,history,2022,0.0,TWh,Taiwan (national),moeaea_energy_balance,"Energy Administration, energy balance 1982-2025 (toe units)","sheet 111, item 73 運輸部門, column 生質能及廢棄物",https://ea01.moeaea.gov.tw/a0303/02/publication/annually/,downloaded,
sector_fuel_transport_biomass_waste,Transport: Biomass and waste,運輸部門：生質能及廢棄物,history,2023,0.0001,TWh,Taiwan (national),moeaea_energy_balance,"Energy Administration, energy balance 1982-2025 (toe units)","sheet 112, item 73 運輸部門, column 生質能及廢棄物",https://ea01.moeaea.gov.tw/a0303/02/publication/annually/,downloaded,
sector_fuel_transport_biomass_waste,Transport: Biomass and waste,運輸部門：生質能及廢棄物,history,2024,0.0002,TWh,Taiwan (national),moeaea_energy_balance,"Energy Administration, energy balance 1982-2025 (toe units)","sheet 113, item 73 運輸部門, column 生質能及廢棄物",https://ea01.moeaea.gov.tw/a0303/02/publication/annually/,downloaded,
sector_fuel_transport_biomass_waste,Transport: Biomass and waste,運輸部門：生質能及廢棄物,history,2025,0.0021,TWh,Taiwan (national),moeaea_energy_balance,"Energy Administration, energy balance 1982-2025 (toe units)","sheet 114, item 73 運輸部門, column 生質能及廢棄物",https://ea01.moeaea.gov.tw/a0303/02/publication/annually/,downloaded,
sector_fuel_transport_electricity,Transport: Electricity,運輸部門：電力,history,2005,0.5639,TWh,Taiwan (national),moeaea_energy_balance,"Energy Administration, energy balance 1982-2025 (toe units)","sheet 094, item 73 運輸部門, column 電力",https://ea01.moeaea.gov.tw/a0303/02/publication/annually/,downloaded,
sector_fuel_transport_electricity,Transport: Electricity,運輸部門：電力,history,2006,0.5932,TWh,Taiwan (national),moeaea_energy_balance,"Energy Administration, energy balance 1982-2025 (toe units)","sheet 095, item 73 運輸部門, column 電力",https://ea01.moeaea.gov.tw/a0303/02/publication/annually/,downloaded,
sector_fuel_transport_electricity,Transport: Electricity,運輸部門：電力,history,2007,0.8735,TWh,Taiwan (national),moeaea_energy_balance,"Energy Administration, energy balance 1982-2025 (toe units)","sheet 096, item 73 運輸部門, column 電力",https://ea01.moeaea.gov.tw/a0303/02/publication/annually/,downloaded,
sector_fuel_transport_electricity,Transport: Electricity,運輸部門：電力,history,2008,1.1407,TWh,Taiwan (national),moeaea_energy_balance,"Energy Administration, energy balance 1982-2025 (toe units)","sheet 097, item 73 運輸部門, column 電力",https://ea01.moeaea.gov.tw/a0303/02/publication/annually/,downloaded,
sector_fuel_transport_electricity,Transport: Electricity,運輸部門：電力,history,2009,1.1498,TWh,Taiwan (national),moeaea_energy_balance,"Energy Administration, energy balance 1982-2025 (toe units)","sheet 098, item 73 運輸部門, column 電力",https://ea01.moeaea.gov.tw/a0303/02/publication/annually/,downloaded,
sector_fuel_transport_electricity,Transport: Electricity,運輸部門：電力,history,2010,1.1959,TWh,Taiwan (national),moeaea_energy_balance,"Energy Administration, energy balance 1982-2025 (toe units)","sheet 099, item 73 運輸部門, column 電力",https://ea01.moeaea.gov.tw/a0303/02/publication/annually/,downloaded,
sector_fuel_transport_electricity,Transport: Electricity,運輸部門：電力,history,2011,1.2465,TWh,Taiwan (national),moeaea_energy_balance,"Energy Administration, energy balance 1982-2025 (toe units)","sheet 100, item 73 運輸部門, column 電力",https://ea01.moeaea.gov.tw/a0303/02/publication/annually/,downloaded,
sector_fuel_transport_electricity,Transport: Electricity,運輸部門：電力,history,2012,1.2749,TWh,Taiwan (national),moeaea_energy_balance,"Energy Administration, energy balance 1982-2025 (toe units)","sheet 101, item 73 運輸部門, column 電力",https://ea01.moeaea.gov.tw/a0303/02/publication/annually/,downloaded,
sector_fuel_transport_electricity,Transport: Electricity,運輸部門：電力,history,2013,1.3232,TWh,Taiwan (national),moeaea_energy_balance,"Energy Administration, energy balance 1982-2025 (toe units)","sheet 102, item 73 運輸部門, column 電力",https://ea01.moeaea.gov.tw/a0303/02/publication/annually/,downloaded,
sector_fuel_transport_electricity,Transport: Electricity,運輸部門：電力,history,2014,1.3735,TWh,Taiwan (national),moeaea_energy_balance,"Energy Administration, energy balance 1982-2025 (toe units)","sheet 103, item 73 運輸部門, column 電力",https://ea01.moeaea.gov.tw/a0303/02/publication/annually/,downloaded,
sector_fuel_transport_electricity,Transport: Electricity,運輸部門：電力,history,2015,1.4067,TWh,Taiwan (national),moeaea_energy_balance,"Energy Administration, energy balance 1982-2025 (toe units)","sheet 104, item 73 運輸部門, column 電力",https://ea01.moeaea.gov.tw/a0303/02/publication/annually/,downloaded,
sector_fuel_transport_electricity,Transport: Electricity,運輸部門：電力,history,2016,1.4244,TWh,Taiwan (national),moeaea_energy_balance,"Energy Administration, energy balance 1982-2025 (toe units)","sheet 105, item 73 運輸部門, column 電力",https://ea01.moeaea.gov.tw/a0303/02/publication/annually/,downloaded,
sector_fuel_transport_electricity,Transport: Electricity,運輸部門：電力,history,2017,1.4949,TWh,Taiwan (national),moeaea_energy_balance,"Energy Administration, energy balance 1982-2025 (toe units)","sheet 106, item 73 運輸部門, column 電力",https://ea01.moeaea.gov.tw/a0303/02/publication/annually/,downloaded,
sector_fuel_transport_electricity,Transport: Electricity,運輸部門：電力,history,2018,1.5186,TWh,Taiwan (national),moeaea_energy_balance,"Energy Administration, energy balance 1982-2025 (toe units)","sheet 107, item 73 運輸部門, column 電力",https://ea01.moeaea.gov.tw/a0303/02/publication/annually/,downloaded,
sector_fuel_transport_electricity,Transport: Electricity,運輸部門：電力,history,2019,1.5801,TWh,Taiwan (national),moeaea_energy_balance,"Energy Administration, energy balance 1982-2025 (toe units)","sheet 108, item 73 運輸部門, column 電力",https://ea01.moeaea.gov.tw/a0303/02/publication/annually/,downloaded,
sector_fuel_transport_electricity,Transport: Electricity,運輸部門：電力,history,2020,1.5808,TWh,Taiwan (national),moeaea_energy_balance,"Energy Administration, energy balance 1982-2025 (toe units)","sheet 109, item 73 運輸部門, column 電力",https://ea01.moeaea.gov.tw/a0303/02/publication/annually/,downloaded,
sector_fuel_transport_electricity,Transport: Electricity,運輸部門：電力,history,2021,1.5345,TWh,Taiwan (national),moeaea_energy_balance,"Energy Administration, energy balance 1982-2025 (toe units)","sheet 110, item 73 運輸部門, column 電力",https://ea01.moeaea.gov.tw/a0303/02/publication/annually/,downloaded,
sector_fuel_transport_electricity,Transport: Electricity,運輸部門：電力,history,2022,1.6583,TWh,Taiwan (national),moeaea_energy_balance,"Energy Administration, energy balance 1982-2025 (toe units)","sheet 111, item 73 運輸部門, column 電力",https://ea01.moeaea.gov.tw/a0303/02/publication/annually/,downloaded,
sector_fuel_transport_electricity,Transport: Electricity,運輸部門：電力,history,2023,1.8566,TWh,Taiwan (national),moeaea_energy_balance,"Energy Administration, energy balance 1982-2025 (toe units)","sheet 112, item 73 運輸部門, column 電力",https://ea01.moeaea.gov.tw/a0303/02/publication/annually/,downloaded,
sector_fuel_transport_electricity,Transport: Electricity,運輸部門：電力,history,2024,1.9082,TWh,Taiwan (national),moeaea_energy_balance,"Energy Administration, energy balance 1982-2025 (toe units)","sheet 113, item 73 運輸部門, column 電力",https://ea01.moeaea.gov.tw/a0303/02/publication/annually/,downloaded,
sector_fuel_transport_electricity,Transport: Electricity,運輸部門：電力,history,2025,2.0399,TWh,Taiwan (national),moeaea_energy_balance,"Energy Administration, energy balance 1982-2025 (toe units)","sheet 114, item 73 運輸部門, column 電力",https://ea01.moeaea.gov.tw/a0303/02/publication/annually/,downloaded,
sector_fuel_transport_oil,Transport: Oil products,運輸部門：石油產品,history,2005,144.3159,TWh,Taiwan (national),moeaea_energy_balance,"Energy Administration, energy balance 1982-2025 (toe units)","sheet 094, item 73 運輸部門, column 原油及石油產品",https://ea01.moeaea.gov.tw/a0303/02/publication/annually/,downloaded,
sector_fuel_transport_oil,Transport: Oil products,運輸部門：石油產品,history,2006,143.9138,TWh,Taiwan (national),moeaea_energy_balance,"Energy Administration, energy balance 1982-2025 (toe units)","sheet 095, item 73 運輸部門, column 原油及石油產品",https://ea01.moeaea.gov.tw/a0303/02/publication/annually/,downloaded,
sector_fuel_transport_oil,Transport: Oil products,運輸部門：石油產品,history,2007,138.6976,TWh,Taiwan (national),moeaea_energy_balance,"Energy Administration, energy balance 1982-2025 (toe units)","sheet 096, item 73 運輸部門, column 原油及石油產品",https://ea01.moeaea.gov.tw/a0303/02/publication/annually/,downloaded,
sector_fuel_transport_oil,Transport: Oil products,運輸部門：石油產品,history,2008,130.2934,TWh,Taiwan (national),moeaea_energy_balance,"Energy Administration, energy balance 1982-2025 (toe units)","sheet 097, item 73 運輸部門, column 原油及石油產品",https://ea01.moeaea.gov.tw/a0303/02/publication/annually/,downloaded,
sector_fuel_transport_oil,Transport: Oil products,運輸部門：石油產品,history,2009,131.7302,TWh,Taiwan (national),moeaea_energy_balance,"Energy Administration, energy balance 1982-2025 (toe units)","sheet 098, item 73 運輸部門, column 原油及石油產品",https://ea01.moeaea.gov.tw/a0303/02/publication/annually/,downloaded,
sector_fuel_transport_oil,Transport: Oil products,運輸部門：石油產品,history,2010,136.0506,TWh,Taiwan (national),moeaea_energy_balance,"Energy Administration, energy balance 1982-2025 (toe units)","sheet 099, item 73 運輸部門, column 原油及石油產品",https://ea01.moeaea.gov.tw/a0303/02/publication/annually/,downloaded,
sector_fuel_transport_oil,Transport: Oil products,運輸部門：石油產品,history,2011,137.9338,TWh,Taiwan (national),moeaea_energy_balance,"Energy Administration, energy balance 1982-2025 (toe units)","sheet 100, item 73 運輸部門, column 原油及石油產品",https://ea01.moeaea.gov.tw/a0303/02/publication/annually/,downloaded,
sector_fuel_transport_oil,Transport: Oil products,運輸部門：石油產品,history,2012,135.0346,TWh,Taiwan (national),moeaea_energy_balance,"Energy Administration, energy balance 1982-2025 (toe units)","sheet 101, item 73 運輸部門, column 原油及石油產品",https://ea01.moeaea.gov.tw/a0303/02/publication/annually/,downloaded,
sector_fuel_transport_oil,Transport: Oil products,運輸部門：石油產品,history,2013,134.8571,TWh,Taiwan (national),moeaea_energy_balance,"Energy Administration, energy balance 1982-2025 (toe units)","sheet 102, item 73 運輸部門, column 原油及石油產品",https://ea01.moeaea.gov.tw/a0303/02/publication/annually/,downloaded,
sector_fuel_transport_oil,Transport: Oil products,運輸部門：石油產品,history,2014,136.2002,TWh,Taiwan (national),moeaea_energy_balance,"Energy Administration, energy balance 1982-2025 (toe units)","sheet 103, item 73 運輸部門, column 原油及石油產品",https://ea01.moeaea.gov.tw/a0303/02/publication/annually/,downloaded,
sector_fuel_transport_oil,Transport: Oil products,運輸部門：石油產品,history,2015,139.3702,TWh,Taiwan (national),moeaea_energy_balance,"Energy Administration, energy balance 1982-2025 (toe units)","sheet 104, item 73 運輸部門, column 原油及石油產品",https://ea01.moeaea.gov.tw/a0303/02/publication/annually/,downloaded,
sector_fuel_transport_oil,Transport: Oil products,運輸部門：石油產品,history,2016,143.4118,TWh,Taiwan (national),moeaea_energy_balance,"Energy Administration, energy balance 1982-2025 (toe units)","sheet 105, item 73 運輸部門, column 原油及石油產品",https://ea01.moeaea.gov.tw/a0303/02/publication/annually/,downloaded,
sector_fuel_transport_oil,Transport: Oil products,運輸部門：石油產品,history,2017,141.8106,TWh,Taiwan (national),moeaea_energy_balance,"Energy Administration, energy balance 1982-2025 (toe units)","sheet 106, item 73 運輸部門, column 原油及石油產品",https://ea01.moeaea.gov.tw/a0303/02/publication/annually/,downloaded,
sector_fuel_transport_oil,Transport: Oil products,運輸部門：石油產品,history,2018,137.8806,TWh,Taiwan (national),moeaea_energy_balance,"Energy Administration, energy balance 1982-2025 (toe units)","sheet 107, item 73 運輸部門, column 原油及石油產品",https://ea01.moeaea.gov.tw/a0303/02/publication/annually/,downloaded,
sector_fuel_transport_oil,Transport: Oil products,運輸部門：石油產品,history,2019,138.7642,TWh,Taiwan (national),moeaea_energy_balance,"Energy Administration, energy balance 1982-2025 (toe units)","sheet 108, item 73 運輸部門, column 原油及石油產品",https://ea01.moeaea.gov.tw/a0303/02/publication/annually/,downloaded,
sector_fuel_transport_oil,Transport: Oil products,運輸部門：石油產品,history,2020,139.8557,TWh,Taiwan (national),moeaea_energy_balance,"Energy Administration, energy balance 1982-2025 (toe units)","sheet 109, item 73 運輸部門, column 原油及石油產品",https://ea01.moeaea.gov.tw/a0303/02/publication/annually/,downloaded,
sector_fuel_transport_oil,Transport: Oil products,運輸部門：石油產品,history,2021,132.5851,TWh,Taiwan (national),moeaea_energy_balance,"Energy Administration, energy balance 1982-2025 (toe units)","sheet 110, item 73 運輸部門, column 原油及石油產品",https://ea01.moeaea.gov.tw/a0303/02/publication/annually/,downloaded,
sector_fuel_transport_oil,Transport: Oil products,運輸部門：石油產品,history,2022,135.7208,TWh,Taiwan (national),moeaea_energy_balance,"Energy Administration, energy balance 1982-2025 (toe units)","sheet 111, item 73 運輸部門, column 原油及石油產品",https://ea01.moeaea.gov.tw/a0303/02/publication/annually/,downloaded,
sector_fuel_transport_oil,Transport: Oil products,運輸部門：石油產品,history,2023,135.4546,TWh,Taiwan (national),moeaea_energy_balance,"Energy Administration, energy balance 1982-2025 (toe units)","sheet 112, item 73 運輸部門, column 原油及石油產品",https://ea01.moeaea.gov.tw/a0303/02/publication/annually/,downloaded,
sector_fuel_transport_oil,Transport: Oil products,運輸部門：石油產品,history,2024,132.4132,TWh,Taiwan (national),moeaea_energy_balance,"Energy Administration, energy balance 1982-2025 (toe units)","sheet 113, item 73 運輸部門, column 原油及石油產品",https://ea01.moeaea.gov.tw/a0303/02/publication/annually/,downloaded,
sector_fuel_transport_oil,Transport: Oil products,運輸部門：石油產品,history,2025,130.3322,TWh,Taiwan (national),moeaea_energy_balance,"Energy Administration, energy balance 1982-2025 (toe units)","sheet 114, item 73 運輸部門, column 原油及石油產品",https://ea01.moeaea.gov.tw/a0303/02/publication/annually/,downloaded,
storage_grid,Grid-connected storage,併網型儲能,target,2025,1.0,GW,Taiwan (national),moea_psd_fy2024,"MOEA, supply-demand report 113年度 (FY2024)","Section 3.2(5), p. 17 (PDF p. 21)",https://data.gov.tw/dataset/16437,downloaded,Reached early: Taipower-owned 0.16 GW + procured ancillary-service storage 1.26 GW by end 2024
transport_fuel_diesel,Transport fuel: Diesel,運輸燃料：柴油,history,2005,43.4735,TWh,Taiwan (national),moeaea_energy_balance,"Energy Administration, energy balance 1982-2025 (toe units)","sheet 094, item 73 運輸部門, column 柴油",https://ea01.moeaea.gov.tw/a0303/02/publication/annually/,downloaded,
transport_fuel_diesel,Transport fuel: Diesel,運輸燃料：柴油,history,2006,45.6545,TWh,Taiwan (national),moeaea_energy_balance,"Energy Administration, energy balance 1982-2025 (toe units)","sheet 095, item 73 運輸部門, column 柴油",https://ea01.moeaea.gov.tw/a0303/02/publication/annually/,downloaded,
transport_fuel_diesel,Transport fuel: Diesel,運輸燃料：柴油,history,2007,43.8865,TWh,Taiwan (national),moeaea_energy_balance,"Energy Administration, energy balance 1982-2025 (toe units)","sheet 096, item 73 運輸部門, column 柴油",https://ea01.moeaea.gov.tw/a0303/02/publication/annually/,downloaded,
transport_fuel_diesel,Transport fuel: Diesel,運輸燃料：柴油,history,2008,40.9858,TWh,Taiwan (national),moeaea_energy_balance,"Energy Administration, energy balance 1982-2025 (toe units)","sheet 097, item 73 運輸部門, column 柴油",https://ea01.moeaea.gov.tw/a0303/02/publication/annually/,downloaded,
transport_fuel_diesel,Transport fuel: Diesel,運輸燃料：柴油,history,2009,40.6218,TWh,Taiwan (national),moeaea_energy_balance,"Energy Administration, energy balance 1982-2025 (toe units)","sheet 098, item 73 運輸部門, column 柴油",https://ea01.moeaea.gov.tw/a0303/02/publication/annually/,downloaded,
transport_fuel_diesel,Transport fuel: Diesel,運輸燃料：柴油,history,2010,43.9498,TWh,Taiwan (national),moeaea_energy_balance,"Energy Administration, energy balance 1982-2025 (toe units)","sheet 099, item 73 運輸部門, column 柴油",https://ea01.moeaea.gov.tw/a0303/02/publication/annually/,downloaded,
transport_fuel_diesel,Transport fuel: Diesel,運輸燃料：柴油,history,2011,44.9247,TWh,Taiwan (national),moeaea_energy_balance,"Energy Administration, energy balance 1982-2025 (toe units)","sheet 100, item 73 運輸部門, column 柴油",https://ea01.moeaea.gov.tw/a0303/02/publication/annually/,downloaded,
transport_fuel_diesel,Transport fuel: Diesel,運輸燃料：柴油,history,2012,44.1917,TWh,Taiwan (national),moeaea_energy_balance,"Energy Administration, energy balance 1982-2025 (toe units)","sheet 101, item 73 運輸部門, column 柴油",https://ea01.moeaea.gov.tw/a0303/02/publication/annually/,downloaded,
transport_fuel_diesel,Transport fuel: Diesel,運輸燃料：柴油,history,2013,43.922,TWh,Taiwan (national),moeaea_energy_balance,"Energy Administration, energy balance 1982-2025 (toe units)","sheet 102, item 73 運輸部門, column 柴油",https://ea01.moeaea.gov.tw/a0303/02/publication/annually/,downloaded,
transport_fuel_diesel,Transport fuel: Diesel,運輸燃料：柴油,history,2014,44.516,TWh,Taiwan (national),moeaea_energy_balance,"Energy Administration, energy balance 1982-2025 (toe units)","sheet 103, item 73 運輸部門, column 柴油",https://ea01.moeaea.gov.tw/a0303/02/publication/annually/,downloaded,
transport_fuel_diesel,Transport fuel: Diesel,運輸燃料：柴油,history,2015,45.4869,TWh,Taiwan (national),moeaea_energy_balance,"Energy Administration, energy balance 1982-2025 (toe units)","sheet 104, item 73 運輸部門, column 柴油",https://ea01.moeaea.gov.tw/a0303/02/publication/annually/,downloaded,
transport_fuel_diesel,Transport fuel: Diesel,運輸燃料：柴油,history,2016,46.1037,TWh,Taiwan (national),moeaea_energy_balance,"Energy Administration, energy balance 1982-2025 (toe units)","sheet 105, item 73 運輸部門, column 柴油",https://ea01.moeaea.gov.tw/a0303/02/publication/annually/,downloaded,
transport_fuel_diesel,Transport fuel: Diesel,運輸燃料：柴油,history,2017,46.4348,TWh,Taiwan (national),moeaea_energy_balance,"Energy Administration, energy balance 1982-2025 (toe units)","sheet 106, item 73 運輸部門, column 柴油",https://ea01.moeaea.gov.tw/a0303/02/publication/annually/,downloaded,
transport_fuel_diesel,Transport fuel: Diesel,運輸燃料：柴油,history,2018,45.7147,TWh,Taiwan (national),moeaea_energy_balance,"Energy Administration, energy balance 1982-2025 (toe units)","sheet 107, item 73 運輸部門, column 柴油",https://ea01.moeaea.gov.tw/a0303/02/publication/annually/,downloaded,
transport_fuel_diesel,Transport fuel: Diesel,運輸燃料：柴油,history,2019,46.5793,TWh,Taiwan (national),moeaea_energy_balance,"Energy Administration, energy balance 1982-2025 (toe units)","sheet 108, item 73 運輸部門, column 柴油",https://ea01.moeaea.gov.tw/a0303/02/publication/annually/,downloaded,
transport_fuel_diesel,Transport fuel: Diesel,運輸燃料：柴油,history,2020,46.8223,TWh,Taiwan (national),moeaea_energy_balance,"Energy Administration, energy balance 1982-2025 (toe units)","sheet 109, item 73 運輸部門, column 柴油",https://ea01.moeaea.gov.tw/a0303/02/publication/annually/,downloaded,
transport_fuel_diesel,Transport fuel: Diesel,運輸燃料：柴油,history,2021,46.8348,TWh,Taiwan (national),moeaea_energy_balance,"Energy Administration, energy balance 1982-2025 (toe units)","sheet 110, item 73 運輸部門, column 柴油",https://ea01.moeaea.gov.tw/a0303/02/publication/annually/,downloaded,
transport_fuel_diesel,Transport fuel: Diesel,運輸燃料：柴油,history,2022,47.2114,TWh,Taiwan (national),moeaea_energy_balance,"Energy Administration, energy balance 1982-2025 (toe units)","sheet 111, item 73 運輸部門, column 柴油",https://ea01.moeaea.gov.tw/a0303/02/publication/annually/,downloaded,
transport_fuel_diesel,Transport fuel: Diesel,運輸燃料：柴油,history,2023,46.5149,TWh,Taiwan (national),moeaea_energy_balance,"Energy Administration, energy balance 1982-2025 (toe units)","sheet 112, item 73 運輸部門, column 柴油",https://ea01.moeaea.gov.tw/a0303/02/publication/annually/,downloaded,
transport_fuel_diesel,Transport fuel: Diesel,運輸燃料：柴油,history,2024,48.5632,TWh,Taiwan (national),moeaea_energy_balance,"Energy Administration, energy balance 1982-2025 (toe units)","sheet 113, item 73 運輸部門, column 柴油",https://ea01.moeaea.gov.tw/a0303/02/publication/annually/,downloaded,
transport_fuel_diesel,Transport fuel: Diesel,運輸燃料：柴油,history,2025,47.7341,TWh,Taiwan (national),moeaea_energy_balance,"Energy Administration, energy balance 1982-2025 (toe units)","sheet 114, item 73 運輸部門, column 柴油",https://ea01.moeaea.gov.tw/a0303/02/publication/annually/,downloaded,
transport_fuel_electricity,Transport fuel: Electricity,運輸燃料：電力,history,2005,0.5639,TWh,Taiwan (national),moeaea_energy_balance,"Energy Administration, energy balance 1982-2025 (toe units)","sheet 094, item 73 運輸部門, column 電力",https://ea01.moeaea.gov.tw/a0303/02/publication/annually/,downloaded,
transport_fuel_electricity,Transport fuel: Electricity,運輸燃料：電力,history,2006,0.5932,TWh,Taiwan (national),moeaea_energy_balance,"Energy Administration, energy balance 1982-2025 (toe units)","sheet 095, item 73 運輸部門, column 電力",https://ea01.moeaea.gov.tw/a0303/02/publication/annually/,downloaded,
transport_fuel_electricity,Transport fuel: Electricity,運輸燃料：電力,history,2007,0.8735,TWh,Taiwan (national),moeaea_energy_balance,"Energy Administration, energy balance 1982-2025 (toe units)","sheet 096, item 73 運輸部門, column 電力",https://ea01.moeaea.gov.tw/a0303/02/publication/annually/,downloaded,
transport_fuel_electricity,Transport fuel: Electricity,運輸燃料：電力,history,2008,1.1407,TWh,Taiwan (national),moeaea_energy_balance,"Energy Administration, energy balance 1982-2025 (toe units)","sheet 097, item 73 運輸部門, column 電力",https://ea01.moeaea.gov.tw/a0303/02/publication/annually/,downloaded,
transport_fuel_electricity,Transport fuel: Electricity,運輸燃料：電力,history,2009,1.1498,TWh,Taiwan (national),moeaea_energy_balance,"Energy Administration, energy balance 1982-2025 (toe units)","sheet 098, item 73 運輸部門, column 電力",https://ea01.moeaea.gov.tw/a0303/02/publication/annually/,downloaded,
transport_fuel_electricity,Transport fuel: Electricity,運輸燃料：電力,history,2010,1.1959,TWh,Taiwan (national),moeaea_energy_balance,"Energy Administration, energy balance 1982-2025 (toe units)","sheet 099, item 73 運輸部門, column 電力",https://ea01.moeaea.gov.tw/a0303/02/publication/annually/,downloaded,
transport_fuel_electricity,Transport fuel: Electricity,運輸燃料：電力,history,2011,1.2465,TWh,Taiwan (national),moeaea_energy_balance,"Energy Administration, energy balance 1982-2025 (toe units)","sheet 100, item 73 運輸部門, column 電力",https://ea01.moeaea.gov.tw/a0303/02/publication/annually/,downloaded,
transport_fuel_electricity,Transport fuel: Electricity,運輸燃料：電力,history,2012,1.2749,TWh,Taiwan (national),moeaea_energy_balance,"Energy Administration, energy balance 1982-2025 (toe units)","sheet 101, item 73 運輸部門, column 電力",https://ea01.moeaea.gov.tw/a0303/02/publication/annually/,downloaded,
transport_fuel_electricity,Transport fuel: Electricity,運輸燃料：電力,history,2013,1.3232,TWh,Taiwan (national),moeaea_energy_balance,"Energy Administration, energy balance 1982-2025 (toe units)","sheet 102, item 73 運輸部門, column 電力",https://ea01.moeaea.gov.tw/a0303/02/publication/annually/,downloaded,
transport_fuel_electricity,Transport fuel: Electricity,運輸燃料：電力,history,2014,1.3735,TWh,Taiwan (national),moeaea_energy_balance,"Energy Administration, energy balance 1982-2025 (toe units)","sheet 103, item 73 運輸部門, column 電力",https://ea01.moeaea.gov.tw/a0303/02/publication/annually/,downloaded,
transport_fuel_electricity,Transport fuel: Electricity,運輸燃料：電力,history,2015,1.4067,TWh,Taiwan (national),moeaea_energy_balance,"Energy Administration, energy balance 1982-2025 (toe units)","sheet 104, item 73 運輸部門, column 電力",https://ea01.moeaea.gov.tw/a0303/02/publication/annually/,downloaded,
transport_fuel_electricity,Transport fuel: Electricity,運輸燃料：電力,history,2016,1.4244,TWh,Taiwan (national),moeaea_energy_balance,"Energy Administration, energy balance 1982-2025 (toe units)","sheet 105, item 73 運輸部門, column 電力",https://ea01.moeaea.gov.tw/a0303/02/publication/annually/,downloaded,
transport_fuel_electricity,Transport fuel: Electricity,運輸燃料：電力,history,2017,1.4949,TWh,Taiwan (national),moeaea_energy_balance,"Energy Administration, energy balance 1982-2025 (toe units)","sheet 106, item 73 運輸部門, column 電力",https://ea01.moeaea.gov.tw/a0303/02/publication/annually/,downloaded,
transport_fuel_electricity,Transport fuel: Electricity,運輸燃料：電力,history,2018,1.5186,TWh,Taiwan (national),moeaea_energy_balance,"Energy Administration, energy balance 1982-2025 (toe units)","sheet 107, item 73 運輸部門, column 電力",https://ea01.moeaea.gov.tw/a0303/02/publication/annually/,downloaded,
transport_fuel_electricity,Transport fuel: Electricity,運輸燃料：電力,history,2019,1.5801,TWh,Taiwan (national),moeaea_energy_balance,"Energy Administration, energy balance 1982-2025 (toe units)","sheet 108, item 73 運輸部門, column 電力",https://ea01.moeaea.gov.tw/a0303/02/publication/annually/,downloaded,
transport_fuel_electricity,Transport fuel: Electricity,運輸燃料：電力,history,2020,1.5808,TWh,Taiwan (national),moeaea_energy_balance,"Energy Administration, energy balance 1982-2025 (toe units)","sheet 109, item 73 運輸部門, column 電力",https://ea01.moeaea.gov.tw/a0303/02/publication/annually/,downloaded,
transport_fuel_electricity,Transport fuel: Electricity,運輸燃料：電力,history,2021,1.5345,TWh,Taiwan (national),moeaea_energy_balance,"Energy Administration, energy balance 1982-2025 (toe units)","sheet 110, item 73 運輸部門, column 電力",https://ea01.moeaea.gov.tw/a0303/02/publication/annually/,downloaded,
transport_fuel_electricity,Transport fuel: Electricity,運輸燃料：電力,history,2022,1.6583,TWh,Taiwan (national),moeaea_energy_balance,"Energy Administration, energy balance 1982-2025 (toe units)","sheet 111, item 73 運輸部門, column 電力",https://ea01.moeaea.gov.tw/a0303/02/publication/annually/,downloaded,
transport_fuel_electricity,Transport fuel: Electricity,運輸燃料：電力,history,2023,1.8566,TWh,Taiwan (national),moeaea_energy_balance,"Energy Administration, energy balance 1982-2025 (toe units)","sheet 112, item 73 運輸部門, column 電力",https://ea01.moeaea.gov.tw/a0303/02/publication/annually/,downloaded,
transport_fuel_electricity,Transport fuel: Electricity,運輸燃料：電力,history,2024,1.9082,TWh,Taiwan (national),moeaea_energy_balance,"Energy Administration, energy balance 1982-2025 (toe units)","sheet 113, item 73 運輸部門, column 電力",https://ea01.moeaea.gov.tw/a0303/02/publication/annually/,downloaded,
transport_fuel_electricity,Transport fuel: Electricity,運輸燃料：電力,history,2025,2.0399,TWh,Taiwan (national),moeaea_energy_balance,"Energy Administration, energy balance 1982-2025 (toe units)","sheet 114, item 73 運輸部門, column 電力",https://ea01.moeaea.gov.tw/a0303/02/publication/annually/,downloaded,
transport_fuel_fuel_oil,Transport fuel: Fuel oil,運輸燃料：燃料油,history,2005,2.826,TWh,Taiwan (national),moeaea_energy_balance,"Energy Administration, energy balance 1982-2025 (toe units)","sheet 094, item 73 運輸部門, column 燃料油",https://ea01.moeaea.gov.tw/a0303/02/publication/annually/,downloaded,
transport_fuel_fuel_oil,Transport fuel: Fuel oil,運輸燃料：燃料油,history,2006,2.7096,TWh,Taiwan (national),moeaea_energy_balance,"Energy Administration, energy balance 1982-2025 (toe units)","sheet 095, item 73 運輸部門, column 燃料油",https://ea01.moeaea.gov.tw/a0303/02/publication/annually/,downloaded,
transport_fuel_fuel_oil,Transport fuel: Fuel oil,運輸燃料：燃料油,history,2007,2.2616,TWh,Taiwan (national),moeaea_energy_balance,"Energy Administration, energy balance 1982-2025 (toe units)","sheet 096, item 73 運輸部門, column 燃料油",https://ea01.moeaea.gov.tw/a0303/02/publication/annually/,downloaded,
transport_fuel_fuel_oil,Transport fuel: Fuel oil,運輸燃料：燃料油,history,2008,1.7924,TWh,Taiwan (national),moeaea_energy_balance,"Energy Administration, energy balance 1982-2025 (toe units)","sheet 097, item 73 運輸部門, column 燃料油",https://ea01.moeaea.gov.tw/a0303/02/publication/annually/,downloaded,
transport_fuel_fuel_oil,Transport fuel: Fuel oil,運輸燃料：燃料油,history,2009,1.8852,TWh,Taiwan (national),moeaea_energy_balance,"Energy Administration, energy balance 1982-2025 (toe units)","sheet 098, item 73 運輸部門, column 燃料油",https://ea01.moeaea.gov.tw/a0303/02/publication/annually/,downloaded,
transport_fuel_fuel_oil,Transport fuel: Fuel oil,運輸燃料：燃料油,history,2010,2.0635,TWh,Taiwan (national),moeaea_energy_balance,"Energy Administration, energy balance 1982-2025 (toe units)","sheet 099, item 73 運輸部門, column 燃料油",https://ea01.moeaea.gov.tw/a0303/02/publication/annually/,downloaded,
transport_fuel_fuel_oil,Transport fuel: Fuel oil,運輸燃料：燃料油,history,2011,1.8636,TWh,Taiwan (national),moeaea_energy_balance,"Energy Administration, energy balance 1982-2025 (toe units)","sheet 100, item 73 運輸部門, column 燃料油",https://ea01.moeaea.gov.tw/a0303/02/publication/annually/,downloaded,
transport_fuel_fuel_oil,Transport fuel: Fuel oil,運輸燃料：燃料油,history,2012,0.7126,TWh,Taiwan (national),moeaea_energy_balance,"Energy Administration, energy balance 1982-2025 (toe units)","sheet 101, item 73 運輸部門, column 燃料油",https://ea01.moeaea.gov.tw/a0303/02/publication/annually/,downloaded,
transport_fuel_fuel_oil,Transport fuel: Fuel oil,運輸燃料：燃料油,history,2013,0.7244,TWh,Taiwan (national),moeaea_energy_balance,"Energy Administration, energy balance 1982-2025 (toe units)","sheet 102, item 73 運輸部門, column 燃料油",https://ea01.moeaea.gov.tw/a0303/02/publication/annually/,downloaded,
transport_fuel_fuel_oil,Transport fuel: Fuel oil,運輸燃料：燃料油,history,2014,0.7527,TWh,Taiwan (national),moeaea_energy_balance,"Energy Administration, energy balance 1982-2025 (toe units)","sheet 103, item 73 運輸部門, column 燃料油",https://ea01.moeaea.gov.tw/a0303/02/publication/annually/,downloaded,
transport_fuel_fuel_oil,Transport fuel: Fuel oil,運輸燃料：燃料油,history,2015,0.682,TWh,Taiwan (national),moeaea_energy_balance,"Energy Administration, energy balance 1982-2025 (toe units)","sheet 104, item 73 運輸部門, column 燃料油",https://ea01.moeaea.gov.tw/a0303/02/publication/annually/,downloaded,
transport_fuel_fuel_oil,Transport fuel: Fuel oil,運輸燃料：燃料油,history,2016,1.0875,TWh,Taiwan (national),moeaea_energy_balance,"Energy Administration, energy balance 1982-2025 (toe units)","sheet 105, item 73 運輸部門, column 燃料油",https://ea01.moeaea.gov.tw/a0303/02/publication/annually/,downloaded,
transport_fuel_fuel_oil,Transport fuel: Fuel oil,運輸燃料：燃料油,history,2017,1.0393,TWh,Taiwan (national),moeaea_energy_balance,"Energy Administration, energy balance 1982-2025 (toe units)","sheet 106, item 73 運輸部門, column 燃料油",https://ea01.moeaea.gov.tw/a0303/02/publication/annually/,downloaded,
transport_fuel_fuel_oil,Transport fuel: Fuel oil,運輸燃料：燃料油,history,2018,0.4488,TWh,Taiwan (national),moeaea_energy_balance,"Energy Administration, energy balance 1982-2025 (toe units)","sheet 107, item 73 運輸部門, column 燃料油",https://ea01.moeaea.gov.tw/a0303/02/publication/annually/,downloaded,
transport_fuel_fuel_oil,Transport fuel: Fuel oil,運輸燃料：燃料油,history,2019,0.4208,TWh,Taiwan (national),moeaea_energy_balance,"Energy Administration, energy balance 1982-2025 (toe units)","sheet 108, item 73 運輸部門, column 燃料油",https://ea01.moeaea.gov.tw/a0303/02/publication/annually/,downloaded,
transport_fuel_fuel_oil,Transport fuel: Fuel oil,運輸燃料：燃料油,history,2020,0.4089,TWh,Taiwan (national),moeaea_energy_balance,"Energy Administration, energy balance 1982-2025 (toe units)","sheet 109, item 73 運輸部門, column 燃料油",https://ea01.moeaea.gov.tw/a0303/02/publication/annually/,downloaded,
transport_fuel_fuel_oil,Transport fuel: Fuel oil,運輸燃料：燃料油,history,2021,0.5668,TWh,Taiwan (national),moeaea_energy_balance,"Energy Administration, energy balance 1982-2025 (toe units)","sheet 110, item 73 運輸部門, column 燃料油",https://ea01.moeaea.gov.tw/a0303/02/publication/annually/,downloaded,
transport_fuel_fuel_oil,Transport fuel: Fuel oil,運輸燃料：燃料油,history,2022,0.569,TWh,Taiwan (national),moeaea_energy_balance,"Energy Administration, energy balance 1982-2025 (toe units)","sheet 111, item 73 運輸部門, column 燃料油",https://ea01.moeaea.gov.tw/a0303/02/publication/annually/,downloaded,
transport_fuel_fuel_oil,Transport fuel: Fuel oil,運輸燃料：燃料油,history,2023,0.4956,TWh,Taiwan (national),moeaea_energy_balance,"Energy Administration, energy balance 1982-2025 (toe units)","sheet 112, item 73 運輸部門, column 燃料油",https://ea01.moeaea.gov.tw/a0303/02/publication/annually/,downloaded,
transport_fuel_fuel_oil,Transport fuel: Fuel oil,運輸燃料：燃料油,history,2024,0.4712,TWh,Taiwan (national),moeaea_energy_balance,"Energy Administration, energy balance 1982-2025 (toe units)","sheet 113, item 73 運輸部門, column 燃料油",https://ea01.moeaea.gov.tw/a0303/02/publication/annually/,downloaded,
transport_fuel_fuel_oil,Transport fuel: Fuel oil,運輸燃料：燃料油,history,2025,0.4418,TWh,Taiwan (national),moeaea_energy_balance,"Energy Administration, energy balance 1982-2025 (toe units)","sheet 114, item 73 運輸部門, column 燃料油",https://ea01.moeaea.gov.tw/a0303/02/publication/annually/,downloaded,
transport_fuel_gasoline,Transport fuel: Gasoline,運輸燃料：車用汽油,history,2005,95.2661,TWh,Taiwan (national),moeaea_energy_balance,"Energy Administration, energy balance 1982-2025 (toe units)","sheet 094, item 73 運輸部門, column 車用汽油",https://ea01.moeaea.gov.tw/a0303/02/publication/annually/,downloaded,
transport_fuel_gasoline,Transport fuel: Gasoline,運輸燃料：車用汽油,history,2006,92.8921,TWh,Taiwan (national),moeaea_energy_balance,"Energy Administration, energy balance 1982-2025 (toe units)","sheet 095, item 73 運輸部門, column 車用汽油",https://ea01.moeaea.gov.tw/a0303/02/publication/annually/,downloaded,
transport_fuel_gasoline,Transport fuel: Gasoline,運輸燃料：車用汽油,history,2007,90.3146,TWh,Taiwan (national),moeaea_energy_balance,"Energy Administration, energy balance 1982-2025 (toe units)","sheet 096, item 73 運輸部門, column 車用汽油",https://ea01.moeaea.gov.tw/a0303/02/publication/annually/,downloaded,
transport_fuel_gasoline,Transport fuel: Gasoline,運輸燃料：車用汽油,history,2008,85.5948,TWh,Taiwan (national),moeaea_energy_balance,"Energy Administration, energy balance 1982-2025 (toe units)","sheet 097, item 73 運輸部門, column 車用汽油",https://ea01.moeaea.gov.tw/a0303/02/publication/annually/,downloaded,
transport_fuel_gasoline,Transport fuel: Gasoline,運輸燃料：車用汽油,history,2009,87.3416,TWh,Taiwan (national),moeaea_energy_balance,"Energy Administration, energy balance 1982-2025 (toe units)","sheet 098, item 73 運輸部門, column 車用汽油",https://ea01.moeaea.gov.tw/a0303/02/publication/annually/,downloaded,
transport_fuel_gasoline,Transport fuel: Gasoline,運輸燃料：車用汽油,history,2010,88.113,TWh,Taiwan (national),moeaea_energy_balance,"Energy Administration, energy balance 1982-2025 (toe units)","sheet 099, item 73 運輸部門, column 車用汽油",https://ea01.moeaea.gov.tw/a0303/02/publication/annually/,downloaded,
transport_fuel_gasoline,Transport fuel: Gasoline,運輸燃料：車用汽油,history,2011,89.154,TWh,Taiwan (national),moeaea_energy_balance,"Energy Administration, energy balance 1982-2025 (toe units)","sheet 100, item 73 運輸部門, column 車用汽油",https://ea01.moeaea.gov.tw/a0303/02/publication/annually/,downloaded,
transport_fuel_gasoline,Transport fuel: Gasoline,運輸燃料：車用汽油,history,2012,88.1497,TWh,Taiwan (national),moeaea_energy_balance,"Energy Administration, energy balance 1982-2025 (toe units)","sheet 101, item 73 運輸部門, column 車用汽油",https://ea01.moeaea.gov.tw/a0303/02/publication/annually/,downloaded,
transport_fuel_gasoline,Transport fuel: Gasoline,運輸燃料：車用汽油,history,2013,88.344,TWh,Taiwan (national),moeaea_energy_balance,"Energy Administration, energy balance 1982-2025 (toe units)","sheet 102, item 73 運輸部門, column 車用汽油",https://ea01.moeaea.gov.tw/a0303/02/publication/annually/,downloaded,
transport_fuel_gasoline,Transport fuel: Gasoline,運輸燃料：車用汽油,history,2014,89.0704,TWh,Taiwan (national),moeaea_energy_balance,"Energy Administration, energy balance 1982-2025 (toe units)","sheet 103, item 73 運輸部門, column 車用汽油",https://ea01.moeaea.gov.tw/a0303/02/publication/annually/,downloaded,
transport_fuel_gasoline,Transport fuel: Gasoline,運輸燃料：車用汽油,history,2015,91.5944,TWh,Taiwan (national),moeaea_energy_balance,"Energy Administration, energy balance 1982-2025 (toe units)","sheet 104, item 73 運輸部門, column 車用汽油",https://ea01.moeaea.gov.tw/a0303/02/publication/annually/,downloaded,
transport_fuel_gasoline,Transport fuel: Gasoline,運輸燃料：車用汽油,history,2016,94.6469,TWh,Taiwan (national),moeaea_energy_balance,"Energy Administration, energy balance 1982-2025 (toe units)","sheet 105, item 73 運輸部門, column 車用汽油",https://ea01.moeaea.gov.tw/a0303/02/publication/annually/,downloaded,
transport_fuel_gasoline,Transport fuel: Gasoline,運輸燃料：車用汽油,history,2017,92.7846,TWh,Taiwan (national),moeaea_energy_balance,"Energy Administration, energy balance 1982-2025 (toe units)","sheet 106, item 73 運輸部門, column 車用汽油",https://ea01.moeaea.gov.tw/a0303/02/publication/annually/,downloaded,
transport_fuel_gasoline,Transport fuel: Gasoline,運輸燃料：車用汽油,history,2018,90.2604,TWh,Taiwan (national),moeaea_energy_balance,"Energy Administration, energy balance 1982-2025 (toe units)","sheet 107, item 73 運輸部門, column 車用汽油",https://ea01.moeaea.gov.tw/a0303/02/publication/annually/,downloaded,
transport_fuel_gasoline,Transport fuel: Gasoline,運輸燃料：車用汽油,history,2019,90.4216,TWh,Taiwan (national),moeaea_energy_balance,"Energy Administration, energy balance 1982-2025 (toe units)","sheet 108, item 73 運輸部門, column 車用汽油",https://ea01.moeaea.gov.tw/a0303/02/publication/annually/,downloaded,
transport_fuel_gasoline,Transport fuel: Gasoline,運輸燃料：車用汽油,history,2020,91.6735,TWh,Taiwan (national),moeaea_energy_balance,"Energy Administration, energy balance 1982-2025 (toe units)","sheet 109, item 73 運輸部門, column 車用汽油",https://ea01.moeaea.gov.tw/a0303/02/publication/annually/,downloaded,
transport_fuel_gasoline,Transport fuel: Gasoline,運輸燃料：車用汽油,history,2021,84.5118,TWh,Taiwan (national),moeaea_energy_balance,"Energy Administration, energy balance 1982-2025 (toe units)","sheet 110, item 73 運輸部門, column 車用汽油",https://ea01.moeaea.gov.tw/a0303/02/publication/annually/,downloaded,
transport_fuel_gasoline,Transport fuel: Gasoline,運輸燃料：車用汽油,history,2022,87.0302,TWh,Taiwan (national),moeaea_energy_balance,"Energy Administration, energy balance 1982-2025 (toe units)","sheet 111, item 73 運輸部門, column 車用汽油",https://ea01.moeaea.gov.tw/a0303/02/publication/annually/,downloaded,
transport_fuel_gasoline,Transport fuel: Gasoline,運輸燃料：車用汽油,history,2023,87.5269,TWh,Taiwan (national),moeaea_energy_balance,"Energy Administration, energy balance 1982-2025 (toe units)","sheet 112, item 73 運輸部門, column 車用汽油",https://ea01.moeaea.gov.tw/a0303/02/publication/annually/,downloaded,
transport_fuel_gasoline,Transport fuel: Gasoline,運輸燃料：車用汽油,history,2024,82.544,TWh,Taiwan (national),moeaea_energy_balance,"Energy Administration, energy balance 1982-2025 (toe units)","sheet 113, item 73 運輸部門, column 車用汽油",https://ea01.moeaea.gov.tw/a0303/02/publication/annually/,downloaded,
transport_fuel_gasoline,Transport fuel: Gasoline,運輸燃料：車用汽油,history,2025,81.335,TWh,Taiwan (national),moeaea_energy_balance,"Energy Administration, energy balance 1982-2025 (toe units)","sheet 114, item 73 運輸部門, column 車用汽油",https://ea01.moeaea.gov.tw/a0303/02/publication/annually/,downloaded,
transport_fuel_jet,Transport fuel: Jet fuel,運輸燃料：航空燃油,history,2005,2.302,TWh,Taiwan (national),moeaea_energy_balance,"Energy Administration, energy balance 1982-2025 (toe units)","sheet 094, item 73 運輸部門, column 航空汽油 + 航空燃油-汽油型 + 航空燃油-煤油型",https://ea01.moeaea.gov.tw/a0303/02/publication/annually/,downloaded,
transport_fuel_jet,Transport fuel: Jet fuel,運輸燃料：航空燃油,history,2006,2.0065,TWh,Taiwan (national),moeaea_energy_balance,"Energy Administration, energy balance 1982-2025 (toe units)","sheet 095, item 73 運輸部門, column 航空汽油 + 航空燃油-汽油型 + 航空燃油-煤油型",https://ea01.moeaea.gov.tw/a0303/02/publication/annually/,downloaded,
transport_fuel_jet,Transport fuel: Jet fuel,運輸燃料：航空燃油,history,2007,1.5171,TWh,Taiwan (national),moeaea_energy_balance,"Energy Administration, energy balance 1982-2025 (toe units)","sheet 096, item 73 運輸部門, column 航空汽油 + 航空燃油-汽油型 + 航空燃油-煤油型",https://ea01.moeaea.gov.tw/a0303/02/publication/annually/,downloaded,
transport_fuel_jet,Transport fuel: Jet fuel,運輸燃料：航空燃油,history,2008,1.0065,TWh,Taiwan (national),moeaea_energy_balance,"Energy Administration, energy balance 1982-2025 (toe units)","sheet 097, item 73 運輸部門, column 航空汽油 + 航空燃油-汽油型 + 航空燃油-煤油型",https://ea01.moeaea.gov.tw/a0303/02/publication/annually/,downloaded,
transport_fuel_jet,Transport fuel: Jet fuel,運輸燃料：航空燃油,history,2009,0.8872,TWh,Taiwan (national),moeaea_energy_balance,"Energy Administration, energy balance 1982-2025 (toe units)","sheet 098, item 73 運輸部門, column 航空汽油 + 航空燃油-汽油型 + 航空燃油-煤油型",https://ea01.moeaea.gov.tw/a0303/02/publication/annually/,downloaded,
transport_fuel_jet,Transport fuel: Jet fuel,運輸燃料：航空燃油,history,2010,0.8969,TWh,Taiwan (national),moeaea_energy_balance,"Energy Administration, energy balance 1982-2025 (toe units)","sheet 099, item 73 運輸部門, column 航空汽油 + 航空燃油-汽油型 + 航空燃油-煤油型",https://ea01.moeaea.gov.tw/a0303/02/publication/annually/,downloaded,
transport_fuel_jet,Transport fuel: Jet fuel,運輸燃料：航空燃油,history,2011,1.0003,TWh,Taiwan (national),moeaea_energy_balance,"Energy Administration, energy balance 1982-2025 (toe units)","sheet 100, item 73 運輸部門, column 航空汽油 + 航空燃油-汽油型 + 航空燃油-煤油型",https://ea01.moeaea.gov.tw/a0303/02/publication/annually/,downloaded,
transport_fuel_jet,Transport fuel: Jet fuel,運輸燃料：航空燃油,history,2012,1.0059,TWh,Taiwan (national),moeaea_energy_balance,"Energy Administration, energy balance 1982-2025 (toe units)","sheet 101, item 73 運輸部門, column 航空汽油 + 航空燃油-汽油型 + 航空燃油-煤油型",https://ea01.moeaea.gov.tw/a0303/02/publication/annually/,downloaded,
transport_fuel_jet,Transport fuel: Jet fuel,運輸燃料：航空燃油,history,2013,0.9206,TWh,Taiwan (national),moeaea_energy_balance,"Energy Administration, energy balance 1982-2025 (toe units)","sheet 102, item 73 運輸部門, column 航空汽油 + 航空燃油-汽油型 + 航空燃油-煤油型",https://ea01.moeaea.gov.tw/a0303/02/publication/annually/,downloaded,
transport_fuel_jet,Transport fuel: Jet fuel,運輸燃料：航空燃油,history,2014,1.0351,TWh,Taiwan (national),moeaea_energy_balance,"Energy Administration, energy balance 1982-2025 (toe units)","sheet 103, item 73 運輸部門, column 航空汽油 + 航空燃油-汽油型 + 航空燃油-煤油型",https://ea01.moeaea.gov.tw/a0303/02/publication/annually/,downloaded,
transport_fuel_jet,Transport fuel: Jet fuel,運輸燃料：航空燃油,history,2015,1.0036,TWh,Taiwan (national),moeaea_energy_balance,"Energy Administration, energy balance 1982-2025 (toe units)","sheet 104, item 73 運輸部門, column 航空汽油 + 航空燃油-汽油型 + 航空燃油-煤油型",https://ea01.moeaea.gov.tw/a0303/02/publication/annually/,downloaded,
transport_fuel_jet,Transport fuel: Jet fuel,運輸燃料：航空燃油,history,2016,1.1148,TWh,Taiwan (national),moeaea_energy_balance,"Energy Administration, energy balance 1982-2025 (toe units)","sheet 105, item 73 運輸部門, column 航空汽油 + 航空燃油-汽油型 + 航空燃油-煤油型",https://ea01.moeaea.gov.tw/a0303/02/publication/annually/,downloaded,
transport_fuel_jet,Transport fuel: Jet fuel,運輸燃料：航空燃油,history,2017,1.1365,TWh,Taiwan (national),moeaea_energy_balance,"Energy Administration, energy balance 1982-2025 (toe units)","sheet 106, item 73 運輸部門, column 航空汽油 + 航空燃油-汽油型 + 航空燃油-煤油型",https://ea01.moeaea.gov.tw/a0303/02/publication/annually/,downloaded,
transport_fuel_jet,Transport fuel: Jet fuel,運輸燃料：航空燃油,history,2018,1.121,TWh,Taiwan (national),moeaea_energy_balance,"Energy Administration, energy balance 1982-2025 (toe units)","sheet 107, item 73 運輸部門, column 航空汽油 + 航空燃油-汽油型 + 航空燃油-煤油型",https://ea01.moeaea.gov.tw/a0303/02/publication/annually/,downloaded,
transport_fuel_jet,Transport fuel: Jet fuel,運輸燃料：航空燃油,history,2019,1.072,TWh,Taiwan (national),moeaea_energy_balance,"Energy Administration, energy balance 1982-2025 (toe units)","sheet 108, item 73 運輸部門, column 航空汽油 + 航空燃油-汽油型 + 航空燃油-煤油型",https://ea01.moeaea.gov.tw/a0303/02/publication/annually/,downloaded,
transport_fuel_jet,Transport fuel: Jet fuel,運輸燃料：航空燃油,history,2020,0.7937,TWh,Taiwan (national),moeaea_energy_balance,"Energy Administration, energy balance 1982-2025 (toe units)","sheet 109, item 73 運輸部門, column 航空汽油 + 航空燃油-汽油型 + 航空燃油-煤油型",https://ea01.moeaea.gov.tw/a0303/02/publication/annually/,downloaded,
transport_fuel_jet,Transport fuel: Jet fuel,運輸燃料：航空燃油,history,2021,0.5578,TWh,Taiwan (national),moeaea_energy_balance,"Energy Administration, energy balance 1982-2025 (toe units)","sheet 110, item 73 運輸部門, column 航空汽油 + 航空燃油-汽油型 + 航空燃油-煤油型",https://ea01.moeaea.gov.tw/a0303/02/publication/annually/,downloaded,
transport_fuel_jet,Transport fuel: Jet fuel,運輸燃料：航空燃油,history,2022,0.7994,TWh,Taiwan (national),moeaea_energy_balance,"Energy Administration, energy balance 1982-2025 (toe units)","sheet 111, item 73 運輸部門, column 航空汽油 + 航空燃油-汽油型 + 航空燃油-煤油型",https://ea01.moeaea.gov.tw/a0303/02/publication/annually/,downloaded,
transport_fuel_jet,Transport fuel: Jet fuel,運輸燃料：航空燃油,history,2023,0.8189,TWh,Taiwan (national),moeaea_energy_balance,"Energy Administration, energy balance 1982-2025 (toe units)","sheet 112, item 73 運輸部門, column 航空汽油 + 航空燃油-汽油型 + 航空燃油-煤油型",https://ea01.moeaea.gov.tw/a0303/02/publication/annually/,downloaded,
transport_fuel_jet,Transport fuel: Jet fuel,運輸燃料：航空燃油,history,2024,0.7682,TWh,Taiwan (national),moeaea_energy_balance,"Energy Administration, energy balance 1982-2025 (toe units)","sheet 113, item 73 運輸部門, column 航空汽油 + 航空燃油-汽油型 + 航空燃油-煤油型",https://ea01.moeaea.gov.tw/a0303/02/publication/annually/,downloaded,
transport_fuel_jet,Transport fuel: Jet fuel,運輸燃料：航空燃油,history,2025,0.7732,TWh,Taiwan (national),moeaea_energy_balance,"Energy Administration, energy balance 1982-2025 (toe units)","sheet 114, item 73 運輸部門, column 航空汽油 + 航空燃油-汽油型 + 航空燃油-煤油型",https://ea01.moeaea.gov.tw/a0303/02/publication/annually/,downloaded,
transport_fuel_other,"Transport fuel: Other (LPG, gas, biofuels)",運輸燃料：其他（液化石油氣、天然氣、生質燃料）,history,2005,0.4483,TWh,Taiwan (national),moeaea_energy_balance,"Energy Administration, energy balance 1982-2025 (toe units)","sheet 094, item 73 運輸部門, column 總計 minus the fuels above",https://ea01.moeaea.gov.tw/a0303/02/publication/annually/,downloaded,
transport_fuel_other,"Transport fuel: Other (LPG, gas, biofuels)",運輸燃料：其他（液化石油氣、天然氣、生質燃料）,history,2006,0.651,TWh,Taiwan (national),moeaea_energy_balance,"Energy Administration, energy balance 1982-2025 (toe units)","sheet 095, item 73 運輸部門, column 總計 minus the fuels above",https://ea01.moeaea.gov.tw/a0303/02/publication/annually/,downloaded,
transport_fuel_other,"Transport fuel: Other (LPG, gas, biofuels)",運輸燃料：其他（液化石油氣、天然氣、生質燃料）,history,2007,0.7178,TWh,Taiwan (national),moeaea_energy_balance,"Energy Administration, energy balance 1982-2025 (toe units)","sheet 096, item 73 運輸部門, column 總計 minus the fuels above",https://ea01.moeaea.gov.tw/a0303/02/publication/annually/,downloaded,
transport_fuel_other,"Transport fuel: Other (LPG, gas, biofuels)",運輸燃料：其他（液化石油氣、天然氣、生質燃料）,history,2008,0.9139,TWh,Taiwan (national),moeaea_energy_balance,"Energy Administration, energy balance 1982-2025 (toe units)","sheet 097, item 73 運輸部門, column 總計 minus the fuels above",https://ea01.moeaea.gov.tw/a0303/02/publication/annually/,downloaded,
transport_fuel_other,"Transport fuel: Other (LPG, gas, biofuels)",運輸燃料：其他（液化石油氣、天然氣、生質燃料）,history,2009,0.9944,TWh,Taiwan (national),moeaea_energy_balance,"Energy Administration, energy balance 1982-2025 (toe units)","sheet 098, item 73 運輸部門, column 總計 minus the fuels above",https://ea01.moeaea.gov.tw/a0303/02/publication/annually/,downloaded,
transport_fuel_other,"Transport fuel: Other (LPG, gas, biofuels)",運輸燃料：其他（液化石油氣、天然氣、生質燃料）,history,2010,1.0274,TWh,Taiwan (national),moeaea_energy_balance,"Energy Administration, energy balance 1982-2025 (toe units)","sheet 099, item 73 運輸部門, column 總計 minus the fuels above",https://ea01.moeaea.gov.tw/a0303/02/publication/annually/,downloaded,
transport_fuel_other,"Transport fuel: Other (LPG, gas, biofuels)",運輸燃料：其他（液化石油氣、天然氣、生質燃料）,history,2011,0.9911,TWh,Taiwan (national),moeaea_energy_balance,"Energy Administration, energy balance 1982-2025 (toe units)","sheet 100, item 73 運輸部門, column 總計 minus the fuels above",https://ea01.moeaea.gov.tw/a0303/02/publication/annually/,downloaded,
transport_fuel_other,"Transport fuel: Other (LPG, gas, biofuels)",運輸燃料：其他（液化石油氣、天然氣、生質燃料）,history,2012,0.9746,TWh,Taiwan (national),moeaea_energy_balance,"Energy Administration, energy balance 1982-2025 (toe units)","sheet 101, item 73 運輸部門, column 總計 minus the fuels above",https://ea01.moeaea.gov.tw/a0303/02/publication/annually/,downloaded,
transport_fuel_other,"Transport fuel: Other (LPG, gas, biofuels)",運輸燃料：其他（液化石油氣、天然氣、生質燃料）,history,2013,0.9461,TWh,Taiwan (national),moeaea_energy_balance,"Energy Administration, energy balance 1982-2025 (toe units)","sheet 102, item 73 運輸部門, column 總計 minus the fuels above",https://ea01.moeaea.gov.tw/a0303/02/publication/annually/,downloaded,
transport_fuel_other,"Transport fuel: Other (LPG, gas, biofuels)",運輸燃料：其他（液化石油氣、天然氣、生質燃料）,history,2014,0.8259,TWh,Taiwan (national),moeaea_energy_balance,"Energy Administration, energy balance 1982-2025 (toe units)","sheet 103, item 73 運輸部門, column 總計 minus the fuels above",https://ea01.moeaea.gov.tw/a0303/02/publication/annually/,downloaded,
transport_fuel_other,"Transport fuel: Other (LPG, gas, biofuels)",運輸燃料：其他（液化石油氣、天然氣、生質燃料）,history,2015,0.6032,TWh,Taiwan (national),moeaea_energy_balance,"Energy Administration, energy balance 1982-2025 (toe units)","sheet 104, item 73 運輸部門, column 總計 minus the fuels above",https://ea01.moeaea.gov.tw/a0303/02/publication/annually/,downloaded,
transport_fuel_other,"Transport fuel: Other (LPG, gas, biofuels)",運輸燃料：其他（液化石油氣、天然氣、生質燃料）,history,2016,0.4589,TWh,Taiwan (national),moeaea_energy_balance,"Energy Administration, energy balance 1982-2025 (toe units)","sheet 105, item 73 運輸部門, column 總計 minus the fuels above",https://ea01.moeaea.gov.tw/a0303/02/publication/annually/,downloaded,
transport_fuel_other,"Transport fuel: Other (LPG, gas, biofuels)",運輸燃料：其他（液化石油氣、天然氣、生質燃料）,history,2017,0.4154,TWh,Taiwan (national),moeaea_energy_balance,"Energy Administration, energy balance 1982-2025 (toe units)","sheet 106, item 73 運輸部門, column 總計 minus the fuels above",https://ea01.moeaea.gov.tw/a0303/02/publication/annually/,downloaded,
transport_fuel_other,"Transport fuel: Other (LPG, gas, biofuels)",運輸燃料：其他（液化石油氣、天然氣、生質燃料）,history,2018,0.3357,TWh,Taiwan (national),moeaea_energy_balance,"Energy Administration, energy balance 1982-2025 (toe units)","sheet 107, item 73 運輸部門, column 總計 minus the fuels above",https://ea01.moeaea.gov.tw/a0303/02/publication/annually/,downloaded,
transport_fuel_other,"Transport fuel: Other (LPG, gas, biofuels)",運輸燃料：其他（液化石油氣、天然氣、生質燃料）,history,2019,0.2708,TWh,Taiwan (national),moeaea_energy_balance,"Energy Administration, energy balance 1982-2025 (toe units)","sheet 108, item 73 運輸部門, column 總計 minus the fuels above",https://ea01.moeaea.gov.tw/a0303/02/publication/annually/,downloaded,
transport_fuel_other,"Transport fuel: Other (LPG, gas, biofuels)",運輸燃料：其他（液化石油氣、天然氣、生質燃料）,history,2020,0.1576,TWh,Taiwan (national),moeaea_energy_balance,"Energy Administration, energy balance 1982-2025 (toe units)","sheet 109, item 73 運輸部門, column 總計 minus the fuels above",https://ea01.moeaea.gov.tw/a0303/02/publication/annually/,downloaded,
transport_fuel_other,"Transport fuel: Other (LPG, gas, biofuels)",運輸燃料：其他（液化石油氣、天然氣、生質燃料）,history,2021,0.1139,TWh,Taiwan (national),moeaea_energy_balance,"Energy Administration, energy balance 1982-2025 (toe units)","sheet 110, item 73 運輸部門, column 總計 minus the fuels above",https://ea01.moeaea.gov.tw/a0303/02/publication/annually/,downloaded,
transport_fuel_other,"Transport fuel: Other (LPG, gas, biofuels)",運輸燃料：其他（液化石油氣、天然氣、生質燃料）,history,2022,0.1109,TWh,Taiwan (national),moeaea_energy_balance,"Energy Administration, energy balance 1982-2025 (toe units)","sheet 111, item 73 運輸部門, column 總計 minus the fuels above",https://ea01.moeaea.gov.tw/a0303/02/publication/annually/,downloaded,
transport_fuel_other,"Transport fuel: Other (LPG, gas, biofuels)",運輸燃料：其他（液化石油氣、天然氣、生質燃料）,history,2023,0.0985,TWh,Taiwan (national),moeaea_energy_balance,"Energy Administration, energy balance 1982-2025 (toe units)","sheet 112, item 73 運輸部門, column 總計 minus the fuels above",https://ea01.moeaea.gov.tw/a0303/02/publication/annually/,downloaded,
transport_fuel_other,"Transport fuel: Other (LPG, gas, biofuels)",運輸燃料：其他（液化石油氣、天然氣、生質燃料）,history,2024,0.0668,TWh,Taiwan (national),moeaea_energy_balance,"Energy Administration, energy balance 1982-2025 (toe units)","sheet 113, item 73 運輸部門, column 總計 minus the fuels above",https://ea01.moeaea.gov.tw/a0303/02/publication/annually/,downloaded,
transport_fuel_other,"Transport fuel: Other (LPG, gas, biofuels)",運輸燃料：其他（液化石油氣、天然氣、生質燃料）,history,2025,0.0503,TWh,Taiwan (national),moeaea_energy_balance,"Energy Administration, energy balance 1982-2025 (toe units)","sheet 114, item 73 運輸部門, column 總計 minus the fuels above",https://ea01.moeaea.gov.tw/a0303/02/publication/annually/,downloaded,
transport_mode_domestic_air,Transport: Domestic aviation,運輸：國內航空,history,2005,2.302,TWh,Taiwan (national),moeaea_energy_balance,"Energy Administration, energy balance 1982-2025 (toe units)","sheet 094, item 74 國內航空, column 總計",https://ea01.moeaea.gov.tw/a0303/02/publication/annually/,downloaded,
transport_mode_domestic_air,Transport: Domestic aviation,運輸：國內航空,history,2006,2.0065,TWh,Taiwan (national),moeaea_energy_balance,"Energy Administration, energy balance 1982-2025 (toe units)","sheet 095, item 74 國內航空, column 總計",https://ea01.moeaea.gov.tw/a0303/02/publication/annually/,downloaded,
transport_mode_domestic_air,Transport: Domestic aviation,運輸：國內航空,history,2007,1.5171,TWh,Taiwan (national),moeaea_energy_balance,"Energy Administration, energy balance 1982-2025 (toe units)","sheet 096, item 74 國內航空, column 總計",https://ea01.moeaea.gov.tw/a0303/02/publication/annually/,downloaded,
transport_mode_domestic_air,Transport: Domestic aviation,運輸：國內航空,history,2008,1.0065,TWh,Taiwan (national),moeaea_energy_balance,"Energy Administration, energy balance 1982-2025 (toe units)","sheet 097, item 74 國內航空, column 總計",https://ea01.moeaea.gov.tw/a0303/02/publication/annually/,downloaded,
transport_mode_domestic_air,Transport: Domestic aviation,運輸：國內航空,history,2009,0.8872,TWh,Taiwan (national),moeaea_energy_balance,"Energy Administration, energy balance 1982-2025 (toe units)","sheet 098, item 74 國內航空, column 總計",https://ea01.moeaea.gov.tw/a0303/02/publication/annually/,downloaded,
transport_mode_domestic_air,Transport: Domestic aviation,運輸：國內航空,history,2010,0.8969,TWh,Taiwan (national),moeaea_energy_balance,"Energy Administration, energy balance 1982-2025 (toe units)","sheet 099, item 74 國內航空, column 總計",https://ea01.moeaea.gov.tw/a0303/02/publication/annually/,downloaded,
transport_mode_domestic_air,Transport: Domestic aviation,運輸：國內航空,history,2011,1.0003,TWh,Taiwan (national),moeaea_energy_balance,"Energy Administration, energy balance 1982-2025 (toe units)","sheet 100, item 74 國內航空, column 總計",https://ea01.moeaea.gov.tw/a0303/02/publication/annually/,downloaded,
transport_mode_domestic_air,Transport: Domestic aviation,運輸：國內航空,history,2012,1.0059,TWh,Taiwan (national),moeaea_energy_balance,"Energy Administration, energy balance 1982-2025 (toe units)","sheet 101, item 74 國內航空, column 總計",https://ea01.moeaea.gov.tw/a0303/02/publication/annually/,downloaded,
transport_mode_domestic_air,Transport: Domestic aviation,運輸：國內航空,history,2013,0.9206,TWh,Taiwan (national),moeaea_energy_balance,"Energy Administration, energy balance 1982-2025 (toe units)","sheet 102, item 74 國內航空, column 總計",https://ea01.moeaea.gov.tw/a0303/02/publication/annually/,downloaded,
transport_mode_domestic_air,Transport: Domestic aviation,運輸：國內航空,history,2014,1.0351,TWh,Taiwan (national),moeaea_energy_balance,"Energy Administration, energy balance 1982-2025 (toe units)","sheet 103, item 74 國內航空, column 總計",https://ea01.moeaea.gov.tw/a0303/02/publication/annually/,downloaded,
transport_mode_domestic_air,Transport: Domestic aviation,運輸：國內航空,history,2015,1.0036,TWh,Taiwan (national),moeaea_energy_balance,"Energy Administration, energy balance 1982-2025 (toe units)","sheet 104, item 74 國內航空, column 總計",https://ea01.moeaea.gov.tw/a0303/02/publication/annually/,downloaded,
transport_mode_domestic_air,Transport: Domestic aviation,運輸：國內航空,history,2016,1.1148,TWh,Taiwan (national),moeaea_energy_balance,"Energy Administration, energy balance 1982-2025 (toe units)","sheet 105, item 74 國內航空, column 總計",https://ea01.moeaea.gov.tw/a0303/02/publication/annually/,downloaded,
transport_mode_domestic_air,Transport: Domestic aviation,運輸：國內航空,history,2017,1.1365,TWh,Taiwan (national),moeaea_energy_balance,"Energy Administration, energy balance 1982-2025 (toe units)","sheet 106, item 74 國內航空, column 總計",https://ea01.moeaea.gov.tw/a0303/02/publication/annually/,downloaded,
transport_mode_domestic_air,Transport: Domestic aviation,運輸：國內航空,history,2018,1.121,TWh,Taiwan (national),moeaea_energy_balance,"Energy Administration, energy balance 1982-2025 (toe units)","sheet 107, item 74 國內航空, column 總計",https://ea01.moeaea.gov.tw/a0303/02/publication/annually/,downloaded,
transport_mode_domestic_air,Transport: Domestic aviation,運輸：國內航空,history,2019,1.072,TWh,Taiwan (national),moeaea_energy_balance,"Energy Administration, energy balance 1982-2025 (toe units)","sheet 108, item 74 國內航空, column 總計",https://ea01.moeaea.gov.tw/a0303/02/publication/annually/,downloaded,
transport_mode_domestic_air,Transport: Domestic aviation,運輸：國內航空,history,2020,0.7937,TWh,Taiwan (national),moeaea_energy_balance,"Energy Administration, energy balance 1982-2025 (toe units)","sheet 109, item 74 國內航空, column 總計",https://ea01.moeaea.gov.tw/a0303/02/publication/annually/,downloaded,
transport_mode_domestic_air,Transport: Domestic aviation,運輸：國內航空,history,2021,0.5578,TWh,Taiwan (national),moeaea_energy_balance,"Energy Administration, energy balance 1982-2025 (toe units)","sheet 110, item 74 國內航空, column 總計",https://ea01.moeaea.gov.tw/a0303/02/publication/annually/,downloaded,
transport_mode_domestic_air,Transport: Domestic aviation,運輸：國內航空,history,2022,0.7994,TWh,Taiwan (national),moeaea_energy_balance,"Energy Administration, energy balance 1982-2025 (toe units)","sheet 111, item 74 國內航空, column 總計",https://ea01.moeaea.gov.tw/a0303/02/publication/annually/,downloaded,
transport_mode_domestic_air,Transport: Domestic aviation,運輸：國內航空,history,2023,0.8189,TWh,Taiwan (national),moeaea_energy_balance,"Energy Administration, energy balance 1982-2025 (toe units)","sheet 112, item 74 國內航空, column 總計",https://ea01.moeaea.gov.tw/a0303/02/publication/annually/,downloaded,
transport_mode_domestic_air,Transport: Domestic aviation,運輸：國內航空,history,2024,0.7682,TWh,Taiwan (national),moeaea_energy_balance,"Energy Administration, energy balance 1982-2025 (toe units)","sheet 113, item 74 國內航空, column 總計",https://ea01.moeaea.gov.tw/a0303/02/publication/annually/,downloaded,
transport_mode_domestic_air,Transport: Domestic aviation,運輸：國內航空,history,2025,0.7732,TWh,Taiwan (national),moeaea_energy_balance,"Energy Administration, energy balance 1982-2025 (toe units)","sheet 114, item 74 國內航空, column 總計",https://ea01.moeaea.gov.tw/a0303/02/publication/annually/,downloaded,
transport_mode_domestic_water,Transport: Domestic shipping,運輸：國內水運,history,2005,4.129,TWh,Taiwan (national),moeaea_energy_balance,"Energy Administration, energy balance 1982-2025 (toe units)","sheet 094, item 78 國內水運, column 總計",https://ea01.moeaea.gov.tw/a0303/02/publication/annually/,downloaded,
transport_mode_domestic_water,Transport: Domestic shipping,運輸：國內水運,history,2006,3.8859,TWh,Taiwan (national),moeaea_energy_balance,"Energy Administration, energy balance 1982-2025 (toe units)","sheet 095, item 78 國內水運, column 總計",https://ea01.moeaea.gov.tw/a0303/02/publication/annually/,downloaded,
transport_mode_domestic_water,Transport: Domestic shipping,運輸：國內水運,history,2007,3.5034,TWh,Taiwan (national),moeaea_energy_balance,"Energy Administration, energy balance 1982-2025 (toe units)","sheet 096, item 78 國內水運, column 總計",https://ea01.moeaea.gov.tw/a0303/02/publication/annually/,downloaded,
transport_mode_domestic_water,Transport: Domestic shipping,運輸：國內水運,history,2008,2.8385,TWh,Taiwan (national),moeaea_energy_balance,"Energy Administration, energy balance 1982-2025 (toe units)","sheet 097, item 78 國內水運, column 總計",https://ea01.moeaea.gov.tw/a0303/02/publication/annually/,downloaded,
transport_mode_domestic_water,Transport: Domestic shipping,運輸：國內水運,history,2009,2.8826,TWh,Taiwan (national),moeaea_energy_balance,"Energy Administration, energy balance 1982-2025 (toe units)","sheet 098, item 78 國內水運, column 總計",https://ea01.moeaea.gov.tw/a0303/02/publication/annually/,downloaded,
transport_mode_domestic_water,Transport: Domestic shipping,運輸：國內水運,history,2010,3.155,TWh,Taiwan (national),moeaea_energy_balance,"Energy Administration, energy balance 1982-2025 (toe units)","sheet 099, item 78 國內水運, column 總計",https://ea01.moeaea.gov.tw/a0303/02/publication/annually/,downloaded,
transport_mode_domestic_water,Transport: Domestic shipping,運輸：國內水運,history,2011,2.94,TWh,Taiwan (national),moeaea_energy_balance,"Energy Administration, energy balance 1982-2025 (toe units)","sheet 100, item 78 國內水運, column 總計",https://ea01.moeaea.gov.tw/a0303/02/publication/annually/,downloaded,
transport_mode_domestic_water,Transport: Domestic shipping,運輸：國內水運,history,2012,1.7931,TWh,Taiwan (national),moeaea_energy_balance,"Energy Administration, energy balance 1982-2025 (toe units)","sheet 101, item 78 國內水運, column 總計",https://ea01.moeaea.gov.tw/a0303/02/publication/annually/,downloaded,
transport_mode_domestic_water,Transport: Domestic shipping,運輸：國內水運,history,2013,1.7376,TWh,Taiwan (national),moeaea_energy_balance,"Energy Administration, energy balance 1982-2025 (toe units)","sheet 102, item 78 國內水運, column 總計",https://ea01.moeaea.gov.tw/a0303/02/publication/annually/,downloaded,
transport_mode_domestic_water,Transport: Domestic shipping,運輸：國內水運,history,2014,1.6915,TWh,Taiwan (national),moeaea_energy_balance,"Energy Administration, energy balance 1982-2025 (toe units)","sheet 103, item 78 國內水運, column 總計",https://ea01.moeaea.gov.tw/a0303/02/publication/annually/,downloaded,
transport_mode_domestic_water,Transport: Domestic shipping,運輸：國內水運,history,2015,1.4935,TWh,Taiwan (national),moeaea_energy_balance,"Energy Administration, energy balance 1982-2025 (toe units)","sheet 104, item 78 國內水運, column 總計",https://ea01.moeaea.gov.tw/a0303/02/publication/annually/,downloaded,
transport_mode_domestic_water,Transport: Domestic shipping,運輸：國內水運,history,2016,1.8856,TWh,Taiwan (national),moeaea_energy_balance,"Energy Administration, energy balance 1982-2025 (toe units)","sheet 105, item 78 國內水運, column 總計",https://ea01.moeaea.gov.tw/a0303/02/publication/annually/,downloaded,
transport_mode_domestic_water,Transport: Domestic shipping,運輸：國內水運,history,2017,2.0152,TWh,Taiwan (national),moeaea_energy_balance,"Energy Administration, energy balance 1982-2025 (toe units)","sheet 106, item 78 國內水運, column 總計",https://ea01.moeaea.gov.tw/a0303/02/publication/annually/,downloaded,
transport_mode_domestic_water,Transport: Domestic shipping,運輸：國內水運,history,2018,0.5893,TWh,Taiwan (national),moeaea_energy_balance,"Energy Administration, energy balance 1982-2025 (toe units)","sheet 107, item 78 國內水運, column 總計",https://ea01.moeaea.gov.tw/a0303/02/publication/annually/,downloaded,
transport_mode_domestic_water,Transport: Domestic shipping,運輸：國內水運,history,2019,0.6291,TWh,Taiwan (national),moeaea_energy_balance,"Energy Administration, energy balance 1982-2025 (toe units)","sheet 108, item 78 國內水運, column 總計",https://ea01.moeaea.gov.tw/a0303/02/publication/annually/,downloaded,
transport_mode_domestic_water,Transport: Domestic shipping,運輸：國內水運,history,2020,0.6762,TWh,Taiwan (national),moeaea_energy_balance,"Energy Administration, energy balance 1982-2025 (toe units)","sheet 109, item 78 國內水運, column 總計",https://ea01.moeaea.gov.tw/a0303/02/publication/annually/,downloaded,
transport_mode_domestic_water,Transport: Domestic shipping,運輸：國內水運,history,2021,1.1204,TWh,Taiwan (national),moeaea_energy_balance,"Energy Administration, energy balance 1982-2025 (toe units)","sheet 110, item 78 國內水運, column 總計",https://ea01.moeaea.gov.tw/a0303/02/publication/annually/,downloaded,
transport_mode_domestic_water,Transport: Domestic shipping,運輸：國內水運,history,2022,1.2335,TWh,Taiwan (national),moeaea_energy_balance,"Energy Administration, energy balance 1982-2025 (toe units)","sheet 111, item 78 國內水運, column 總計",https://ea01.moeaea.gov.tw/a0303/02/publication/annually/,downloaded,
transport_mode_domestic_water,Transport: Domestic shipping,運輸：國內水運,history,2023,0.9936,TWh,Taiwan (national),moeaea_energy_balance,"Energy Administration, energy balance 1982-2025 (toe units)","sheet 112, item 78 國內水運, column 總計",https://ea01.moeaea.gov.tw/a0303/02/publication/annually/,downloaded,
transport_mode_domestic_water,Transport: Domestic shipping,運輸：國內水運,history,2024,0.9543,TWh,Taiwan (national),moeaea_energy_balance,"Energy Administration, energy balance 1982-2025 (toe units)","sheet 113, item 78 國內水運, column 總計",https://ea01.moeaea.gov.tw/a0303/02/publication/annually/,downloaded,
transport_mode_domestic_water,Transport: Domestic shipping,運輸：國內水運,history,2025,0.7556,TWh,Taiwan (national),moeaea_energy_balance,"Energy Administration, energy balance 1982-2025 (toe units)","sheet 114, item 78 國內水運, column 總計",https://ea01.moeaea.gov.tw/a0303/02/publication/annually/,downloaded,
transport_mode_pipeline,Transport: Pipelines,運輸：管線運輸,history,2005,0.041,TWh,Taiwan (national),moeaea_energy_balance,"Energy Administration, energy balance 1982-2025 (toe units)","sheet 094, item 77 管線運輸, column 總計",https://ea01.moeaea.gov.tw/a0303/02/publication/annually/,downloaded,
transport_mode_pipeline,Transport: Pipelines,運輸：管線運輸,history,2006,0.0416,TWh,Taiwan (national),moeaea_energy_balance,"Energy Administration, energy balance 1982-2025 (toe units)","sheet 095, item 77 管線運輸, column 總計",https://ea01.moeaea.gov.tw/a0303/02/publication/annually/,downloaded,
transport_mode_pipeline,Transport: Pipelines,運輸：管線運輸,history,2007,0.0426,TWh,Taiwan (national),moeaea_energy_balance,"Energy Administration, energy balance 1982-2025 (toe units)","sheet 096, item 77 管線運輸, column 總計",https://ea01.moeaea.gov.tw/a0303/02/publication/annually/,downloaded,
transport_mode_pipeline,Transport: Pipelines,運輸：管線運輸,history,2008,0.04,TWh,Taiwan (national),moeaea_energy_balance,"Energy Administration, energy balance 1982-2025 (toe units)","sheet 097, item 77 管線運輸, column 總計",https://ea01.moeaea.gov.tw/a0303/02/publication/annually/,downloaded,
transport_mode_pipeline,Transport: Pipelines,運輸：管線運輸,history,2009,0.0415,TWh,Taiwan (national),moeaea_energy_balance,"Energy Administration, energy balance 1982-2025 (toe units)","sheet 098, item 77 管線運輸, column 總計",https://ea01.moeaea.gov.tw/a0303/02/publication/annually/,downloaded,
transport_mode_pipeline,Transport: Pipelines,運輸：管線運輸,history,2010,0.0437,TWh,Taiwan (national),moeaea_energy_balance,"Energy Administration, energy balance 1982-2025 (toe units)","sheet 099, item 77 管線運輸, column 總計",https://ea01.moeaea.gov.tw/a0303/02/publication/annually/,downloaded,
transport_mode_pipeline,Transport: Pipelines,運輸：管線運輸,history,2011,0.0405,TWh,Taiwan (national),moeaea_energy_balance,"Energy Administration, energy balance 1982-2025 (toe units)","sheet 100, item 77 管線運輸, column 總計",https://ea01.moeaea.gov.tw/a0303/02/publication/annually/,downloaded,
transport_mode_pipeline,Transport: Pipelines,運輸：管線運輸,history,2012,0.0407,TWh,Taiwan (national),moeaea_energy_balance,"Energy Administration, energy balance 1982-2025 (toe units)","sheet 101, item 77 管線運輸, column 總計",https://ea01.moeaea.gov.tw/a0303/02/publication/annually/,downloaded,
transport_mode_pipeline,Transport: Pipelines,運輸：管線運輸,history,2013,0.035,TWh,Taiwan (national),moeaea_energy_balance,"Energy Administration, energy balance 1982-2025 (toe units)","sheet 102, item 77 管線運輸, column 總計",https://ea01.moeaea.gov.tw/a0303/02/publication/annually/,downloaded,
transport_mode_pipeline,Transport: Pipelines,運輸：管線運輸,history,2014,0.04,TWh,Taiwan (national),moeaea_energy_balance,"Energy Administration, energy balance 1982-2025 (toe units)","sheet 103, item 77 管線運輸, column 總計",https://ea01.moeaea.gov.tw/a0303/02/publication/annually/,downloaded,
transport_mode_pipeline,Transport: Pipelines,運輸：管線運輸,history,2015,0.0442,TWh,Taiwan (national),moeaea_energy_balance,"Energy Administration, energy balance 1982-2025 (toe units)","sheet 104, item 77 管線運輸, column 總計",https://ea01.moeaea.gov.tw/a0303/02/publication/annually/,downloaded,
transport_mode_pipeline,Transport: Pipelines,運輸：管線運輸,history,2016,0.0388,TWh,Taiwan (national),moeaea_energy_balance,"Energy Administration, energy balance 1982-2025 (toe units)","sheet 105, item 77 管線運輸, column 總計",https://ea01.moeaea.gov.tw/a0303/02/publication/annually/,downloaded,
transport_mode_pipeline,Transport: Pipelines,運輸：管線運輸,history,2017,0.0378,TWh,Taiwan (national),moeaea_energy_balance,"Energy Administration, energy balance 1982-2025 (toe units)","sheet 106, item 77 管線運輸, column 總計",https://ea01.moeaea.gov.tw/a0303/02/publication/annually/,downloaded,
transport_mode_pipeline,Transport: Pipelines,運輸：管線運輸,history,2018,0.0376,TWh,Taiwan (national),moeaea_energy_balance,"Energy Administration, energy balance 1982-2025 (toe units)","sheet 107, item 77 管線運輸, column 總計",https://ea01.moeaea.gov.tw/a0303/02/publication/annually/,downloaded,
transport_mode_pipeline,Transport: Pipelines,運輸：管線運輸,history,2019,0.0371,TWh,Taiwan (national),moeaea_energy_balance,"Energy Administration, energy balance 1982-2025 (toe units)","sheet 108, item 77 管線運輸, column 總計",https://ea01.moeaea.gov.tw/a0303/02/publication/annually/,downloaded,
transport_mode_pipeline,Transport: Pipelines,運輸：管線運輸,history,2020,0.0309,TWh,Taiwan (national),moeaea_energy_balance,"Energy Administration, energy balance 1982-2025 (toe units)","sheet 109, item 77 管線運輸, column 總計",https://ea01.moeaea.gov.tw/a0303/02/publication/annually/,downloaded,
transport_mode_pipeline,Transport: Pipelines,運輸：管線運輸,history,2021,0.0294,TWh,Taiwan (national),moeaea_energy_balance,"Energy Administration, energy balance 1982-2025 (toe units)","sheet 110, item 77 管線運輸, column 總計",https://ea01.moeaea.gov.tw/a0303/02/publication/annually/,downloaded,
transport_mode_pipeline,Transport: Pipelines,運輸：管線運輸,history,2022,0.0259,TWh,Taiwan (national),moeaea_energy_balance,"Energy Administration, energy balance 1982-2025 (toe units)","sheet 111, item 77 管線運輸, column 總計",https://ea01.moeaea.gov.tw/a0303/02/publication/annually/,downloaded,
transport_mode_pipeline,Transport: Pipelines,運輸：管線運輸,history,2023,0.0273,TWh,Taiwan (national),moeaea_energy_balance,"Energy Administration, energy balance 1982-2025 (toe units)","sheet 112, item 77 管線運輸, column 總計",https://ea01.moeaea.gov.tw/a0303/02/publication/annually/,downloaded,
transport_mode_pipeline,Transport: Pipelines,運輸：管線運輸,history,2024,0.0288,TWh,Taiwan (national),moeaea_energy_balance,"Energy Administration, energy balance 1982-2025 (toe units)","sheet 113, item 77 管線運輸, column 總計",https://ea01.moeaea.gov.tw/a0303/02/publication/annually/,downloaded,
transport_mode_pipeline,Transport: Pipelines,運輸：管線運輸,history,2025,0.0287,TWh,Taiwan (national),moeaea_energy_balance,"Energy Administration, energy balance 1982-2025 (toe units)","sheet 114, item 77 管線運輸, column 總計",https://ea01.moeaea.gov.tw/a0303/02/publication/annually/,downloaded,
transport_mode_rail,Transport: Rail,運輸：鐵路,history,2005,0.882,TWh,Taiwan (national),moeaea_energy_balance,"Energy Administration, energy balance 1982-2025 (toe units)","sheet 094, item 76 鐵路, column 總計",https://ea01.moeaea.gov.tw/a0303/02/publication/annually/,downloaded,
transport_mode_rail,Transport: Rail,運輸：鐵路,history,2006,0.9053,TWh,Taiwan (national),moeaea_energy_balance,"Energy Administration, energy balance 1982-2025 (toe units)","sheet 095, item 76 鐵路, column 總計",https://ea01.moeaea.gov.tw/a0303/02/publication/annually/,downloaded,
transport_mode_rail,Transport: Rail,運輸：鐵路,history,2007,1.1725,TWh,Taiwan (national),moeaea_energy_balance,"Energy Administration, energy balance 1982-2025 (toe units)","sheet 096, item 76 鐵路, column 總計",https://ea01.moeaea.gov.tw/a0303/02/publication/annually/,downloaded,
transport_mode_rail,Transport: Rail,運輸：鐵路,history,2008,1.4398,TWh,Taiwan (national),moeaea_energy_balance,"Energy Administration, energy balance 1982-2025 (toe units)","sheet 097, item 76 鐵路, column 總計",https://ea01.moeaea.gov.tw/a0303/02/publication/annually/,downloaded,
transport_mode_rail,Transport: Rail,運輸：鐵路,history,2009,1.3871,TWh,Taiwan (national),moeaea_energy_balance,"Energy Administration, energy balance 1982-2025 (toe units)","sheet 098, item 76 鐵路, column 總計",https://ea01.moeaea.gov.tw/a0303/02/publication/annually/,downloaded,
transport_mode_rail,Transport: Rail,運輸：鐵路,history,2010,1.462,TWh,Taiwan (national),moeaea_energy_balance,"Energy Administration, energy balance 1982-2025 (toe units)","sheet 099, item 76 鐵路, column 總計",https://ea01.moeaea.gov.tw/a0303/02/publication/annually/,downloaded,
transport_mode_rail,Transport: Rail,運輸：鐵路,history,2011,1.5188,TWh,Taiwan (national),moeaea_energy_balance,"Energy Administration, energy balance 1982-2025 (toe units)","sheet 100, item 76 鐵路, column 總計",https://ea01.moeaea.gov.tw/a0303/02/publication/annually/,downloaded,
transport_mode_rail,Transport: Rail,運輸：鐵路,history,2012,1.5429,TWh,Taiwan (national),moeaea_energy_balance,"Energy Administration, energy balance 1982-2025 (toe units)","sheet 101, item 76 鐵路, column 總計",https://ea01.moeaea.gov.tw/a0303/02/publication/annually/,downloaded,
transport_mode_rail,Transport: Rail,運輸：鐵路,history,2013,1.5939,TWh,Taiwan (national),moeaea_energy_balance,"Energy Administration, energy balance 1982-2025 (toe units)","sheet 102, item 76 鐵路, column 總計",https://ea01.moeaea.gov.tw/a0303/02/publication/annually/,downloaded,
transport_mode_rail,Transport: Rail,運輸：鐵路,history,2014,1.6117,TWh,Taiwan (national),moeaea_energy_balance,"Energy Administration, energy balance 1982-2025 (toe units)","sheet 103, item 76 鐵路, column 總計",https://ea01.moeaea.gov.tw/a0303/02/publication/annually/,downloaded,
transport_mode_rail,Transport: Rail,運輸：鐵路,history,2015,1.6078,TWh,Taiwan (national),moeaea_energy_balance,"Energy Administration, energy balance 1982-2025 (toe units)","sheet 104, item 76 鐵路, column 總計",https://ea01.moeaea.gov.tw/a0303/02/publication/annually/,downloaded,
transport_mode_rail,Transport: Rail,運輸：鐵路,history,2016,1.576,TWh,Taiwan (national),moeaea_energy_balance,"Energy Administration, energy balance 1982-2025 (toe units)","sheet 105, item 76 鐵路, column 總計",https://ea01.moeaea.gov.tw/a0303/02/publication/annually/,downloaded,
transport_mode_rail,Transport: Rail,運輸：鐵路,history,2017,1.6234,TWh,Taiwan (national),moeaea_energy_balance,"Energy Administration, energy balance 1982-2025 (toe units)","sheet 106, item 76 鐵路, column 總計",https://ea01.moeaea.gov.tw/a0303/02/publication/annually/,downloaded,
transport_mode_rail,Transport: Rail,運輸：鐵路,history,2018,1.6422,TWh,Taiwan (national),moeaea_energy_balance,"Energy Administration, energy balance 1982-2025 (toe units)","sheet 107, item 76 鐵路, column 總計",https://ea01.moeaea.gov.tw/a0303/02/publication/annually/,downloaded,
transport_mode_rail,Transport: Rail,運輸：鐵路,history,2019,1.6663,TWh,Taiwan (national),moeaea_energy_balance,"Energy Administration, energy balance 1982-2025 (toe units)","sheet 108, item 76 鐵路, column 總計",https://ea01.moeaea.gov.tw/a0303/02/publication/annually/,downloaded,
transport_mode_rail,Transport: Rail,運輸：鐵路,history,2020,1.6529,TWh,Taiwan (national),moeaea_energy_balance,"Energy Administration, energy balance 1982-2025 (toe units)","sheet 109, item 76 鐵路, column 總計",https://ea01.moeaea.gov.tw/a0303/02/publication/annually/,downloaded,
transport_mode_rail,Transport: Rail,運輸：鐵路,history,2021,1.5266,TWh,Taiwan (national),moeaea_energy_balance,"Energy Administration, energy balance 1982-2025 (toe units)","sheet 110, item 76 鐵路, column 總計",https://ea01.moeaea.gov.tw/a0303/02/publication/annually/,downloaded,
transport_mode_rail,Transport: Rail,運輸：鐵路,history,2022,1.5825,TWh,Taiwan (national),moeaea_energy_balance,"Energy Administration, energy balance 1982-2025 (toe units)","sheet 111, item 76 鐵路, column 總計",https://ea01.moeaea.gov.tw/a0303/02/publication/annually/,downloaded,
transport_mode_rail,Transport: Rail,運輸：鐵路,history,2023,1.6509,TWh,Taiwan (national),moeaea_energy_balance,"Energy Administration, energy balance 1982-2025 (toe units)","sheet 112, item 76 鐵路, column 總計",https://ea01.moeaea.gov.tw/a0303/02/publication/annually/,downloaded,
transport_mode_rail,Transport: Rail,運輸：鐵路,history,2024,1.5862,TWh,Taiwan (national),moeaea_energy_balance,"Energy Administration, energy balance 1982-2025 (toe units)","sheet 113, item 76 鐵路, column 總計",https://ea01.moeaea.gov.tw/a0303/02/publication/annually/,downloaded,
transport_mode_rail,Transport: Rail,運輸：鐵路,history,2025,1.6082,TWh,Taiwan (national),moeaea_energy_balance,"Energy Administration, energy balance 1982-2025 (toe units)","sheet 114, item 76 鐵路, column 總計",https://ea01.moeaea.gov.tw/a0303/02/publication/annually/,downloaded,
transport_mode_road,Transport: Road,運輸：公路,history,2005,137.5257,TWh,Taiwan (national),moeaea_energy_balance,"Energy Administration, energy balance 1982-2025 (toe units)","sheet 094, item 75 公路, column 總計",https://ea01.moeaea.gov.tw/a0303/02/publication/annually/,downloaded,
transport_mode_road,Transport: Road,運輸：公路,history,2006,137.6677,TWh,Taiwan (national),moeaea_energy_balance,"Energy Administration, energy balance 1982-2025 (toe units)","sheet 095, item 75 公路, column 總計",https://ea01.moeaea.gov.tw/a0303/02/publication/annually/,downloaded,
transport_mode_road,Transport: Road,運輸：公路,history,2007,133.3354,TWh,Taiwan (national),moeaea_energy_balance,"Energy Administration, energy balance 1982-2025 (toe units)","sheet 096, item 75 公路, column 總計",https://ea01.moeaea.gov.tw/a0303/02/publication/annually/,downloaded,
transport_mode_road,Transport: Road,運輸：公路,history,2008,126.1094,TWh,Taiwan (national),moeaea_energy_balance,"Energy Administration, energy balance 1982-2025 (toe units)","sheet 097, item 75 公路, column 總計",https://ea01.moeaea.gov.tw/a0303/02/publication/annually/,downloaded,
transport_mode_road,Transport: Road,運輸：公路,history,2009,127.6817,TWh,Taiwan (national),moeaea_energy_balance,"Energy Administration, energy balance 1982-2025 (toe units)","sheet 098, item 75 公路, column 總計",https://ea01.moeaea.gov.tw/a0303/02/publication/annually/,downloaded,
transport_mode_road,Transport: Road,運輸：公路,history,2010,131.6889,TWh,Taiwan (national),moeaea_energy_balance,"Energy Administration, energy balance 1982-2025 (toe units)","sheet 099, item 75 公路, column 總計",https://ea01.moeaea.gov.tw/a0303/02/publication/annually/,downloaded,
transport_mode_road,Transport: Road,運輸：公路,history,2011,133.6807,TWh,Taiwan (national),moeaea_energy_balance,"Energy Administration, energy balance 1982-2025 (toe units)","sheet 100, item 75 公路, column 總計",https://ea01.moeaea.gov.tw/a0303/02/publication/annually/,downloaded,
transport_mode_road,Transport: Road,運輸：公路,history,2012,131.9269,TWh,Taiwan (national),moeaea_energy_balance,"Energy Administration, energy balance 1982-2025 (toe units)","sheet 101, item 75 公路, column 總計",https://ea01.moeaea.gov.tw/a0303/02/publication/annually/,downloaded,
transport_mode_road,Transport: Road,運輸：公路,history,2013,131.8932,TWh,Taiwan (national),moeaea_energy_balance,"Energy Administration, energy balance 1982-2025 (toe units)","sheet 102, item 75 公路, column 總計",https://ea01.moeaea.gov.tw/a0303/02/publication/annually/,downloaded,
transport_mode_road,Transport: Road,運輸：公路,history,2014,133.1954,TWh,Taiwan (national),moeaea_energy_balance,"Energy Administration, energy balance 1982-2025 (toe units)","sheet 103, item 75 公路, column 總計",https://ea01.moeaea.gov.tw/a0303/02/publication/annually/,downloaded,
transport_mode_road,Transport: Road,運輸：公路,history,2015,136.6278,TWh,Taiwan (national),moeaea_energy_balance,"Energy Administration, energy balance 1982-2025 (toe units)","sheet 104, item 75 公路, column 總計",https://ea01.moeaea.gov.tw/a0303/02/publication/annually/,downloaded,
transport_mode_road,Transport: Road,運輸：公路,history,2016,140.221,TWh,Taiwan (national),moeaea_energy_balance,"Energy Administration, energy balance 1982-2025 (toe units)","sheet 105, item 75 公路, column 總計",https://ea01.moeaea.gov.tw/a0303/02/publication/annually/,downloaded,
transport_mode_road,Transport: Road,運輸：公路,history,2017,138.4926,TWh,Taiwan (national),moeaea_energy_balance,"Energy Administration, energy balance 1982-2025 (toe units)","sheet 106, item 75 公路, column 總計",https://ea01.moeaea.gov.tw/a0303/02/publication/annually/,downloaded,
transport_mode_road,Transport: Road,運輸：公路,history,2018,136.0091,TWh,Taiwan (national),moeaea_energy_balance,"Energy Administration, energy balance 1982-2025 (toe units)","sheet 107, item 75 公路, column 總計",https://ea01.moeaea.gov.tw/a0303/02/publication/annually/,downloaded,
transport_mode_road,Transport: Road,運輸：公路,history,2019,136.9401,TWh,Taiwan (national),moeaea_energy_balance,"Energy Administration, energy balance 1982-2025 (toe units)","sheet 108, item 75 公路, column 總計",https://ea01.moeaea.gov.tw/a0303/02/publication/annually/,downloaded,
transport_mode_road,Transport: Road,運輸：公路,history,2020,138.2831,TWh,Taiwan (national),moeaea_energy_balance,"Energy Administration, energy balance 1982-2025 (toe units)","sheet 109, item 75 公路, column 總計",https://ea01.moeaea.gov.tw/a0303/02/publication/annually/,downloaded,
transport_mode_road,Transport: Road,運輸：公路,history,2021,130.8855,TWh,Taiwan (national),moeaea_energy_balance,"Energy Administration, energy balance 1982-2025 (toe units)","sheet 110, item 75 公路, column 總計",https://ea01.moeaea.gov.tw/a0303/02/publication/annually/,downloaded,
transport_mode_road,Transport: Road,運輸：公路,history,2022,133.7378,TWh,Taiwan (national),moeaea_energy_balance,"Energy Administration, energy balance 1982-2025 (toe units)","sheet 111, item 75 公路, column 總計",https://ea01.moeaea.gov.tw/a0303/02/publication/annually/,downloaded,
transport_mode_road,Transport: Road,運輸：公路,history,2023,133.8206,TWh,Taiwan (national),moeaea_energy_balance,"Energy Administration, energy balance 1982-2025 (toe units)","sheet 112, item 75 公路, column 總計",https://ea01.moeaea.gov.tw/a0303/02/publication/annually/,downloaded,
transport_mode_road,Transport: Road,運輸：公路,history,2024,130.9841,TWh,Taiwan (national),moeaea_energy_balance,"Energy Administration, energy balance 1982-2025 (toe units)","sheet 113, item 75 公路, column 總計",https://ea01.moeaea.gov.tw/a0303/02/publication/annually/,downloaded,
transport_mode_road,Transport: Road,運輸：公路,history,2025,129.2086,TWh,Taiwan (national),moeaea_energy_balance,"Energy Administration, energy balance 1982-2025 (toe units)","sheet 114, item 75 公路, column 總計",https://ea01.moeaea.gov.tw/a0303/02/publication/annually/,downloaded,
